1739708209
[1,     1] loss: 2.2727 acc: 25.0000
[1,     2] loss: 2.1468 acc: 50.0000
[1,     3] loss: 2.2610 acc: 33.3333
[1,     4] loss: 2.3213 acc: 25.0000
[1,     5] loss: 2.3393 acc: 20.0000
[1,     6] loss: 2.2556 acc: 20.8333
[1,     7] loss: 2.2334 acc: 21.4286
[1,     8] loss: 2.3000 acc: 18.7500
[1,     9] loss: 2.3246 acc: 16.6667
[1,    10] loss: 2.3470 acc: 15.0000
[1,    11] loss: 2.3656 acc: 13.6364
[1,    12] loss: 2.3092 acc: 12.5000
[1,    13] loss: 2.3176 acc: 13.4615
[1,    14] loss: 2.3078 acc: 12.5000
[1,    15] loss: 2.3239 acc: 11.6667
[1,    16] loss: 2.3300 acc: 10.9375
[1,    17] loss: 2.2451 acc: 13.2353
[1,    18] loss: 2.2777 acc: 13.8889
[1,    19] loss: 2.3229 acc: 13.1579
[1,    20] loss: 2.3378 acc: 12.5000
[1,    21] loss: 2.3306 acc: 11.9048
[1,    22] loss: 2.2351 acc: 12.5000
[1,    23] loss: 2.2749 acc: 13.0435
[1,    24] loss: 2.2240 acc: 13.5417
[1,    25] loss: 2.3054 acc: 13.0000
[1,    26] loss: 2.2978 acc: 12.5000
[1,    27] loss: 2.2730 acc: 12.9630
[1,    28] loss: 2.2570 acc: 13.3929
[1,    29] loss: 2.3136 acc: 12.9310
[1,    30] loss: 2.2865 acc: 12.5000
[1,    31] loss: 2.1502 acc: 13.7097
[1,    32] loss: 2.2722 acc: 13.2812
[2,     1] loss: 2.3507 acc: 0.0000
[2,     2] loss: 2.2828 acc: 12.5000
[2,     3] loss: 2.2889 acc: 8.3333
[2,     4] loss: 2.2853 acc: 12.5000
[2,     5] loss: 2.3159 acc: 10.0000
[2,     6] loss: 2.2573 acc: 12.5000
[2,     7] loss: 2.3125 acc: 10.7143
[2,     8] loss: 2.2833 acc: 9.3750
[2,     9] loss: 2.2876 acc: 8.3333
[2,    10] loss: 2.3111 acc: 7.5000
[2,    11] loss: 2.3089 acc: 9.0909
[2,    12] loss: 2.2634 acc: 12.5000
[2,    13] loss: 2.2900 acc: 11.5385
[2,    14] loss: 2.2899 acc: 12.5000
[2,    15] loss: 2.3205 acc: 11.6667
[2,    16] loss: 2.3166 acc: 12.5000
[2,    17] loss: 2.2493 acc: 13.2353
[2,    18] loss: 2.3380 acc: 12.5000
[2,    19] loss: 2.3101 acc: 13.1579
[2,    20] loss: 2.2512 acc: 13.7500
[2,    21] loss: 2.3268 acc: 13.0952
[2,    22] loss: 2.1725 acc: 14.7727
[2,    23] loss: 2.2552 acc: 15.2174
[2,    24] loss: 2.2298 acc: 15.6250
[2,    25] loss: 2.2692 acc: 16.0000
[2,    26] loss: 2.2693 acc: 15.3846
[2,    27] loss: 2.2326 acc: 15.7407
[2,    28] loss: 2.2933 acc: 15.1786
[2,    29] loss: 2.2534 acc: 15.5172
[2,    30] loss: 2.3438 acc: 15.0000
[2,    31] loss: 2.2264 acc: 15.3226
[2,    32] loss: 2.2153 acc: 15.6250
[3,     1] loss: 2.1898 acc: 25.0000
[3,     2] loss: 2.3245 acc: 12.5000
[3,     3] loss: 2.2414 acc: 25.0000
[3,     4] loss: 2.2781 acc: 18.7500
[3,     5] loss: 2.2831 acc: 15.0000
[3,     6] loss: 2.3569 acc: 12.5000
[3,     7] loss: 2.2761 acc: 10.7143
[3,     8] loss: 2.2145 acc: 12.5000
[3,     9] loss: 2.2098 acc: 16.6667
[3,    10] loss: 2.3444 acc: 15.0000
[3,    11] loss: 2.3468 acc: 13.6364
[3,    12] loss: 2.2895 acc: 12.5000
[3,    13] loss: 2.2641 acc: 11.5385
[3,    14] loss: 2.2173 acc: 12.5000
[3,    15] loss: 2.2465 acc: 11.6667
[3,    16] loss: 2.3022 acc: 10.9375
[3,    17] loss: 2.2972 acc: 10.2941
[3,    18] loss: 2.1426 acc: 11.1111
[3,    19] loss: 2.3172 acc: 10.5263
[3,    20] loss: 2.1799 acc: 12.5000
[3,    21] loss: 2.2181 acc: 13.0952
[3,    22] loss: 2.2971 acc: 13.6364
[3,    23] loss: 2.2627 acc: 13.0435
[3,    24] loss: 2.3246 acc: 12.5000
[3,    25] loss: 2.1774 acc: 14.0000
[3,    26] loss: 2.2287 acc: 14.4231
[3,    27] loss: 2.2192 acc: 13.8889
[3,    28] loss: 2.3401 acc: 13.3929
[3,    29] loss: 2.2622 acc: 12.9310
[3,    30] loss: 2.2439 acc: 13.3333
[3,    31] loss: 2.2815 acc: 13.7097
[3,    32] loss: 2.2819 acc: 13.2812
[4,     1] loss: 2.2762 acc: 0.0000
[4,     2] loss: 2.2957 acc: 0.0000
[4,     3] loss: 2.3206 acc: 0.0000
[4,     4] loss: 2.2045 acc: 6.2500
[4,     5] loss: 2.2588 acc: 10.0000
[4,     6] loss: 2.3157 acc: 8.3333
[4,     7] loss: 2.2284 acc: 10.7143
[4,     8] loss: 2.2465 acc: 15.6250
[4,     9] loss: 2.2427 acc: 16.6667
[4,    10] loss: 2.2977 acc: 17.5000
[4,    11] loss: 2.1804 acc: 20.4545
[4,    12] loss: 2.3023 acc: 18.7500
[4,    13] loss: 2.3127 acc: 17.3077
[4,    14] loss: 2.1168 acc: 21.4286
[4,    15] loss: 2.3041 acc: 20.0000
[4,    16] loss: 2.1861 acc: 21.8750
[4,    17] loss: 2.2372 acc: 23.5294
[4,    18] loss: 2.2140 acc: 23.6111
[4,    19] loss: 2.2063 acc: 23.6842
[4,    20] loss: 2.3041 acc: 22.5000
[4,    21] loss: 2.2904 acc: 22.6190
[4,    22] loss: 2.2534 acc: 22.7273
[4,    23] loss: 2.2614 acc: 21.7391
[4,    24] loss: 2.2406 acc: 20.8333
[4,    25] loss: 2.2275 acc: 22.0000
[4,    26] loss: 2.2668 acc: 23.0769
[4,    27] loss: 2.3249 acc: 22.2222
[4,    28] loss: 2.2196 acc: 22.3214
[4,    29] loss: 2.2785 acc: 21.5517
[4,    30] loss: 2.1820 acc: 22.5000
[4,    31] loss: 2.2568 acc: 23.3871
[4,    32] loss: 2.2337 acc: 23.4375
[5,     1] loss: 2.2286 acc: 50.0000
[5,     2] loss: 2.2275 acc: 37.5000
[5,     3] loss: 2.1290 acc: 50.0000
[5,     4] loss: 2.2617 acc: 37.5000
[5,     5] loss: 2.2940 acc: 30.0000
[5,     6] loss: 2.2902 acc: 25.0000
[5,     7] loss: 2.2570 acc: 25.0000
[5,     8] loss: 2.2953 acc: 21.8750
[5,     9] loss: 2.2902 acc: 19.4444
[5,    10] loss: 2.3073 acc: 17.5000
[5,    11] loss: 2.2239 acc: 20.4545
[5,    12] loss: 2.2715 acc: 18.7500
[5,    13] loss: 2.2043 acc: 17.3077
[5,    14] loss: 2.2559 acc: 17.8571
[5,    15] loss: 2.2934 acc: 16.6667
[5,    16] loss: 2.2630 acc: 17.1875
[5,    17] loss: 2.1961 acc: 17.6471
[5,    18] loss: 2.3423 acc: 16.6667
[5,    19] loss: 2.3198 acc: 15.7895
[5,    20] loss: 2.2061 acc: 16.2500
[5,    21] loss: 2.2584 acc: 16.6667
[5,    22] loss: 2.1881 acc: 18.1818
[5,    23] loss: 2.2059 acc: 18.4783
[5,    24] loss: 2.1178 acc: 19.7917
[5,    25] loss: 2.2005 acc: 20.0000
[5,    26] loss: 2.2778 acc: 20.1923
[5,    27] loss: 2.3170 acc: 19.4444
[5,    28] loss: 2.3189 acc: 19.6429
[5,    29] loss: 2.2958 acc: 18.9655
[5,    30] loss: 2.1361 acc: 20.0000
[5,    31] loss: 2.2474 acc: 20.9677
[5,    32] loss: 2.3181 acc: 20.3125
[6,     1] loss: 2.2834 acc: 0.0000
[6,     2] loss: 2.1004 acc: 37.5000
[6,     3] loss: 2.2800 acc: 25.0000
[6,     4] loss: 2.3102 acc: 18.7500
[6,     5] loss: 2.2389 acc: 20.0000
[6,     6] loss: 2.2317 acc: 20.8333
[6,     7] loss: 2.3052 acc: 17.8571
[6,     8] loss: 2.1698 acc: 21.8750
[6,     9] loss: 2.2358 acc: 22.2222
[6,    10] loss: 2.2493 acc: 20.0000
[6,    11] loss: 2.2675 acc: 20.4545
[6,    12] loss: 2.2831 acc: 20.8333
[6,    13] loss: 2.1019 acc: 23.0769
[6,    14] loss: 2.3331 acc: 21.4286
[6,    15] loss: 2.2732 acc: 20.0000
[6,    16] loss: 2.3163 acc: 18.7500
[6,    17] loss: 2.1853 acc: 19.1176
[6,    18] loss: 2.2551 acc: 19.4444
[6,    19] loss: 2.1707 acc: 21.0526
[6,    20] loss: 2.2836 acc: 21.2500
[6,    21] loss: 2.1242 acc: 23.8095
[6,    22] loss: 2.2156 acc: 25.0000
[6,    23] loss: 2.2872 acc: 23.9130
[6,    24] loss: 2.2095 acc: 25.0000
[6,    25] loss: 2.2867 acc: 25.0000
[6,    26] loss: 2.2595 acc: 25.0000
[6,    27] loss: 2.2032 acc: 25.0000
[6,    28] loss: 2.1616 acc: 25.8929
[6,    29] loss: 2.2596 acc: 25.0000
[6,    30] loss: 2.2271 acc: 25.0000
[6,    31] loss: 2.2198 acc: 25.0000
[6,    32] loss: 2.1479 acc: 25.7812
[7,     1] loss: 2.2234 acc: 25.0000
[7,     2] loss: 2.1879 acc: 25.0000
[7,     3] loss: 2.2677 acc: 25.0000
[7,     4] loss: 2.2054 acc: 25.0000
[7,     5] loss: 2.2254 acc: 30.0000
[7,     6] loss: 2.1384 acc: 37.5000
[7,     7] loss: 2.2392 acc: 35.7143
[7,     8] loss: 2.2300 acc: 34.3750
[7,     9] loss: 2.1674 acc: 33.3333
[7,    10] loss: 2.2057 acc: 32.5000
[7,    11] loss: 2.1787 acc: 36.3636
[7,    12] loss: 2.2476 acc: 35.4167
[7,    13] loss: 2.3095 acc: 32.6923
[7,    14] loss: 2.2889 acc: 30.3571
[7,    15] loss: 2.2230 acc: 31.6667
[7,    16] loss: 2.2044 acc: 32.8125
[7,    17] loss: 2.1891 acc: 32.3529
[7,    18] loss: 2.2906 acc: 30.5556
[7,    19] loss: 2.1852 acc: 30.2632
[7,    20] loss: 2.2719 acc: 30.0000
[7,    21] loss: 2.2427 acc: 29.7619
[7,    22] loss: 2.2872 acc: 28.4091
[7,    23] loss: 2.1684 acc: 30.4348
[7,    24] loss: 2.2716 acc: 29.1667
[7,    25] loss: 2.1784 acc: 31.0000
[7,    26] loss: 2.2586 acc: 30.7692
[7,    27] loss: 2.2073 acc: 30.5556
[7,    28] loss: 2.2758 acc: 29.4643
[7,    29] loss: 2.3049 acc: 29.3103
[7,    30] loss: 2.3085 acc: 29.1667
[7,    31] loss: 2.2356 acc: 29.0323
[7,    32] loss: 2.0898 acc: 30.4688
[8,     1] loss: 2.1916 acc: 25.0000
[8,     2] loss: 2.2165 acc: 25.0000
[8,     3] loss: 2.1701 acc: 33.3333
[8,     4] loss: 2.2677 acc: 31.2500
[8,     5] loss: 2.2645 acc: 30.0000
[8,     6] loss: 2.2574 acc: 29.1667
[8,     7] loss: 2.1946 acc: 25.0000
[8,     8] loss: 2.2535 acc: 28.1250
[8,     9] loss: 2.2776 acc: 25.0000
[8,    10] loss: 2.1741 acc: 27.5000
[8,    11] loss: 2.2488 acc: 29.5455
[8,    12] loss: 2.1700 acc: 29.1667
[8,    13] loss: 2.2660 acc: 26.9231
[8,    14] loss: 2.2027 acc: 28.5714
[8,    15] loss: 2.2745 acc: 26.6667
[8,    16] loss: 2.3292 acc: 25.0000
[8,    17] loss: 2.1896 acc: 26.4706
[8,    18] loss: 2.2839 acc: 26.3889
[8,    19] loss: 2.1684 acc: 26.3158
[8,    20] loss: 2.2204 acc: 27.5000
[8,    21] loss: 2.2582 acc: 27.3810
[8,    22] loss: 2.1961 acc: 27.2727
[8,    23] loss: 2.1799 acc: 28.2609
[8,    24] loss: 2.2422 acc: 28.1250
[8,    25] loss: 2.3092 acc: 27.0000
[8,    26] loss: 2.2501 acc: 26.9231
[8,    27] loss: 2.2973 acc: 26.8519
[8,    28] loss: 2.2761 acc: 25.8929
[8,    29] loss: 2.2504 acc: 25.8621
[8,    30] loss: 2.1558 acc: 25.8333
[8,    31] loss: 2.1777 acc: 26.6129
[8,    32] loss: 2.2622 acc: 25.7812
[9,     1] loss: 2.2057 acc: 50.0000
[9,     2] loss: 2.1774 acc: 50.0000
[9,     3] loss: 2.1550 acc: 50.0000
[9,     4] loss: 2.1505 acc: 56.2500
[9,     5] loss: 2.2966 acc: 50.0000
[9,     6] loss: 2.2538 acc: 41.6667
[9,     7] loss: 2.1867 acc: 39.2857
[9,     8] loss: 2.2206 acc: 40.6250
[9,     9] loss: 2.2342 acc: 38.8889
[9,    10] loss: 2.2589 acc: 35.0000
[9,    11] loss: 2.2507 acc: 31.8182
[9,    12] loss: 2.2988 acc: 29.1667
[9,    13] loss: 2.0612 acc: 34.6154
[9,    14] loss: 2.1003 acc: 37.5000
[9,    15] loss: 2.3546 acc: 35.0000
[9,    16] loss: 2.2311 acc: 34.3750
[9,    17] loss: 2.2869 acc: 33.8235
[9,    18] loss: 2.1713 acc: 36.1111
[9,    19] loss: 2.3464 acc: 34.2105
[9,    20] loss: 2.1730 acc: 33.7500
[9,    21] loss: 2.2909 acc: 33.3333
[9,    22] loss: 2.2840 acc: 31.8182
[9,    23] loss: 2.2684 acc: 30.4348
[9,    24] loss: 2.2052 acc: 30.2083
[9,    25] loss: 2.2703 acc: 30.0000
[9,    26] loss: 2.1752 acc: 30.7692
[9,    27] loss: 2.1678 acc: 31.4815
[9,    28] loss: 2.2205 acc: 32.1429
[9,    29] loss: 2.3148 acc: 31.8966
[9,    30] loss: 2.1700 acc: 32.5000
[9,    31] loss: 2.1639 acc: 33.0645
[9,    32] loss: 2.1509 acc: 33.5938
[10,     1] loss: 2.2191 acc: 75.0000
[10,     2] loss: 2.2567 acc: 50.0000
[10,     3] loss: 2.2303 acc: 41.6667
[10,     4] loss: 2.1979 acc: 37.5000
[10,     5] loss: 2.1874 acc: 40.0000
[10,     6] loss: 2.1908 acc: 37.5000
[10,     7] loss: 2.2987 acc: 32.1429
[10,     8] loss: 2.1503 acc: 34.3750
[10,     9] loss: 2.1565 acc: 36.1111
[10,    10] loss: 2.3374 acc: 32.5000
[10,    11] loss: 2.2542 acc: 29.5455
[10,    12] loss: 2.2472 acc: 31.2500
[10,    13] loss: 2.2569 acc: 30.7692
[10,    14] loss: 2.2004 acc: 30.3571
[10,    15] loss: 2.2213 acc: 31.6667
[10,    16] loss: 2.2686 acc: 31.2500
[10,    17] loss: 2.1448 acc: 32.3529
[10,    18] loss: 2.2229 acc: 31.9444
[10,    19] loss: 2.1825 acc: 32.8947
[10,    20] loss: 2.2509 acc: 32.5000
[10,    21] loss: 2.1599 acc: 34.5238
[10,    22] loss: 2.2434 acc: 32.9545
[10,    23] loss: 2.2130 acc: 32.6087
[10,    24] loss: 2.2400 acc: 32.2917
[10,    25] loss: 2.2784 acc: 31.0000
[10,    26] loss: 2.2738 acc: 30.7692
[10,    27] loss: 2.2783 acc: 29.6296
[10,    28] loss: 2.1633 acc: 31.2500
[10,    29] loss: 2.2307 acc: 31.0345
[10,    30] loss: 2.2478 acc: 30.0000
[10,    31] loss: 2.1813 acc: 29.8387
[10,    32] loss: 2.1769 acc: 30.4688
[11,     1] loss: 2.1239 acc: 50.0000
[11,     2] loss: 2.2735 acc: 37.5000
[11,     3] loss: 2.2513 acc: 33.3333
[11,     4] loss: 2.2430 acc: 25.0000
[11,     5] loss: 2.1167 acc: 30.0000
[11,     6] loss: 2.3265 acc: 25.0000
[11,     7] loss: 2.2699 acc: 25.0000
[11,     8] loss: 2.3069 acc: 21.8750
[11,     9] loss: 2.2362 acc: 22.2222
[11,    10] loss: 2.2543 acc: 20.0000
[11,    11] loss: 2.2549 acc: 20.4545
[11,    12] loss: 2.2275 acc: 20.8333
[11,    13] loss: 2.3066 acc: 21.1538
[11,    14] loss: 2.1968 acc: 21.4286
[11,    15] loss: 2.2558 acc: 21.6667
[11,    16] loss: 2.1844 acc: 23.4375
[11,    17] loss: 2.2825 acc: 22.0588
[11,    18] loss: 2.2612 acc: 20.8333
[11,    19] loss: 2.2474 acc: 21.0526
[11,    20] loss: 2.1965 acc: 21.2500
[11,    21] loss: 2.2293 acc: 22.6190
[11,    22] loss: 2.2632 acc: 22.7273
[11,    23] loss: 2.1719 acc: 23.9130
[11,    24] loss: 2.2860 acc: 22.9167
[11,    25] loss: 2.2640 acc: 22.0000
[11,    26] loss: 2.2316 acc: 23.0769
[11,    27] loss: 2.2616 acc: 23.1481
[11,    28] loss: 2.2899 acc: 22.3214
[11,    29] loss: 2.1939 acc: 21.5517
[11,    30] loss: 2.2287 acc: 21.6667
[11,    31] loss: 2.0929 acc: 22.5806
[11,    32] loss: 2.2864 acc: 21.8750
[12,     1] loss: 2.3040 acc: 0.0000
[12,     2] loss: 2.1161 acc: 25.0000
[12,     3] loss: 2.2037 acc: 25.0000
[12,     4] loss: 2.2391 acc: 25.0000
[12,     5] loss: 2.3147 acc: 20.0000
[12,     6] loss: 2.2536 acc: 20.8333
[12,     7] loss: 2.1835 acc: 28.5714
[12,     8] loss: 2.2063 acc: 28.1250
[12,     9] loss: 2.2021 acc: 25.0000
[12,    10] loss: 2.1409 acc: 25.0000
[12,    11] loss: 2.2018 acc: 27.2727
[12,    12] loss: 2.2708 acc: 27.0833
[12,    13] loss: 2.3102 acc: 25.0000
[12,    14] loss: 2.2510 acc: 25.0000
[12,    15] loss: 2.2910 acc: 23.3333
[12,    16] loss: 2.3160 acc: 21.8750
[12,    17] loss: 2.1506 acc: 23.5294
[12,    18] loss: 2.2683 acc: 22.2222
[12,    19] loss: 2.3225 acc: 21.0526
[12,    20] loss: 2.1292 acc: 23.7500
[12,    21] loss: 2.2309 acc: 25.0000
[12,    22] loss: 2.3034 acc: 25.0000
[12,    23] loss: 2.1792 acc: 26.0870
[12,    24] loss: 2.2118 acc: 26.0417
[12,    25] loss: 2.2209 acc: 27.0000
[12,    26] loss: 2.1991 acc: 26.9231
[12,    27] loss: 2.1891 acc: 27.7778
[12,    28] loss: 2.0964 acc: 29.4643
[12,    29] loss: 2.2406 acc: 29.3103
[12,    30] loss: 2.1768 acc: 29.1667
[12,    31] loss: 2.2744 acc: 29.0323
[12,    32] loss: 2.1992 acc: 28.9062
[13,     1] loss: 2.2003 acc: 25.0000
[13,     2] loss: 2.1900 acc: 50.0000
[13,     3] loss: 2.1005 acc: 50.0000
[13,     4] loss: 2.1634 acc: 50.0000
[13,     5] loss: 2.2577 acc: 45.0000
[13,     6] loss: 2.2842 acc: 37.5000
[13,     7] loss: 2.2314 acc: 35.7143
[13,     8] loss: 2.2273 acc: 34.3750
[13,     9] loss: 2.2412 acc: 33.3333
[13,    10] loss: 2.1777 acc: 32.5000
[13,    11] loss: 2.2864 acc: 29.5455
[13,    12] loss: 2.3211 acc: 27.0833
[13,    13] loss: 2.3253 acc: 25.0000
[13,    14] loss: 2.2139 acc: 26.7857
[13,    15] loss: 2.1351 acc: 26.6667
[13,    16] loss: 2.1953 acc: 28.1250
[13,    17] loss: 2.1890 acc: 27.9412
[13,    18] loss: 2.0939 acc: 29.1667
[13,    19] loss: 2.2605 acc: 27.6316
[13,    20] loss: 2.3237 acc: 26.2500
[13,    21] loss: 2.1200 acc: 27.3810
[13,    22] loss: 2.1300 acc: 28.4091
[13,    23] loss: 2.2616 acc: 28.2609
[13,    24] loss: 2.2827 acc: 28.1250
[13,    25] loss: 2.2576 acc: 28.0000
[13,    26] loss: 2.2298 acc: 27.8846
[13,    27] loss: 2.2592 acc: 28.7037
[13,    28] loss: 2.2922 acc: 28.5714
[13,    29] loss: 2.1892 acc: 29.3103
[13,    30] loss: 2.3074 acc: 29.1667
[13,    31] loss: 2.1634 acc: 30.6452
[13,    32] loss: 2.2093 acc: 30.4688
[14,     1] loss: 2.2753 acc: 25.0000
[14,     2] loss: 2.1781 acc: 12.5000
[14,     3] loss: 2.2003 acc: 25.0000
[14,     4] loss: 2.1474 acc: 31.2500
[14,     5] loss: 2.2001 acc: 30.0000
[14,     6] loss: 2.2257 acc: 25.0000
[14,     7] loss: 2.0662 acc: 32.1429
[14,     8] loss: 2.3030 acc: 28.1250
[14,     9] loss: 2.1781 acc: 27.7778
[14,    10] loss: 2.1782 acc: 27.5000
[14,    11] loss: 2.2656 acc: 27.2727
[14,    12] loss: 2.1776 acc: 29.1667
[14,    13] loss: 2.1876 acc: 30.7692
[14,    14] loss: 2.2594 acc: 30.3571
[14,    15] loss: 2.1994 acc: 31.6667
[14,    16] loss: 2.1181 acc: 32.8125
[14,    17] loss: 2.2229 acc: 33.8235
[14,    18] loss: 2.0614 acc: 34.7222
[14,    19] loss: 2.3187 acc: 32.8947
[14,    20] loss: 2.2520 acc: 31.2500
[14,    21] loss: 2.2520 acc: 32.1429
[14,    22] loss: 2.1714 acc: 34.0909
[14,    23] loss: 2.1031 acc: 35.8696
[14,    24] loss: 2.2302 acc: 36.4583
[14,    25] loss: 2.2633 acc: 35.0000
[14,    26] loss: 2.2628 acc: 33.6538
[14,    27] loss: 2.1898 acc: 34.2593
[14,    28] loss: 2.3339 acc: 33.0357
[14,    29] loss: 2.3015 acc: 31.8966
[14,    30] loss: 2.1999 acc: 32.5000
[14,    31] loss: 2.1505 acc: 32.2581
[14,    32] loss: 2.2507 acc: 31.2500
[15,     1] loss: 2.1836 acc: 50.0000
[15,     2] loss: 2.2815 acc: 37.5000
[15,     3] loss: 2.0741 acc: 50.0000
[15,     4] loss: 2.2534 acc: 43.7500
[15,     5] loss: 2.2687 acc: 40.0000
[15,     6] loss: 2.2504 acc: 37.5000
[15,     7] loss: 2.1209 acc: 42.8571
[15,     8] loss: 2.2183 acc: 43.7500
[15,     9] loss: 2.3332 acc: 38.8889
[15,    10] loss: 2.2045 acc: 35.0000
[15,    11] loss: 2.1242 acc: 38.6364
[15,    12] loss: 2.2007 acc: 37.5000
[15,    13] loss: 2.2508 acc: 36.5385
[15,    14] loss: 2.1772 acc: 35.7143
[15,    15] loss: 2.2643 acc: 35.0000
[15,    16] loss: 2.1723 acc: 35.9375
[15,    17] loss: 2.1605 acc: 38.2353
[15,    18] loss: 2.2235 acc: 37.5000
[15,    19] loss: 2.2406 acc: 36.8421
[15,    20] loss: 2.2110 acc: 37.5000
[15,    21] loss: 2.0683 acc: 39.2857
[15,    22] loss: 2.2670 acc: 37.5000
[15,    23] loss: 2.2115 acc: 38.0435
[15,    24] loss: 2.2917 acc: 36.4583
[15,    25] loss: 2.2436 acc: 35.0000
[15,    26] loss: 2.1378 acc: 35.5769
[15,    27] loss: 2.1942 acc: 36.1111
[15,    28] loss: 2.1681 acc: 36.6071
[15,    29] loss: 2.0910 acc: 37.0690
[15,    30] loss: 2.2405 acc: 36.6667
[15,    31] loss: 2.1923 acc: 37.0968
[15,    32] loss: 2.2938 acc: 35.9375
[16,     1] loss: 2.1121 acc: 50.0000
[16,     2] loss: 2.2116 acc: 37.5000
[16,     3] loss: 2.0789 acc: 33.3333
[16,     4] loss: 2.2319 acc: 25.0000
[16,     5] loss: 2.2727 acc: 20.0000
[16,     6] loss: 2.2611 acc: 16.6667
[16,     7] loss: 2.2081 acc: 17.8571
[16,     8] loss: 2.3126 acc: 15.6250
[16,     9] loss: 2.2574 acc: 13.8889
[16,    10] loss: 2.1473 acc: 17.5000
[16,    11] loss: 2.1751 acc: 18.1818
[16,    12] loss: 2.2603 acc: 18.7500
[16,    13] loss: 2.0912 acc: 23.0769
[16,    14] loss: 2.1305 acc: 25.0000
[16,    15] loss: 2.0760 acc: 26.6667
[16,    16] loss: 2.2897 acc: 26.5625
[16,    17] loss: 2.1319 acc: 27.9412
[16,    18] loss: 2.1613 acc: 30.5556
[16,    19] loss: 2.1784 acc: 31.5789
[16,    20] loss: 2.2556 acc: 31.2500
[16,    21] loss: 2.1651 acc: 32.1429
[16,    22] loss: 2.2576 acc: 31.8182
[16,    23] loss: 2.3098 acc: 30.4348
[16,    24] loss: 2.2636 acc: 30.2083
[16,    25] loss: 2.3056 acc: 29.0000
[16,    26] loss: 2.2530 acc: 28.8462
[16,    27] loss: 2.2539 acc: 27.7778
[16,    28] loss: 2.2533 acc: 26.7857
[16,    29] loss: 2.2534 acc: 26.7241
[16,    30] loss: 2.1662 acc: 26.6667
[16,    31] loss: 2.2091 acc: 26.6129
[16,    32] loss: 2.2245 acc: 27.3438
[17,     1] loss: 2.2082 acc: 25.0000
[17,     2] loss: 2.1692 acc: 37.5000
[17,     3] loss: 2.2145 acc: 41.6667
[17,     4] loss: 2.1893 acc: 37.5000
[17,     5] loss: 2.1040 acc: 45.0000
[17,     6] loss: 2.1869 acc: 41.6667
[17,     7] loss: 2.2928 acc: 35.7143
[17,     8] loss: 2.2493 acc: 34.3750
[17,     9] loss: 2.1424 acc: 36.1111
[17,    10] loss: 2.0392 acc: 37.5000
[17,    11] loss: 2.2399 acc: 36.3636
[17,    12] loss: 2.1917 acc: 37.5000
[17,    13] loss: 2.2176 acc: 36.5385
[17,    14] loss: 2.0796 acc: 37.5000
[17,    15] loss: 2.2128 acc: 36.6667
[17,    16] loss: 2.1563 acc: 35.9375
[17,    17] loss: 2.1116 acc: 36.7647
[17,    18] loss: 2.0871 acc: 37.5000
[17,    19] loss: 2.1201 acc: 36.8421
[17,    20] loss: 2.1717 acc: 38.7500
[17,    21] loss: 2.2896 acc: 38.0952
[17,    22] loss: 2.0897 acc: 39.7727
[17,    23] loss: 2.2095 acc: 39.1304
[17,    24] loss: 2.2006 acc: 38.5417
[17,    25] loss: 2.2779 acc: 38.0000
[17,    26] loss: 2.1826 acc: 38.4615
[17,    27] loss: 2.2466 acc: 37.9630
[17,    28] loss: 2.2473 acc: 37.5000
[17,    29] loss: 2.1924 acc: 37.9310
[17,    30] loss: 2.1250 acc: 38.3333
[17,    31] loss: 2.2604 acc: 37.9032
[17,    32] loss: 2.2380 acc: 36.7188
[18,     1] loss: 2.1751 acc: 25.0000
[18,     2] loss: 2.3152 acc: 12.5000
[18,     3] loss: 2.0773 acc: 25.0000
[18,     4] loss: 2.2203 acc: 25.0000
[18,     5] loss: 2.1790 acc: 25.0000
[18,     6] loss: 2.2552 acc: 25.0000
[18,     7] loss: 2.1421 acc: 28.5714
[18,     8] loss: 2.1407 acc: 31.2500
[18,     9] loss: 2.0927 acc: 36.1111
[18,    10] loss: 2.1362 acc: 40.0000
[18,    11] loss: 2.1808 acc: 40.9091
[18,    12] loss: 2.2812 acc: 37.5000
[18,    13] loss: 2.2278 acc: 36.5385
[18,    14] loss: 2.2902 acc: 35.7143
[18,    15] loss: 2.1943 acc: 35.0000
[18,    16] loss: 2.2265 acc: 34.3750
[18,    17] loss: 2.2067 acc: 33.8235
[18,    18] loss: 2.3299 acc: 31.9444
[18,    19] loss: 2.3363 acc: 30.2632
[18,    20] loss: 2.1710 acc: 30.0000
[18,    21] loss: 2.1873 acc: 30.9524
[18,    22] loss: 2.2123 acc: 29.5455
[18,    23] loss: 2.1677 acc: 29.3478
[18,    24] loss: 2.2336 acc: 30.2083
[18,    25] loss: 2.2652 acc: 29.0000
[18,    26] loss: 2.1523 acc: 29.8077
[18,    27] loss: 2.2933 acc: 28.7037
[18,    28] loss: 2.2792 acc: 27.6786
[18,    29] loss: 2.3171 acc: 26.7241
[18,    30] loss: 2.1021 acc: 27.5000
[18,    31] loss: 2.2964 acc: 27.4194
[18,    32] loss: 2.2927 acc: 27.3438
[19,     1] loss: 2.2113 acc: 50.0000
[19,     2] loss: 2.2285 acc: 50.0000
[19,     3] loss: 2.2208 acc: 41.6667
[19,     4] loss: 2.0929 acc: 50.0000
[19,     5] loss: 2.0995 acc: 55.0000
[19,     6] loss: 2.2497 acc: 45.8333
[19,     7] loss: 2.3341 acc: 39.2857
[19,     8] loss: 2.2676 acc: 37.5000
[19,     9] loss: 2.2247 acc: 36.1111
[19,    10] loss: 2.1717 acc: 35.0000
[19,    11] loss: 2.2921 acc: 31.8182
[19,    12] loss: 2.1901 acc: 31.2500
[19,    13] loss: 2.0944 acc: 32.6923
[19,    14] loss: 2.1598 acc: 32.1429
[19,    15] loss: 2.2100 acc: 31.6667
[19,    16] loss: 2.0313 acc: 34.3750
[19,    17] loss: 2.1346 acc: 35.2941
[19,    18] loss: 2.2085 acc: 34.7222
[19,    19] loss: 2.2394 acc: 34.2105
[19,    20] loss: 2.3198 acc: 32.5000
[19,    21] loss: 2.2692 acc: 32.1429
[19,    22] loss: 2.2481 acc: 30.6818
[19,    23] loss: 2.2045 acc: 31.5217
[19,    24] loss: 2.1665 acc: 32.2917
[19,    25] loss: 2.2829 acc: 32.0000
[19,    26] loss: 2.1728 acc: 32.6923
[19,    27] loss: 2.3213 acc: 31.4815
[19,    28] loss: 2.1341 acc: 31.2500
[19,    29] loss: 2.3032 acc: 30.1724
[19,    30] loss: 2.2036 acc: 30.8333
[19,    31] loss: 2.2591 acc: 31.4516
[19,    32] loss: 2.1853 acc: 32.0312
[20,     1] loss: 2.0874 acc: 75.0000
[20,     2] loss: 2.2539 acc: 62.5000
[20,     3] loss: 2.2242 acc: 58.3333
[20,     4] loss: 2.0094 acc: 68.7500
[20,     5] loss: 2.2573 acc: 60.0000
[20,     6] loss: 2.2919 acc: 50.0000
[20,     7] loss: 2.2986 acc: 42.8571
[20,     8] loss: 2.0791 acc: 43.7500
[20,     9] loss: 2.1447 acc: 47.2222
[20,    10] loss: 2.3101 acc: 42.5000
[20,    11] loss: 2.2187 acc: 43.1818
[20,    12] loss: 2.1434 acc: 43.7500
[20,    13] loss: 2.2218 acc: 44.2308
[20,    14] loss: 2.2452 acc: 44.6429
[20,    15] loss: 2.1289 acc: 45.0000
[20,    16] loss: 2.2211 acc: 45.3125
[20,    17] loss: 2.2005 acc: 45.5882
[20,    18] loss: 2.1044 acc: 45.8333
[20,    19] loss: 2.2933 acc: 44.7368
[20,    20] loss: 2.2600 acc: 43.7500
[20,    21] loss: 2.1267 acc: 45.2381
[20,    22] loss: 2.3315 acc: 43.1818
[20,    23] loss: 2.1861 acc: 43.4783
[20,    24] loss: 2.1577 acc: 43.7500
[20,    25] loss: 2.1578 acc: 44.0000
[20,    26] loss: 2.3048 acc: 43.2692
[20,    27] loss: 2.1909 acc: 43.5185
[20,    28] loss: 2.0653 acc: 44.6429
[20,    29] loss: 2.2573 acc: 43.1034
[20,    30] loss: 2.2132 acc: 42.5000
[20,    31] loss: 2.2469 acc: 41.9355
[20,    32] loss: 2.2257 acc: 41.4062
[21,     1] loss: 2.2860 acc: 0.0000
[21,     2] loss: 2.2724 acc: 0.0000
[21,     3] loss: 2.2134 acc: 8.3333
[21,     4] loss: 2.2615 acc: 12.5000
[21,     5] loss: 2.2734 acc: 15.0000
[21,     6] loss: 2.1342 acc: 20.8333
[21,     7] loss: 2.1262 acc: 25.0000
[21,     8] loss: 2.1786 acc: 28.1250
[21,     9] loss: 2.1417 acc: 27.7778
[21,    10] loss: 2.2701 acc: 30.0000
[21,    11] loss: 2.2437 acc: 29.5455
[21,    12] loss: 2.2337 acc: 29.1667
[21,    13] loss: 2.1750 acc: 30.7692
[21,    14] loss: 2.2293 acc: 32.1429
[21,    15] loss: 2.2765 acc: 30.0000
[21,    16] loss: 2.1415 acc: 31.2500
[21,    17] loss: 2.2250 acc: 30.8824
[21,    18] loss: 2.2260 acc: 30.5556
[21,    19] loss: 2.2057 acc: 30.2632
[21,    20] loss: 2.2987 acc: 28.7500
[21,    21] loss: 2.1045 acc: 29.7619
[21,    22] loss: 2.2442 acc: 29.5455
[21,    23] loss: 2.2687 acc: 28.2609
[21,    24] loss: 2.2720 acc: 27.0833
[21,    25] loss: 2.2449 acc: 27.0000
[21,    26] loss: 2.3104 acc: 25.9615
[21,    27] loss: 2.2650 acc: 25.0000
[21,    28] loss: 2.1848 acc: 25.0000
[21,    29] loss: 2.2828 acc: 25.0000
[21,    30] loss: 2.2096 acc: 25.8333
[21,    31] loss: 2.2201 acc: 25.8065
[21,    32] loss: 2.2588 acc: 25.0000
[22,     1] loss: 2.0950 acc: 50.0000
[22,     2] loss: 2.1808 acc: 37.5000
[22,     3] loss: 2.2922 acc: 25.0000
[22,     4] loss: 2.2926 acc: 18.7500
[22,     5] loss: 2.1907 acc: 20.0000
[22,     6] loss: 2.1698 acc: 25.0000
[22,     7] loss: 2.2537 acc: 25.0000
[22,     8] loss: 2.2796 acc: 21.8750
[22,     9] loss: 2.2400 acc: 22.2222
[22,    10] loss: 2.1398 acc: 27.5000
[22,    11] loss: 2.0812 acc: 29.5455
[22,    12] loss: 2.1207 acc: 29.1667
[22,    13] loss: 2.2202 acc: 28.8462
[22,    14] loss: 2.3077 acc: 26.7857
[22,    15] loss: 2.2998 acc: 25.0000
[22,    16] loss: 2.1856 acc: 26.5625
[22,    17] loss: 2.1020 acc: 27.9412
[22,    18] loss: 2.1443 acc: 29.1667
[22,    19] loss: 2.1533 acc: 28.9474
[22,    20] loss: 2.2607 acc: 28.7500
[22,    21] loss: 2.1278 acc: 28.5714
[22,    22] loss: 2.3327 acc: 27.2727
[22,    23] loss: 2.0981 acc: 29.3478
[22,    24] loss: 2.2394 acc: 29.1667
[22,    25] loss: 2.3327 acc: 28.0000
[22,    26] loss: 2.2143 acc: 27.8846
[22,    27] loss: 2.3108 acc: 26.8519
[22,    28] loss: 2.1506 acc: 27.6786
[22,    29] loss: 2.2642 acc: 26.7241
[22,    30] loss: 2.2502 acc: 25.8333
[22,    31] loss: 1.9934 acc: 27.4194
[22,    32] loss: 2.2534 acc: 27.3438
[23,     1] loss: 2.3471 acc: 0.0000
[23,     2] loss: 2.1489 acc: 37.5000
[23,     3] loss: 2.2048 acc: 41.6667
[23,     4] loss: 2.1144 acc: 37.5000
[23,     5] loss: 2.2760 acc: 30.0000
[23,     6] loss: 2.1836 acc: 33.3333
[23,     7] loss: 2.1127 acc: 35.7143
[23,     8] loss: 2.1455 acc: 37.5000
[23,     9] loss: 2.1521 acc: 36.1111
[23,    10] loss: 2.2563 acc: 35.0000
[23,    11] loss: 2.2408 acc: 34.0909
[23,    12] loss: 2.2030 acc: 33.3333
[23,    13] loss: 2.2446 acc: 32.6923
[23,    14] loss: 2.3246 acc: 30.3571
[23,    15] loss: 2.1775 acc: 30.0000
[23,    16] loss: 2.2227 acc: 29.6875
[23,    17] loss: 2.2283 acc: 29.4118
[23,    18] loss: 2.2017 acc: 29.1667
[23,    19] loss: 2.2604 acc: 27.6316
[23,    20] loss: 2.2494 acc: 27.5000
[23,    21] loss: 2.1573 acc: 27.3810
[23,    22] loss: 2.2025 acc: 28.4091
[23,    23] loss: 2.2077 acc: 27.1739
[23,    24] loss: 2.1637 acc: 27.0833
[23,    25] loss: 2.1015 acc: 28.0000
[23,    26] loss: 2.0766 acc: 28.8462
[23,    27] loss: 2.0802 acc: 30.5556
[23,    28] loss: 2.3548 acc: 29.4643
[23,    29] loss: 2.2918 acc: 28.4483
[23,    30] loss: 2.0536 acc: 30.8333
[23,    31] loss: 2.1395 acc: 31.4516
[23,    32] loss: 2.2081 acc: 32.0312
[24,     1] loss: 2.2519 acc: 25.0000
[24,     2] loss: 2.2059 acc: 25.0000
[24,     3] loss: 2.2265 acc: 33.3333
[24,     4] loss: 2.2812 acc: 25.0000
[24,     5] loss: 2.1346 acc: 25.0000
[24,     6] loss: 2.1024 acc: 33.3333
[24,     7] loss: 2.1471 acc: 39.2857
[24,     8] loss: 2.1485 acc: 37.5000
[24,     9] loss: 2.1552 acc: 36.1111
[24,    10] loss: 2.1578 acc: 37.5000
[24,    11] loss: 2.1198 acc: 40.9091
[24,    12] loss: 2.2019 acc: 39.5833
[24,    13] loss: 2.2712 acc: 36.5385
[24,    14] loss: 2.0799 acc: 37.5000
[24,    15] loss: 2.2273 acc: 36.6667
[24,    16] loss: 2.1894 acc: 35.9375
[24,    17] loss: 2.0227 acc: 36.7647
[24,    18] loss: 2.1206 acc: 36.1111
[24,    19] loss: 2.2628 acc: 35.5263
[24,    20] loss: 2.2285 acc: 35.0000
[24,    21] loss: 2.0700 acc: 36.9048
[24,    22] loss: 2.2722 acc: 36.3636
[24,    23] loss: 2.1338 acc: 36.9565
[24,    24] loss: 2.1989 acc: 36.4583
[24,    25] loss: 2.2519 acc: 36.0000
[24,    26] loss: 2.0565 acc: 38.4615
[24,    27] loss: 2.1733 acc: 38.8889
[24,    28] loss: 2.3140 acc: 37.5000
[24,    29] loss: 2.1902 acc: 37.0690
[24,    30] loss: 2.2562 acc: 35.8333
[24,    31] loss: 2.0892 acc: 36.2903
[24,    32] loss: 2.2173 acc: 35.9375
[25,     1] loss: 2.3112 acc: 0.0000
[25,     2] loss: 2.1883 acc: 12.5000
[25,     3] loss: 2.1579 acc: 33.3333
[25,     4] loss: 2.1926 acc: 37.5000
[25,     5] loss: 2.1891 acc: 35.0000
[25,     6] loss: 2.1672 acc: 33.3333
[25,     7] loss: 2.3136 acc: 28.5714
[25,     8] loss: 2.2733 acc: 25.0000
[25,     9] loss: 2.2369 acc: 25.0000
[25,    10] loss: 2.2023 acc: 25.0000
[25,    11] loss: 2.1383 acc: 25.0000
[25,    12] loss: 2.1326 acc: 27.0833
[25,    13] loss: 2.2418 acc: 25.0000
[25,    14] loss: 2.2428 acc: 23.2143
[25,    15] loss: 1.9718 acc: 28.3333
[25,    16] loss: 2.2577 acc: 28.1250
[25,    17] loss: 2.1956 acc: 27.9412
[25,    18] loss: 2.0504 acc: 29.1667
[25,    19] loss: 2.2671 acc: 27.6316
[25,    20] loss: 2.2266 acc: 27.5000
[25,    21] loss: 2.2943 acc: 26.1905
[25,    22] loss: 2.1717 acc: 26.1364
[25,    23] loss: 2.1378 acc: 26.0870
[25,    24] loss: 2.2749 acc: 26.0417
[25,    25] loss: 2.1161 acc: 26.0000
[25,    26] loss: 2.2338 acc: 25.9615
[25,    27] loss: 2.1073 acc: 25.9259
[25,    28] loss: 2.1551 acc: 27.6786
[25,    29] loss: 2.0769 acc: 28.4483
[25,    30] loss: 2.2970 acc: 28.3333
[25,    31] loss: 2.1660 acc: 29.0323
[25,    32] loss: 2.2878 acc: 28.1250
[26,     1] loss: 2.2577 acc: 25.0000
[26,     2] loss: 2.2095 acc: 25.0000
[26,     3] loss: 2.2446 acc: 25.0000
[26,     4] loss: 2.1971 acc: 18.7500
[26,     5] loss: 2.3291 acc: 15.0000
[26,     6] loss: 2.3074 acc: 12.5000
[26,     7] loss: 2.3067 acc: 14.2857
[26,     8] loss: 2.1549 acc: 18.7500
[26,     9] loss: 2.1323 acc: 22.2222
[26,    10] loss: 2.2197 acc: 22.5000
[26,    11] loss: 2.1295 acc: 27.2727
[26,    12] loss: 2.2295 acc: 27.0833
[26,    13] loss: 2.1418 acc: 28.8462
[26,    14] loss: 2.2833 acc: 26.7857
[26,    15] loss: 2.2988 acc: 25.0000
[26,    16] loss: 2.2265 acc: 26.5625
[26,    17] loss: 2.2146 acc: 27.9412
[26,    18] loss: 2.2401 acc: 27.7778
[26,    19] loss: 2.3438 acc: 26.3158
[26,    20] loss: 2.2428 acc: 25.0000
[26,    21] loss: 2.0762 acc: 26.1905
[26,    22] loss: 2.1395 acc: 26.1364
[26,    23] loss: 2.2020 acc: 26.0870
[26,    24] loss: 2.1864 acc: 28.1250
[26,    25] loss: 2.0731 acc: 29.0000
[26,    26] loss: 2.2424 acc: 28.8462
[26,    27] loss: 2.1403 acc: 29.6296
[26,    28] loss: 2.1791 acc: 31.2500
[26,    29] loss: 2.3305 acc: 30.1724
[26,    30] loss: 2.0898 acc: 30.8333
[26,    31] loss: 2.1514 acc: 31.4516
[26,    32] loss: 2.1859 acc: 31.2500
[27,     1] loss: 2.2297 acc: 25.0000
[27,     2] loss: 2.2834 acc: 12.5000
[27,     3] loss: 2.1217 acc: 25.0000
[27,     4] loss: 2.0870 acc: 37.5000
[27,     5] loss: 2.2555 acc: 35.0000
[27,     6] loss: 2.1726 acc: 37.5000
[27,     7] loss: 2.2727 acc: 35.7143
[27,     8] loss: 2.2211 acc: 34.3750
[27,     9] loss: 2.1648 acc: 36.1111
[27,    10] loss: 2.1891 acc: 37.5000
[27,    11] loss: 2.2173 acc: 36.3636
[27,    12] loss: 2.2413 acc: 35.4167
[27,    13] loss: 2.1260 acc: 34.6154
[27,    14] loss: 2.3003 acc: 33.9286
[27,    15] loss: 2.1184 acc: 35.0000
[27,    16] loss: 2.1666 acc: 35.9375
[27,    17] loss: 2.2840 acc: 35.2941
[27,    18] loss: 2.2073 acc: 36.1111
[27,    19] loss: 2.3414 acc: 34.2105
[27,    20] loss: 2.2709 acc: 32.5000
[27,    21] loss: 2.0459 acc: 34.5238
[27,    22] loss: 2.2180 acc: 34.0909
[27,    23] loss: 2.0417 acc: 34.7826
[27,    24] loss: 2.2771 acc: 33.3333
[27,    25] loss: 2.2136 acc: 33.0000
[27,    26] loss: 2.1410 acc: 32.6923
[27,    27] loss: 2.3260 acc: 31.4815
[27,    28] loss: 2.3196 acc: 30.3571
[27,    29] loss: 2.2271 acc: 30.1724
[27,    30] loss: 2.3123 acc: 29.1667
[27,    31] loss: 2.2657 acc: 29.0323
[27,    32] loss: 2.1752 acc: 28.9062
[28,     1] loss: 2.2931 acc: 25.0000
[28,     2] loss: 2.2917 acc: 12.5000
[28,     3] loss: 2.2171 acc: 16.6667
[28,     4] loss: 2.2167 acc: 25.0000
[28,     5] loss: 2.1671 acc: 25.0000
[28,     6] loss: 2.0735 acc: 29.1667
[28,     7] loss: 2.1727 acc: 35.7143
[28,     8] loss: 2.3106 acc: 31.2500
[28,     9] loss: 2.2433 acc: 33.3333
[28,    10] loss: 2.2601 acc: 32.5000
[28,    11] loss: 2.1629 acc: 31.8182
[28,    12] loss: 2.2247 acc: 31.2500
[28,    13] loss: 2.1656 acc: 32.6923
[28,    14] loss: 2.1030 acc: 33.9286
[28,    15] loss: 2.1719 acc: 35.0000
[28,    16] loss: 2.2761 acc: 34.3750
[28,    17] loss: 2.0647 acc: 36.7647
[28,    18] loss: 2.1142 acc: 38.8889
[28,    19] loss: 2.1317 acc: 39.4737
[28,    20] loss: 2.2650 acc: 37.5000
[28,    21] loss: 2.0880 acc: 40.4762
[28,    22] loss: 2.2755 acc: 39.7727
[28,    23] loss: 2.1711 acc: 40.2174
[28,    24] loss: 2.1627 acc: 39.5833
[28,    25] loss: 2.2582 acc: 38.0000
[28,    26] loss: 2.2951 acc: 36.5385
[28,    27] loss: 2.0892 acc: 37.9630
[28,    28] loss: 2.1773 acc: 38.3929
[28,    29] loss: 2.2847 acc: 37.0690
[28,    30] loss: 2.1613 acc: 36.6667
[28,    31] loss: 2.2062 acc: 36.2903
[28,    32] loss: 2.2683 acc: 35.1562
[29,     1] loss: 2.3014 acc: 0.0000
[29,     2] loss: 2.1917 acc: 12.5000
[29,     3] loss: 2.1527 acc: 16.6667
[29,     4] loss: 2.0325 acc: 31.2500
[29,     5] loss: 2.1993 acc: 35.0000
[29,     6] loss: 2.2750 acc: 29.1667
[29,     7] loss: 2.3017 acc: 25.0000
[29,     8] loss: 2.2586 acc: 25.0000
[29,     9] loss: 2.1115 acc: 30.5556
[29,    10] loss: 2.2163 acc: 30.0000
[29,    11] loss: 2.3210 acc: 27.2727
[29,    12] loss: 2.3036 acc: 25.0000
[29,    13] loss: 2.2794 acc: 23.0769
[29,    14] loss: 2.0923 acc: 26.7857
[29,    15] loss: 2.0672 acc: 30.0000
[29,    16] loss: 2.2399 acc: 29.6875
[29,    17] loss: 2.1392 acc: 29.4118
[29,    18] loss: 2.1496 acc: 30.5556
[29,    19] loss: 2.1230 acc: 31.5789
[29,    20] loss: 2.2167 acc: 32.5000
[29,    21] loss: 2.2872 acc: 32.1429
[29,    22] loss: 2.0434 acc: 34.0909
[29,    23] loss: 2.2382 acc: 34.7826
[29,    24] loss: 2.0090 acc: 35.4167
[29,    25] loss: 2.2495 acc: 34.0000
[29,    26] loss: 2.1892 acc: 34.6154
[29,    27] loss: 2.1104 acc: 34.2593
[29,    28] loss: 2.2245 acc: 34.8214
[29,    29] loss: 2.1220 acc: 35.3448
[29,    30] loss: 2.1319 acc: 35.8333
[29,    31] loss: 2.3308 acc: 34.6774
[29,    32] loss: 2.2296 acc: 34.3750
[30,     1] loss: 2.1536 acc: 50.0000
[30,     2] loss: 2.1575 acc: 37.5000
[30,     3] loss: 2.1024 acc: 41.6667
[30,     4] loss: 2.2281 acc: 43.7500
[30,     5] loss: 2.0799 acc: 45.0000
[30,     6] loss: 2.2188 acc: 41.6667
[30,     7] loss: 2.1328 acc: 42.8571
[30,     8] loss: 2.0771 acc: 46.8750
[30,     9] loss: 2.1079 acc: 50.0000
[30,    10] loss: 2.2159 acc: 47.5000
[30,    11] loss: 2.0476 acc: 50.0000
[30,    12] loss: 2.1437 acc: 50.0000
[30,    13] loss: 2.1896 acc: 50.0000
[30,    14] loss: 2.2316 acc: 48.2143
[30,    15] loss: 2.1105 acc: 48.3333
[30,    16] loss: 2.2948 acc: 45.3125
[30,    17] loss: 2.1979 acc: 45.5882
[30,    18] loss: 2.1833 acc: 44.4444
[30,    19] loss: 2.2859 acc: 43.4211
[30,    20] loss: 2.2545 acc: 43.7500
[30,    21] loss: 2.1907 acc: 44.0476
[30,    22] loss: 2.2719 acc: 43.1818
[30,    23] loss: 2.1226 acc: 43.4783
[30,    24] loss: 2.1300 acc: 44.7917
[30,    25] loss: 2.3291 acc: 43.0000
[30,    26] loss: 2.1491 acc: 43.2692
[30,    27] loss: 2.2009 acc: 43.5185
[30,    28] loss: 2.2071 acc: 43.7500
[30,    29] loss: 2.2350 acc: 42.2414
[30,    30] loss: 2.1986 acc: 42.5000
[30,    31] loss: 2.1378 acc: 42.7419
[30,    32] loss: 2.0914 acc: 42.9688
[31,     1] loss: 2.1811 acc: 25.0000
[31,     2] loss: 2.2047 acc: 37.5000
[31,     3] loss: 2.2985 acc: 25.0000
[31,     4] loss: 2.2546 acc: 25.0000
[31,     5] loss: 2.1245 acc: 25.0000
[31,     6] loss: 2.1983 acc: 29.1667
[31,     7] loss: 2.2530 acc: 32.1429
[31,     8] loss: 2.1488 acc: 34.3750
[31,     9] loss: 2.1762 acc: 36.1111
[31,    10] loss: 2.1512 acc: 37.5000
[31,    11] loss: 2.2815 acc: 36.3636
[31,    12] loss: 2.2416 acc: 37.5000
[31,    13] loss: 2.2677 acc: 36.5385
[31,    14] loss: 2.2438 acc: 35.7143
[31,    15] loss: 2.2614 acc: 35.0000
[31,    16] loss: 2.2110 acc: 35.9375
[31,    17] loss: 2.2685 acc: 33.8235
[31,    18] loss: 2.2451 acc: 33.3333
[31,    19] loss: 2.1861 acc: 35.5263
[31,    20] loss: 2.2527 acc: 35.0000
[31,    21] loss: 2.2917 acc: 33.3333
[31,    22] loss: 2.2785 acc: 31.8182
[31,    23] loss: 2.2248 acc: 31.5217
[31,    24] loss: 2.1383 acc: 31.2500
[31,    25] loss: 2.2087 acc: 31.0000
[31,    26] loss: 2.3215 acc: 29.8077
[31,    27] loss: 2.1829 acc: 30.5556
[31,    28] loss: 2.1873 acc: 31.2500
[31,    29] loss: 2.1799 acc: 31.0345
[31,    30] loss: 2.1878 acc: 31.6667
[31,    31] loss: 2.2147 acc: 31.4516
[31,    32] loss: 2.1865 acc: 32.0312
[32,     1] loss: 2.0839 acc: 50.0000
[32,     2] loss: 2.0640 acc: 62.5000
[32,     3] loss: 2.2794 acc: 41.6667
[32,     4] loss: 2.1532 acc: 43.7500
[32,     5] loss: 2.2274 acc: 45.0000
[32,     6] loss: 2.1137 acc: 41.6667
[32,     7] loss: 2.0749 acc: 42.8571
[32,     8] loss: 2.2669 acc: 40.6250
[32,     9] loss: 2.1962 acc: 38.8889
[32,    10] loss: 2.1145 acc: 42.5000
[32,    11] loss: 2.0739 acc: 43.1818
[32,    12] loss: 2.1087 acc: 45.8333
[32,    13] loss: 2.2084 acc: 44.2308
[32,    14] loss: 2.0360 acc: 46.4286
[32,    15] loss: 2.1267 acc: 46.6667
[32,    16] loss: 2.2853 acc: 45.3125
[32,    17] loss: 2.1488 acc: 45.5882
[32,    18] loss: 2.2172 acc: 44.4444
[32,    19] loss: 2.2186 acc: 44.7368
[32,    20] loss: 2.1429 acc: 45.0000
[32,    21] loss: 2.1378 acc: 44.0476
[32,    22] loss: 2.0873 acc: 44.3182
[32,    23] loss: 2.1839 acc: 43.4783
[32,    24] loss: 2.2291 acc: 43.7500
[32,    25] loss: 2.1648 acc: 43.0000
[32,    26] loss: 2.0476 acc: 44.2308
[32,    27] loss: 2.1417 acc: 43.5185
[32,    28] loss: 2.3245 acc: 41.9643
[32,    29] loss: 2.3233 acc: 41.3793
[32,    30] loss: 2.1313 acc: 42.5000
[32,    31] loss: 2.0126 acc: 43.5484
[32,    32] loss: 2.0975 acc: 43.7500
[33,     1] loss: 2.1887 acc: 50.0000
[33,     2] loss: 2.1081 acc: 37.5000
[33,     3] loss: 2.2190 acc: 33.3333
[33,     4] loss: 2.1573 acc: 31.2500
[33,     5] loss: 2.2326 acc: 25.0000
[33,     6] loss: 2.2062 acc: 25.0000
[33,     7] loss: 2.3082 acc: 21.4286
[33,     8] loss: 2.2753 acc: 21.8750
[33,     9] loss: 2.2470 acc: 22.2222
[33,    10] loss: 2.1471 acc: 25.0000
[33,    11] loss: 2.2054 acc: 27.2727
[33,    12] loss: 2.3323 acc: 25.0000
[33,    13] loss: 2.2032 acc: 25.0000
[33,    14] loss: 2.3377 acc: 23.2143
[33,    15] loss: 2.2322 acc: 23.3333
[33,    16] loss: 2.2605 acc: 23.4375
[33,    17] loss: 2.1232 acc: 25.0000
[33,    18] loss: 2.1332 acc: 25.0000
[33,    19] loss: 2.1834 acc: 25.0000
[33,    20] loss: 2.2343 acc: 26.2500
[33,    21] loss: 2.0108 acc: 28.5714
[33,    22] loss: 2.2658 acc: 28.4091
[33,    23] loss: 2.2788 acc: 27.1739
[33,    24] loss: 2.1711 acc: 28.1250
[33,    25] loss: 2.2128 acc: 28.0000
[33,    26] loss: 2.0493 acc: 29.8077
[33,    27] loss: 2.0971 acc: 31.4815
[33,    28] loss: 2.1760 acc: 31.2500
[33,    29] loss: 2.3578 acc: 30.1724
[33,    30] loss: 2.2534 acc: 30.0000
[33,    31] loss: 2.2477 acc: 30.6452
[33,    32] loss: 2.0873 acc: 31.2500
[34,     1] loss: 2.1821 acc: 25.0000
[34,     2] loss: 2.2264 acc: 25.0000
[34,     3] loss: 2.1671 acc: 25.0000
[34,     4] loss: 2.2188 acc: 25.0000
[34,     5] loss: 2.1791 acc: 25.0000
[34,     6] loss: 2.1874 acc: 29.1667
[34,     7] loss: 2.3175 acc: 28.5714
[34,     8] loss: 2.1199 acc: 28.1250
[34,     9] loss: 2.1471 acc: 27.7778
[34,    10] loss: 2.1702 acc: 27.5000
[34,    11] loss: 2.0916 acc: 31.8182
[34,    12] loss: 2.1340 acc: 33.3333
[34,    13] loss: 2.2924 acc: 30.7692
[34,    14] loss: 2.0835 acc: 30.3571
[34,    15] loss: 2.0783 acc: 33.3333
[34,    16] loss: 2.1957 acc: 32.8125
[34,    17] loss: 2.2039 acc: 32.3529
[34,    18] loss: 2.0082 acc: 34.7222
[34,    19] loss: 2.2225 acc: 35.5263
[34,    20] loss: 2.3274 acc: 33.7500
[34,    21] loss: 2.1433 acc: 33.3333
[34,    22] loss: 2.2581 acc: 32.9545
[34,    23] loss: 2.1506 acc: 33.6957
[34,    24] loss: 2.1524 acc: 35.4167
[34,    25] loss: 2.2014 acc: 35.0000
[34,    26] loss: 2.0123 acc: 35.5769
[34,    27] loss: 2.1504 acc: 37.0370
[34,    28] loss: 2.1323 acc: 38.3929
[34,    29] loss: 2.2094 acc: 37.0690
[34,    30] loss: 2.1196 acc: 37.5000
[34,    31] loss: 2.2479 acc: 37.0968
[34,    32] loss: 2.2042 acc: 36.7188
[35,     1] loss: 2.1979 acc: 25.0000
[35,     2] loss: 2.2516 acc: 12.5000
[35,     3] loss: 2.2397 acc: 16.6667
[35,     4] loss: 2.2338 acc: 25.0000
[35,     5] loss: 2.2239 acc: 25.0000
[35,     6] loss: 2.0863 acc: 29.1667
[35,     7] loss: 1.9914 acc: 32.1429
[35,     8] loss: 2.1679 acc: 34.3750
[35,     9] loss: 2.1951 acc: 33.3333
[35,    10] loss: 2.2567 acc: 32.5000
[35,    11] loss: 2.1730 acc: 31.8182
[35,    12] loss: 2.2578 acc: 31.2500
[35,    13] loss: 2.1504 acc: 32.6923
[35,    14] loss: 2.1592 acc: 33.9286
[35,    15] loss: 2.1334 acc: 35.0000
[35,    16] loss: 2.1242 acc: 35.9375
[35,    17] loss: 2.2251 acc: 33.8235
[35,    18] loss: 2.3193 acc: 31.9444
[35,    19] loss: 2.0955 acc: 31.5789
[35,    20] loss: 2.2948 acc: 31.2500
[35,    21] loss: 2.1699 acc: 30.9524
[35,    22] loss: 2.2895 acc: 30.6818
[35,    23] loss: 2.2017 acc: 30.4348
[35,    24] loss: 2.2290 acc: 30.2083
[35,    25] loss: 2.2378 acc: 30.0000
[35,    26] loss: 2.3039 acc: 29.8077
[35,    27] loss: 2.1220 acc: 30.5556
[35,    28] loss: 2.2725 acc: 29.4643
[35,    29] loss: 2.1530 acc: 29.3103
[35,    30] loss: 2.1756 acc: 29.1667
[35,    31] loss: 2.0813 acc: 30.6452
[35,    32] loss: 2.0710 acc: 32.0312
[36,     1] loss: 2.2319 acc: 25.0000
[36,     2] loss: 2.2678 acc: 25.0000
[36,     3] loss: 2.1358 acc: 33.3333
[36,     4] loss: 2.2922 acc: 25.0000
[36,     5] loss: 2.1716 acc: 25.0000
[36,     6] loss: 2.1535 acc: 29.1667
[36,     7] loss: 2.1941 acc: 32.1429
[36,     8] loss: 2.0186 acc: 34.3750
[36,     9] loss: 2.3041 acc: 30.5556
[36,    10] loss: 2.0842 acc: 30.0000
[36,    11] loss: 2.2207 acc: 29.5455
[36,    12] loss: 2.2057 acc: 29.1667
[36,    13] loss: 2.2071 acc: 26.9231
[36,    14] loss: 2.0667 acc: 28.5714
[36,    15] loss: 2.3077 acc: 28.3333
[36,    16] loss: 2.0876 acc: 31.2500
[36,    17] loss: 2.1018 acc: 32.3529
[36,    18] loss: 1.9850 acc: 34.7222
[36,    19] loss: 2.0272 acc: 36.8421
[36,    20] loss: 2.1986 acc: 37.5000
[36,    21] loss: 2.1734 acc: 38.0952
[36,    22] loss: 2.0902 acc: 37.5000
[36,    23] loss: 2.2269 acc: 36.9565
[36,    24] loss: 2.2848 acc: 35.4167
[36,    25] loss: 2.2786 acc: 34.0000
[36,    26] loss: 2.1949 acc: 34.6154
[36,    27] loss: 2.1867 acc: 34.2593
[36,    28] loss: 2.0965 acc: 34.8214
[36,    29] loss: 2.2249 acc: 34.4828
[36,    30] loss: 2.2434 acc: 33.3333
[36,    31] loss: 2.1508 acc: 33.0645
[36,    32] loss: 2.1077 acc: 33.5938
[37,     1] loss: 2.0519 acc: 50.0000
[37,     2] loss: 2.1314 acc: 50.0000
[37,     3] loss: 2.0767 acc: 58.3333
[37,     4] loss: 2.2102 acc: 43.7500
[37,     5] loss: 2.0463 acc: 45.0000
[37,     6] loss: 2.2964 acc: 41.6667
[37,     7] loss: 2.0594 acc: 42.8571
[37,     8] loss: 2.2091 acc: 40.6250
[37,     9] loss: 2.3141 acc: 36.1111
[37,    10] loss: 2.0729 acc: 40.0000
[37,    11] loss: 2.2424 acc: 38.6364
[37,    12] loss: 2.1726 acc: 37.5000
[37,    13] loss: 2.2203 acc: 36.5385
[37,    14] loss: 2.1134 acc: 37.5000
[37,    15] loss: 2.2261 acc: 38.3333
[37,    16] loss: 2.2576 acc: 35.9375
[37,    17] loss: 2.2657 acc: 33.8235
[37,    18] loss: 2.3441 acc: 31.9444
[37,    19] loss: 2.2299 acc: 32.8947
[37,    20] loss: 2.0582 acc: 35.0000
[37,    21] loss: 2.0895 acc: 35.7143
[37,    22] loss: 2.2733 acc: 35.2273
[37,    23] loss: 2.2444 acc: 33.6957
[37,    24] loss: 2.0945 acc: 34.3750
[37,    25] loss: 2.0754 acc: 35.0000
[37,    26] loss: 2.2032 acc: 34.6154
[37,    27] loss: 2.2291 acc: 34.2593
[37,    28] loss: 2.1687 acc: 33.9286
[37,    29] loss: 2.0675 acc: 34.4828
[37,    30] loss: 2.2168 acc: 35.0000
[37,    31] loss: 2.0919 acc: 35.4839
[37,    32] loss: 2.2327 acc: 35.1562
[38,     1] loss: 2.1233 acc: 50.0000
[38,     2] loss: 2.3343 acc: 25.0000
[38,     3] loss: 2.1163 acc: 33.3333
[38,     4] loss: 2.1618 acc: 31.2500
[38,     5] loss: 2.1448 acc: 35.0000
[38,     6] loss: 2.1189 acc: 33.3333
[38,     7] loss: 2.2303 acc: 32.1429
[38,     8] loss: 2.3205 acc: 28.1250
[38,     9] loss: 2.3002 acc: 25.0000
[38,    10] loss: 2.2795 acc: 22.5000
[38,    11] loss: 2.2802 acc: 22.7273
[38,    12] loss: 2.2904 acc: 22.9167
[38,    13] loss: 2.1804 acc: 25.0000
[38,    14] loss: 2.1804 acc: 26.7857
[38,    15] loss: 2.2740 acc: 26.6667
[38,    16] loss: 2.1905 acc: 28.1250
[38,    17] loss: 2.2981 acc: 26.4706
[38,    18] loss: 2.0683 acc: 29.1667
[38,    19] loss: 2.2077 acc: 28.9474
[38,    20] loss: 2.1777 acc: 28.7500
[38,    21] loss: 2.1088 acc: 29.7619
[38,    22] loss: 2.2791 acc: 29.5455
[38,    23] loss: 2.0916 acc: 30.4348
[38,    24] loss: 2.2375 acc: 30.2083
[38,    25] loss: 2.1822 acc: 30.0000
[38,    26] loss: 2.2534 acc: 29.8077
[38,    27] loss: 2.2640 acc: 28.7037
[38,    28] loss: 2.2446 acc: 28.5714
[38,    29] loss: 2.1310 acc: 30.1724
[38,    30] loss: 2.0888 acc: 31.6667
[38,    31] loss: 2.2989 acc: 30.6452
[38,    32] loss: 2.1079 acc: 32.0312
[39,     1] loss: 2.2525 acc: 25.0000
[39,     2] loss: 2.0472 acc: 37.5000
[39,     3] loss: 2.2785 acc: 25.0000
[39,     4] loss: 2.2825 acc: 25.0000
[39,     5] loss: 2.0834 acc: 30.0000
[39,     6] loss: 2.0514 acc: 33.3333
[39,     7] loss: 2.3170 acc: 28.5714
[39,     8] loss: 2.2314 acc: 28.1250
[39,     9] loss: 2.2602 acc: 25.0000
[39,    10] loss: 2.2588 acc: 25.0000
[39,    11] loss: 2.0957 acc: 27.2727
[39,    12] loss: 2.1118 acc: 29.1667
[39,    13] loss: 2.2341 acc: 28.8462
[39,    14] loss: 2.2149 acc: 28.5714
[39,    15] loss: 2.2039 acc: 30.0000
[39,    16] loss: 2.0997 acc: 29.6875
[39,    17] loss: 2.1112 acc: 30.8824
[39,    18] loss: 2.1535 acc: 31.9444
[39,    19] loss: 2.1900 acc: 31.5789
[39,    20] loss: 2.2474 acc: 31.2500
[39,    21] loss: 2.2612 acc: 29.7619
[39,    22] loss: 2.1277 acc: 31.8182
[39,    23] loss: 2.1216 acc: 31.5217
[39,    24] loss: 2.1844 acc: 31.2500
[39,    25] loss: 2.1573 acc: 32.0000
[39,    26] loss: 2.1092 acc: 31.7308
[39,    27] loss: 2.1827 acc: 32.4074
[39,    28] loss: 2.1623 acc: 32.1429
[39,    29] loss: 2.1226 acc: 32.7586
[39,    30] loss: 2.2298 acc: 32.5000
[39,    31] loss: 2.2867 acc: 32.2581
[39,    32] loss: 2.1142 acc: 32.8125
[40,     1] loss: 2.1360 acc: 50.0000
[40,     2] loss: 2.1675 acc: 50.0000
[40,     3] loss: 2.1382 acc: 41.6667
[40,     4] loss: 2.3272 acc: 31.2500
[40,     5] loss: 2.1906 acc: 30.0000
[40,     6] loss: 2.2032 acc: 29.1667
[40,     7] loss: 2.0943 acc: 35.7143
[40,     8] loss: 2.1574 acc: 34.3750
[40,     9] loss: 2.3470 acc: 30.5556
[40,    10] loss: 2.2363 acc: 30.0000
[40,    11] loss: 2.2628 acc: 31.8182
[40,    12] loss: 2.1765 acc: 33.3333
[40,    13] loss: 2.3053 acc: 30.7692
[40,    14] loss: 2.1850 acc: 30.3571
[40,    15] loss: 2.0819 acc: 33.3333
[40,    16] loss: 2.1038 acc: 32.8125
[40,    17] loss: 2.1746 acc: 33.8235
[40,    18] loss: 2.2657 acc: 33.3333
[40,    19] loss: 1.9689 acc: 35.5263
[40,    20] loss: 2.1303 acc: 36.2500
[40,    21] loss: 2.2688 acc: 34.5238
[40,    22] loss: 2.1628 acc: 35.2273
[40,    23] loss: 2.0627 acc: 36.9565
[40,    24] loss: 2.3104 acc: 35.4167
[40,    25] loss: 2.2742 acc: 35.0000
[40,    26] loss: 2.1335 acc: 34.6154
[40,    27] loss: 2.1337 acc: 35.1852
[40,    28] loss: 2.3014 acc: 33.9286
[40,    29] loss: 2.2957 acc: 32.7586
[40,    30] loss: 1.9851 acc: 34.1667
[40,    31] loss: 2.2854 acc: 33.8710
[40,    32] loss: 2.2939 acc: 33.5938
[41,     1] loss: 2.2123 acc: 50.0000
[41,     2] loss: 2.3314 acc: 25.0000
[41,     3] loss: 2.1213 acc: 25.0000
[41,     4] loss: 2.1273 acc: 37.5000
[41,     5] loss: 2.2187 acc: 35.0000
[41,     6] loss: 2.2793 acc: 33.3333
[41,     7] loss: 2.1820 acc: 35.7143
[41,     8] loss: 2.0878 acc: 37.5000
[41,     9] loss: 2.3394 acc: 33.3333
[41,    10] loss: 2.2354 acc: 32.5000
[41,    11] loss: 2.1368 acc: 36.3636
[41,    12] loss: 2.0923 acc: 39.5833
[41,    13] loss: 2.1307 acc: 42.3077
[41,    14] loss: 2.0966 acc: 44.6429
[41,    15] loss: 2.1285 acc: 45.0000
[41,    16] loss: 2.2999 acc: 42.1875
[41,    17] loss: 2.2513 acc: 41.1765
[41,    18] loss: 2.1169 acc: 41.6667
[41,    19] loss: 2.2962 acc: 39.4737
[41,    20] loss: 2.1975 acc: 38.7500
[41,    21] loss: 2.0347 acc: 39.2857
[41,    22] loss: 2.1411 acc: 38.6364
[41,    23] loss: 2.2215 acc: 38.0435
[41,    24] loss: 2.1051 acc: 37.5000
[41,    25] loss: 2.2592 acc: 37.0000
[41,    26] loss: 2.2631 acc: 35.5769
[41,    27] loss: 2.0400 acc: 37.0370
[41,    28] loss: 2.1860 acc: 36.6071
[41,    29] loss: 2.2746 acc: 36.2069
[41,    30] loss: 2.1798 acc: 35.8333
[41,    31] loss: 2.0338 acc: 37.0968
[41,    32] loss: 2.2310 acc: 37.5000
[42,     1] loss: 2.1915 acc: 25.0000
[42,     2] loss: 2.0787 acc: 50.0000
[42,     3] loss: 2.2443 acc: 33.3333
[42,     4] loss: 2.2911 acc: 31.2500
[42,     5] loss: 2.1542 acc: 35.0000
[42,     6] loss: 2.0773 acc: 41.6667
[42,     7] loss: 1.9953 acc: 46.4286
[42,     8] loss: 2.0581 acc: 50.0000
[42,     9] loss: 2.1351 acc: 50.0000
[42,    10] loss: 2.1555 acc: 47.5000
[42,    11] loss: 2.0110 acc: 50.0000
[42,    12] loss: 2.0782 acc: 52.0833
[42,    13] loss: 2.3328 acc: 48.0769
[42,    14] loss: 2.2082 acc: 46.4286
[42,    15] loss: 2.0812 acc: 46.6667
[42,    16] loss: 2.1669 acc: 45.3125
[42,    17] loss: 2.2144 acc: 44.1176
[42,    18] loss: 2.0362 acc: 44.4444
[42,    19] loss: 2.1747 acc: 43.4211
[42,    20] loss: 2.1778 acc: 42.5000
[42,    21] loss: 2.2311 acc: 41.6667
[42,    22] loss: 2.2485 acc: 40.9091
[42,    23] loss: 2.1908 acc: 40.2174
[42,    24] loss: 2.2017 acc: 39.5833
[42,    25] loss: 2.2103 acc: 39.0000
[42,    26] loss: 2.1133 acc: 39.4231
[42,    27] loss: 2.1230 acc: 39.8148
[42,    28] loss: 2.1176 acc: 40.1786
[42,    29] loss: 2.2846 acc: 39.6552
[42,    30] loss: 2.1754 acc: 39.1667
[42,    31] loss: 2.2206 acc: 38.7097
[42,    32] loss: 2.1956 acc: 37.5000
[43,     1] loss: 2.0501 acc: 75.0000
[43,     2] loss: 2.1669 acc: 50.0000
[43,     3] loss: 2.2915 acc: 33.3333
[43,     4] loss: 2.1437 acc: 37.5000
[43,     5] loss: 2.1293 acc: 35.0000
[43,     6] loss: 2.2329 acc: 33.3333
[43,     7] loss: 2.2950 acc: 32.1429
[43,     8] loss: 2.1221 acc: 34.3750
[43,     9] loss: 2.1409 acc: 33.3333
[43,    10] loss: 2.1046 acc: 32.5000
[43,    11] loss: 2.0810 acc: 34.0909
[43,    12] loss: 2.2932 acc: 33.3333
[43,    13] loss: 2.3106 acc: 30.7692
[43,    14] loss: 2.1810 acc: 32.1429
[43,    15] loss: 2.2879 acc: 30.0000
[43,    16] loss: 2.2299 acc: 29.6875
[43,    17] loss: 2.1356 acc: 30.8824
[43,    18] loss: 2.1258 acc: 30.5556
[43,    19] loss: 2.1111 acc: 30.2632
[43,    20] loss: 2.1702 acc: 32.5000
[43,    21] loss: 2.0262 acc: 34.5238
[43,    22] loss: 2.1985 acc: 35.2273
[43,    23] loss: 2.1266 acc: 35.8696
[43,    24] loss: 2.1044 acc: 35.4167
[43,    25] loss: 2.2604 acc: 35.0000
[43,    26] loss: 2.2595 acc: 33.6538
[43,    27] loss: 2.2746 acc: 32.4074
[43,    28] loss: 2.2203 acc: 31.2500
[43,    29] loss: 1.9789 acc: 31.8966
[43,    30] loss: 2.1476 acc: 32.5000
[43,    31] loss: 2.2684 acc: 32.2581
[43,    32] loss: 2.0874 acc: 32.8125
[44,     1] loss: 2.0045 acc: 50.0000
[44,     2] loss: 2.2849 acc: 25.0000
[44,     3] loss: 2.2434 acc: 25.0000
[44,     4] loss: 2.1429 acc: 25.0000
[44,     5] loss: 2.2338 acc: 25.0000
[44,     6] loss: 2.2557 acc: 25.0000
[44,     7] loss: 2.1062 acc: 25.0000
[44,     8] loss: 2.0651 acc: 25.0000
[44,     9] loss: 2.2430 acc: 22.2222
[44,    10] loss: 2.2137 acc: 25.0000
[44,    11] loss: 2.2131 acc: 25.0000
[44,    12] loss: 2.1568 acc: 27.0833
[44,    13] loss: 2.1404 acc: 26.9231
[44,    14] loss: 2.1096 acc: 26.7857
[44,    15] loss: 2.1942 acc: 28.3333
[44,    16] loss: 2.2637 acc: 28.1250
[44,    17] loss: 2.0089 acc: 30.8824
[44,    18] loss: 2.1298 acc: 33.3333
[44,    19] loss: 2.1320 acc: 35.5263
[44,    20] loss: 2.2448 acc: 35.0000
[44,    21] loss: 1.9825 acc: 35.7143
[44,    22] loss: 2.1023 acc: 35.2273
[44,    23] loss: 2.1522 acc: 35.8696
[44,    24] loss: 2.1019 acc: 37.5000
[44,    25] loss: 2.1428 acc: 38.0000
[44,    26] loss: 2.2119 acc: 37.5000
[44,    27] loss: 1.9679 acc: 38.8889
[44,    28] loss: 2.1387 acc: 39.2857
[44,    29] loss: 1.9972 acc: 40.5172
[44,    30] loss: 2.1750 acc: 40.0000
[44,    31] loss: 2.2188 acc: 39.5161
[44,    32] loss: 2.0800 acc: 39.8438
[45,     1] loss: 2.1959 acc: 50.0000
[45,     2] loss: 2.0056 acc: 50.0000
[45,     3] loss: 2.2119 acc: 41.6667
[45,     4] loss: 2.1670 acc: 37.5000
[45,     5] loss: 2.2614 acc: 30.0000
[45,     6] loss: 2.2135 acc: 29.1667
[45,     7] loss: 2.0702 acc: 35.7143
[45,     8] loss: 2.1544 acc: 34.3750
[45,     9] loss: 2.1401 acc: 36.1111
[45,    10] loss: 2.1669 acc: 37.5000
[45,    11] loss: 2.3000 acc: 34.0909
[45,    12] loss: 1.9893 acc: 35.4167
[45,    13] loss: 2.2329 acc: 34.6154
[45,    14] loss: 2.2639 acc: 33.9286
[45,    15] loss: 2.1831 acc: 35.0000
[45,    16] loss: 2.3061 acc: 32.8125
[45,    17] loss: 2.2441 acc: 32.3529
[45,    18] loss: 2.1665 acc: 33.3333
[45,    19] loss: 2.1686 acc: 32.8947
[45,    20] loss: 2.1530 acc: 33.7500
[45,    21] loss: 2.0434 acc: 34.5238
[45,    22] loss: 2.1201 acc: 34.0909
[45,    23] loss: 2.1607 acc: 34.7826
[45,    24] loss: 2.1962 acc: 34.3750
[45,    25] loss: 2.2071 acc: 34.0000
[45,    26] loss: 2.1506 acc: 33.6538
[45,    27] loss: 2.1367 acc: 33.3333
[45,    28] loss: 2.0453 acc: 33.9286
[45,    29] loss: 2.2324 acc: 32.7586
[45,    30] loss: 2.0450 acc: 33.3333
[45,    31] loss: 2.2060 acc: 33.0645
[45,    32] loss: 2.2633 acc: 32.8125
[46,     1] loss: 2.2050 acc: 50.0000
[46,     2] loss: 2.0361 acc: 50.0000
[46,     3] loss: 2.2191 acc: 41.6667
[46,     4] loss: 2.2427 acc: 37.5000
[46,     5] loss: 2.1993 acc: 35.0000
[46,     6] loss: 2.0875 acc: 37.5000
[46,     7] loss: 2.1697 acc: 35.7143
[46,     8] loss: 2.2620 acc: 34.3750
[46,     9] loss: 2.1414 acc: 38.8889
[46,    10] loss: 2.2237 acc: 37.5000
[46,    11] loss: 2.0221 acc: 40.9091
[46,    12] loss: 2.1120 acc: 39.5833
[46,    13] loss: 2.1957 acc: 38.4615
[46,    14] loss: 1.9137 acc: 42.8571
[46,    15] loss: 2.2768 acc: 41.6667
[46,    16] loss: 2.2410 acc: 40.6250
[46,    17] loss: 2.3084 acc: 39.7059
[46,    18] loss: 2.0579 acc: 40.2778
[46,    19] loss: 2.2988 acc: 39.4737
[46,    20] loss: 2.1528 acc: 40.0000
[46,    21] loss: 2.2614 acc: 38.0952
[46,    22] loss: 2.1321 acc: 37.5000
[46,    23] loss: 2.1677 acc: 36.9565
[46,    24] loss: 2.2475 acc: 37.5000
[46,    25] loss: 2.2300 acc: 37.0000
[46,    26] loss: 2.1072 acc: 37.5000
[46,    27] loss: 2.2695 acc: 36.1111
[46,    28] loss: 2.1923 acc: 35.7143
[46,    29] loss: 2.1524 acc: 35.3448
[46,    30] loss: 2.0772 acc: 35.8333
[46,    31] loss: 2.3058 acc: 34.6774
[46,    32] loss: 1.9961 acc: 35.9375
[47,     1] loss: 2.0906 acc: 75.0000
[47,     2] loss: 2.2713 acc: 37.5000
[47,     3] loss: 2.0474 acc: 50.0000
[47,     4] loss: 2.1736 acc: 50.0000
[47,     5] loss: 2.1753 acc: 45.0000
[47,     6] loss: 2.2488 acc: 37.5000
[47,     7] loss: 2.1183 acc: 39.2857
[47,     8] loss: 1.9683 acc: 43.7500
[47,     9] loss: 2.2664 acc: 38.8889
[47,    10] loss: 2.2364 acc: 37.5000
[47,    11] loss: 2.1996 acc: 36.3636
[47,    12] loss: 2.1779 acc: 37.5000
[47,    13] loss: 2.0574 acc: 38.4615
[47,    14] loss: 2.1638 acc: 37.5000
[47,    15] loss: 2.2660 acc: 36.6667
[47,    16] loss: 2.1633 acc: 35.9375
[47,    17] loss: 2.3190 acc: 33.8235
[47,    18] loss: 2.2453 acc: 31.9444
[47,    19] loss: 2.2609 acc: 30.2632
[47,    20] loss: 2.0679 acc: 32.5000
[47,    21] loss: 2.1191 acc: 32.1429
[47,    22] loss: 2.0458 acc: 34.0909
[47,    23] loss: 2.1944 acc: 33.6957
[47,    24] loss: 2.2074 acc: 34.3750
[47,    25] loss: 2.1467 acc: 35.0000
[47,    26] loss: 2.0564 acc: 35.5769
[47,    27] loss: 2.1185 acc: 36.1111
[47,    28] loss: 2.3123 acc: 34.8214
[47,    29] loss: 2.2708 acc: 34.4828
[47,    30] loss: 2.2927 acc: 33.3333
[47,    31] loss: 2.2279 acc: 33.0645
[47,    32] loss: 2.2062 acc: 32.0312
[48,     1] loss: 2.1796 acc: 50.0000
[48,     2] loss: 2.1905 acc: 50.0000
[48,     3] loss: 2.0835 acc: 41.6667
[48,     4] loss: 2.2991 acc: 31.2500
[48,     5] loss: 2.2606 acc: 30.0000
[48,     6] loss: 2.2429 acc: 29.1667
[48,     7] loss: 2.0971 acc: 28.5714
[48,     8] loss: 2.2870 acc: 25.0000
[48,     9] loss: 2.2184 acc: 25.0000
[48,    10] loss: 2.1858 acc: 25.0000
[48,    11] loss: 2.0175 acc: 31.8182
[48,    12] loss: 2.0358 acc: 33.3333
[48,    13] loss: 2.1049 acc: 32.6923
[48,    14] loss: 2.1869 acc: 30.3571
[48,    15] loss: 2.2612 acc: 30.0000
[48,    16] loss: 2.0599 acc: 31.2500
[48,    17] loss: 2.1039 acc: 33.8235
[48,    18] loss: 2.1836 acc: 33.3333
[48,    19] loss: 2.0924 acc: 34.2105
[48,    20] loss: 2.0372 acc: 37.5000
[48,    21] loss: 2.2711 acc: 36.9048
[48,    22] loss: 2.1147 acc: 37.5000
[48,    23] loss: 2.2258 acc: 36.9565
[48,    24] loss: 2.1041 acc: 37.5000
[48,    25] loss: 2.2515 acc: 36.0000
[48,    26] loss: 2.1251 acc: 36.5385
[48,    27] loss: 1.9123 acc: 38.8889
[48,    28] loss: 2.2048 acc: 38.3929
[48,    29] loss: 1.9928 acc: 39.6552
[48,    30] loss: 2.1248 acc: 40.0000
[48,    31] loss: 2.0789 acc: 41.1290
[48,    32] loss: 2.0534 acc: 41.4062
[49,     1] loss: 2.1667 acc: 50.0000
[49,     2] loss: 2.1358 acc: 37.5000
[49,     3] loss: 1.9745 acc: 41.6667
[49,     4] loss: 2.0467 acc: 50.0000
[49,     5] loss: 2.2071 acc: 40.0000
[49,     6] loss: 2.1948 acc: 41.6667
[49,     7] loss: 2.1019 acc: 42.8571
[49,     8] loss: 2.0404 acc: 50.0000
[49,     9] loss: 2.0839 acc: 52.7778
[49,    10] loss: 2.3529 acc: 47.5000
[49,    11] loss: 2.2980 acc: 43.1818
[49,    12] loss: 2.2734 acc: 39.5833
[49,    13] loss: 2.1950 acc: 38.4615
[49,    14] loss: 2.2956 acc: 37.5000
[49,    15] loss: 2.2496 acc: 38.3333
[49,    16] loss: 2.1355 acc: 37.5000
[49,    17] loss: 2.1900 acc: 35.2941
[49,    18] loss: 2.2714 acc: 33.3333
[49,    19] loss: 2.2899 acc: 31.5789
[49,    20] loss: 2.0096 acc: 32.5000
[49,    21] loss: 2.0678 acc: 33.3333
[49,    22] loss: 2.3323 acc: 31.8182
[49,    23] loss: 2.1276 acc: 32.6087
[49,    24] loss: 2.2293 acc: 33.3333
[49,    25] loss: 2.2264 acc: 33.0000
[49,    26] loss: 2.0783 acc: 33.6538
[49,    27] loss: 2.1619 acc: 33.3333
[49,    28] loss: 2.2099 acc: 33.0357
[49,    29] loss: 2.2466 acc: 31.8966
[49,    30] loss: 2.3091 acc: 30.8333
[49,    31] loss: 2.0663 acc: 31.4516
[49,    32] loss: 2.0948 acc: 31.2500
[50,     1] loss: 2.2121 acc: 50.0000
[50,     2] loss: 2.0955 acc: 50.0000
[50,     3] loss: 2.2864 acc: 33.3333
[50,     4] loss: 2.0729 acc: 37.5000
[50,     5] loss: 2.1416 acc: 35.0000
[50,     6] loss: 2.1585 acc: 33.3333
[50,     7] loss: 2.1665 acc: 32.1429
[50,     8] loss: 2.1344 acc: 34.3750
[50,     9] loss: 2.2250 acc: 36.1111
[50,    10] loss: 2.1857 acc: 35.0000
[50,    11] loss: 2.0376 acc: 36.3636
[50,    12] loss: 2.3241 acc: 33.3333
[50,    13] loss: 2.1236 acc: 32.6923
[50,    14] loss: 2.2089 acc: 32.1429
[50,    15] loss: 2.1458 acc: 31.6667
[50,    16] loss: 2.2495 acc: 31.2500
[50,    17] loss: 2.1613 acc: 32.3529
[50,    18] loss: 2.1547 acc: 31.9444
[50,    19] loss: 2.0822 acc: 32.8947
[50,    20] loss: 2.1687 acc: 32.5000
[50,    21] loss: 2.0429 acc: 33.3333
[50,    22] loss: 2.3500 acc: 31.8182
[50,    23] loss: 2.2470 acc: 31.5217
[50,    24] loss: 2.0400 acc: 32.2917
[50,    25] loss: 2.2373 acc: 32.0000
[50,    26] loss: 2.2172 acc: 31.7308
[50,    27] loss: 2.2091 acc: 32.4074
[50,    28] loss: 2.1564 acc: 32.1429
[50,    29] loss: 2.0405 acc: 32.7586
[50,    30] loss: 2.0882 acc: 33.3333
[50,    31] loss: 2.0933 acc: 33.8710
[50,    32] loss: 2.1911 acc: 33.5938
[51,     1] loss: 2.1336 acc: 25.0000
[51,     2] loss: 2.2972 acc: 25.0000
[51,     3] loss: 2.2631 acc: 25.0000
[51,     4] loss: 2.1751 acc: 25.0000
[51,     5] loss: 2.3294 acc: 20.0000
[51,     6] loss: 2.2937 acc: 16.6667
[51,     7] loss: 2.1144 acc: 25.0000
[51,     8] loss: 2.2166 acc: 25.0000
[51,     9] loss: 2.0666 acc: 27.7778
[51,    10] loss: 2.1426 acc: 27.5000
[51,    11] loss: 2.1473 acc: 29.5455
[51,    12] loss: 2.0919 acc: 29.1667
[51,    13] loss: 2.2594 acc: 28.8462
[51,    14] loss: 2.0910 acc: 30.3571
[51,    15] loss: 2.3403 acc: 28.3333
[51,    16] loss: 2.2234 acc: 28.1250
[51,    17] loss: 2.2460 acc: 27.9412
[51,    18] loss: 2.1181 acc: 27.7778
[51,    19] loss: 2.1680 acc: 28.9474
[51,    20] loss: 2.1852 acc: 30.0000
[51,    21] loss: 2.2141 acc: 29.7619
[51,    22] loss: 2.1890 acc: 30.6818
[51,    23] loss: 2.0050 acc: 31.5217
[51,    24] loss: 2.0862 acc: 32.2917
[51,    25] loss: 2.0849 acc: 32.0000
[51,    26] loss: 2.1410 acc: 31.7308
[51,    27] loss: 2.1821 acc: 31.4815
[51,    28] loss: 2.1361 acc: 31.2500
[51,    29] loss: 2.1931 acc: 31.0345
[51,    30] loss: 2.1503 acc: 30.8333
[51,    31] loss: 2.1857 acc: 31.4516
[51,    32] loss: 1.9650 acc: 32.8125
[52,     1] loss: 2.0269 acc: 50.0000
[52,     2] loss: 2.1234 acc: 50.0000
[52,     3] loss: 2.0275 acc: 50.0000
[52,     4] loss: 2.2505 acc: 43.7500
[52,     5] loss: 1.9287 acc: 45.0000
[52,     6] loss: 2.1549 acc: 41.6667
[52,     7] loss: 2.2432 acc: 35.7143
[52,     8] loss: 2.1306 acc: 37.5000
[52,     9] loss: 2.2580 acc: 33.3333
[52,    10] loss: 2.1896 acc: 32.5000
[52,    11] loss: 2.2047 acc: 34.0909
[52,    12] loss: 2.1100 acc: 37.5000
[52,    13] loss: 2.2058 acc: 36.5385
[52,    14] loss: 2.1093 acc: 35.7143
[52,    15] loss: 2.2197 acc: 35.0000
[52,    16] loss: 2.1510 acc: 35.9375
[52,    17] loss: 2.0622 acc: 35.2941
[52,    18] loss: 2.1793 acc: 36.1111
[52,    19] loss: 2.0530 acc: 36.8421
[52,    20] loss: 2.1381 acc: 36.2500
[52,    21] loss: 2.2765 acc: 34.5238
[52,    22] loss: 2.2355 acc: 32.9545
[52,    23] loss: 2.2189 acc: 31.5217
[52,    24] loss: 2.2415 acc: 31.2500
[52,    25] loss: 2.1401 acc: 31.0000
[52,    26] loss: 2.1165 acc: 31.7308
[52,    27] loss: 2.2506 acc: 31.4815
[52,    28] loss: 2.1373 acc: 31.2500
[52,    29] loss: 2.2907 acc: 31.0345
[52,    30] loss: 2.1523 acc: 30.8333
[52,    31] loss: 2.2485 acc: 29.8387
[52,    32] loss: 2.1740 acc: 29.6875
[53,     1] loss: 2.3465 acc: 0.0000
[53,     2] loss: 2.0409 acc: 37.5000
[53,     3] loss: 2.2063 acc: 33.3333
[53,     4] loss: 1.9968 acc: 43.7500
[53,     5] loss: 2.1907 acc: 45.0000
[53,     6] loss: 2.1811 acc: 41.6667
[53,     7] loss: 2.3109 acc: 35.7143
[53,     8] loss: 2.1018 acc: 37.5000
[53,     9] loss: 2.0671 acc: 38.8889
[53,    10] loss: 1.9370 acc: 40.0000
[53,    11] loss: 2.2618 acc: 36.3636
[53,    12] loss: 2.2532 acc: 35.4167
[53,    13] loss: 2.2548 acc: 34.6154
[53,    14] loss: 2.2717 acc: 33.9286
[53,    15] loss: 2.2017 acc: 35.0000
[53,    16] loss: 2.1856 acc: 35.9375
[53,    17] loss: 2.1150 acc: 36.7647
[53,    18] loss: 2.0654 acc: 37.5000
[53,    19] loss: 2.2816 acc: 35.5263
[53,    20] loss: 2.0962 acc: 35.0000
[53,    21] loss: 2.1698 acc: 34.5238
[53,    22] loss: 2.3123 acc: 32.9545
[53,    23] loss: 2.2389 acc: 32.6087
[53,    24] loss: 2.1911 acc: 32.2917
[53,    25] loss: 2.0279 acc: 33.0000
[53,    26] loss: 2.1550 acc: 33.6538
[53,    27] loss: 2.2723 acc: 32.4074
[53,    28] loss: 2.3102 acc: 32.1429
[53,    29] loss: 2.2571 acc: 31.8966
[53,    30] loss: 2.1979 acc: 31.6667
[53,    31] loss: 2.2472 acc: 31.4516
[53,    32] loss: 2.2089 acc: 31.2500
[54,     1] loss: 2.0441 acc: 75.0000
[54,     2] loss: 2.2969 acc: 37.5000
[54,     3] loss: 2.1403 acc: 41.6667
[54,     4] loss: 2.0684 acc: 37.5000
[54,     5] loss: 1.9978 acc: 45.0000
[54,     6] loss: 2.2698 acc: 41.6667
[54,     7] loss: 2.2484 acc: 39.2857
[54,     8] loss: 2.0294 acc: 40.6250
[54,     9] loss: 2.2858 acc: 38.8889
[54,    10] loss: 2.0241 acc: 42.5000
[54,    11] loss: 2.1723 acc: 40.9091
[54,    12] loss: 2.0980 acc: 41.6667
[54,    13] loss: 2.1875 acc: 42.3077
[54,    14] loss: 2.2220 acc: 41.0714
[54,    15] loss: 2.1882 acc: 40.0000
[54,    16] loss: 2.0561 acc: 42.1875
[54,    17] loss: 2.0013 acc: 42.6471
[54,    18] loss: 2.1130 acc: 43.0556
[54,    19] loss: 2.0802 acc: 43.4211
[54,    20] loss: 2.0296 acc: 43.7500
[54,    21] loss: 2.1639 acc: 42.8571
[54,    22] loss: 2.2317 acc: 42.0455
[54,    23] loss: 2.0319 acc: 42.3913
[54,    24] loss: 2.0339 acc: 42.7083
[54,    25] loss: 2.1639 acc: 42.0000
[54,    26] loss: 2.2036 acc: 41.3462
[54,    27] loss: 2.2227 acc: 40.7407
[54,    28] loss: 2.0300 acc: 41.0714
[54,    29] loss: 2.0831 acc: 42.2414
[54,    30] loss: 2.2629 acc: 40.8333
[54,    31] loss: 2.1563 acc: 40.3226
[54,    32] loss: 2.1845 acc: 39.8438
[55,     1] loss: 2.1014 acc: 50.0000
[55,     2] loss: 1.9047 acc: 62.5000
[55,     3] loss: 2.2003 acc: 41.6667
[55,     4] loss: 2.2712 acc: 37.5000
[55,     5] loss: 2.0682 acc: 40.0000
[55,     6] loss: 2.1316 acc: 37.5000
[55,     7] loss: 2.1929 acc: 35.7143
[55,     8] loss: 2.0812 acc: 40.6250
[55,     9] loss: 2.1528 acc: 38.8889
[55,    10] loss: 2.1306 acc: 37.5000
[55,    11] loss: 2.1687 acc: 38.6364
[55,    12] loss: 2.0770 acc: 39.5833
[55,    13] loss: 2.1200 acc: 40.3846
[55,    14] loss: 2.0731 acc: 41.0714
[55,    15] loss: 2.1848 acc: 40.0000
[55,    16] loss: 1.9790 acc: 43.7500
[55,    17] loss: 2.2818 acc: 41.1765
[55,    18] loss: 2.1238 acc: 40.2778
[55,    19] loss: 2.3211 acc: 38.1579
[55,    20] loss: 2.1952 acc: 37.5000
[55,    21] loss: 2.0818 acc: 38.0952
[55,    22] loss: 2.2206 acc: 37.5000
[55,    23] loss: 2.2448 acc: 35.8696
[55,    24] loss: 2.1758 acc: 35.4167
[55,    25] loss: 2.2001 acc: 35.0000
[55,    26] loss: 2.1860 acc: 34.6154
[55,    27] loss: 2.2180 acc: 33.3333
[55,    28] loss: 2.3084 acc: 33.0357
[55,    29] loss: 2.1513 acc: 33.6207
[55,    30] loss: 2.0207 acc: 34.1667
[55,    31] loss: 2.0610 acc: 34.6774
[55,    32] loss: 2.1475 acc: 34.3750
[56,     1] loss: 2.0923 acc: 50.0000
[56,     2] loss: 2.1705 acc: 37.5000
[56,     3] loss: 2.1384 acc: 33.3333
[56,     4] loss: 2.0779 acc: 37.5000
[56,     5] loss: 2.1595 acc: 40.0000
[56,     6] loss: 2.1067 acc: 45.8333
[56,     7] loss: 2.0653 acc: 42.8571
[56,     8] loss: 2.1545 acc: 40.6250
[56,     9] loss: 2.1904 acc: 38.8889
[56,    10] loss: 2.2739 acc: 35.0000
[56,    11] loss: 1.9840 acc: 38.6364
[56,    12] loss: 2.1656 acc: 37.5000
[56,    13] loss: 2.1005 acc: 36.5385
[56,    14] loss: 2.1149 acc: 35.7143
[56,    15] loss: 2.1777 acc: 35.0000
[56,    16] loss: 2.2900 acc: 32.8125
[56,    17] loss: 2.1807 acc: 33.8235
[56,    18] loss: 2.2902 acc: 31.9444
[56,    19] loss: 2.1737 acc: 32.8947
[56,    20] loss: 2.1798 acc: 32.5000
[56,    21] loss: 2.0652 acc: 34.5238
[56,    22] loss: 2.2830 acc: 34.0909
[56,    23] loss: 2.2644 acc: 32.6087
[56,    24] loss: 2.2192 acc: 32.2917
[56,    25] loss: 2.1001 acc: 33.0000
[56,    26] loss: 2.0982 acc: 33.6538
[56,    27] loss: 2.1269 acc: 34.2593
[56,    28] loss: 2.0503 acc: 34.8214
[56,    29] loss: 2.0793 acc: 35.3448
[56,    30] loss: 2.1615 acc: 35.0000
[56,    31] loss: 2.1692 acc: 35.4839
[56,    32] loss: 2.2671 acc: 35.1562
[57,     1] loss: 2.2180 acc: 0.0000
[57,     2] loss: 2.2178 acc: 12.5000
[57,     3] loss: 2.1270 acc: 16.6667
[57,     4] loss: 2.1674 acc: 18.7500
[57,     5] loss: 2.3219 acc: 15.0000
[57,     6] loss: 2.2415 acc: 16.6667
[57,     7] loss: 1.8820 acc: 28.5714
[57,     8] loss: 2.1262 acc: 31.2500
[57,     9] loss: 2.0933 acc: 33.3333
[57,    10] loss: 2.0719 acc: 35.0000
[57,    11] loss: 2.1246 acc: 34.0909
[57,    12] loss: 2.0678 acc: 35.4167
[57,    13] loss: 2.0533 acc: 36.5385
[57,    14] loss: 2.1743 acc: 35.7143
[57,    15] loss: 2.1773 acc: 35.0000
[57,    16] loss: 2.2278 acc: 32.8125
[57,    17] loss: 2.2940 acc: 32.3529
[57,    18] loss: 2.0324 acc: 34.7222
[57,    19] loss: 2.1860 acc: 35.5263
[57,    20] loss: 2.1977 acc: 35.0000
[57,    21] loss: 2.3615 acc: 33.3333
[57,    22] loss: 2.2951 acc: 31.8182
[57,    23] loss: 2.1331 acc: 31.5217
[57,    24] loss: 2.2536 acc: 31.2500
[57,    25] loss: 2.0753 acc: 33.0000
[57,    26] loss: 2.1331 acc: 33.6538
[57,    27] loss: 2.0731 acc: 34.2593
[57,    28] loss: 2.2976 acc: 33.9286
[57,    29] loss: 1.9402 acc: 35.3448
[57,    30] loss: 2.2750 acc: 35.0000
[57,    31] loss: 2.2437 acc: 34.6774
[57,    32] loss: 2.1842 acc: 35.1562
[58,     1] loss: 2.0404 acc: 75.0000
[58,     2] loss: 2.2524 acc: 37.5000
[58,     3] loss: 2.1234 acc: 33.3333
[58,     4] loss: 2.2029 acc: 31.2500
[58,     5] loss: 1.9357 acc: 40.0000
[58,     6] loss: 2.1079 acc: 45.8333
[58,     7] loss: 2.1781 acc: 46.4286
[58,     8] loss: 2.0122 acc: 50.0000
[58,     9] loss: 2.1697 acc: 47.2222
[58,    10] loss: 2.1202 acc: 47.5000
[58,    11] loss: 2.2568 acc: 45.4545
[58,    12] loss: 2.3037 acc: 41.6667
[58,    13] loss: 2.2227 acc: 40.3846
[58,    14] loss: 2.1081 acc: 42.8571
[58,    15] loss: 2.1787 acc: 41.6667
[58,    16] loss: 2.0784 acc: 42.1875
[58,    17] loss: 2.1536 acc: 42.6471
[58,    18] loss: 2.1671 acc: 43.0556
[58,    19] loss: 1.9941 acc: 44.7368
[58,    20] loss: 2.0299 acc: 45.0000
[58,    21] loss: 2.1474 acc: 45.2381
[58,    22] loss: 2.1060 acc: 44.3182
[58,    23] loss: 2.1204 acc: 43.4783
[58,    24] loss: 2.1084 acc: 43.7500
[58,    25] loss: 2.1272 acc: 43.0000
[58,    26] loss: 2.3397 acc: 41.3462
[58,    27] loss: 2.2722 acc: 40.7407
[58,    28] loss: 2.3002 acc: 40.1786
[58,    29] loss: 2.0672 acc: 40.5172
[58,    30] loss: 2.1405 acc: 40.8333
[58,    31] loss: 2.2203 acc: 41.1290
[58,    32] loss: 1.9990 acc: 41.4062
[59,     1] loss: 2.2614 acc: 0.0000
[59,     2] loss: 2.1991 acc: 12.5000
[59,     3] loss: 2.0292 acc: 25.0000
[59,     4] loss: 2.1276 acc: 25.0000
[59,     5] loss: 2.1200 acc: 25.0000
[59,     6] loss: 2.0822 acc: 29.1667
[59,     7] loss: 1.9633 acc: 35.7143
[59,     8] loss: 2.1540 acc: 37.5000
[59,     9] loss: 2.1442 acc: 38.8889
[59,    10] loss: 2.2211 acc: 37.5000
[59,    11] loss: 2.2009 acc: 38.6364
[59,    12] loss: 2.0447 acc: 39.5833
[59,    13] loss: 2.2428 acc: 38.4615
[59,    14] loss: 2.2948 acc: 35.7143
[59,    15] loss: 2.2652 acc: 33.3333
[59,    16] loss: 2.2937 acc: 31.2500
[59,    17] loss: 2.0801 acc: 32.3529
[59,    18] loss: 2.1791 acc: 33.3333
[59,    19] loss: 2.2302 acc: 32.8947
[59,    20] loss: 2.1359 acc: 32.5000
[59,    21] loss: 2.1527 acc: 33.3333
[59,    22] loss: 2.1346 acc: 32.9545
[59,    23] loss: 2.2593 acc: 32.6087
[59,    24] loss: 2.1089 acc: 33.3333
[59,    25] loss: 2.2005 acc: 34.0000
[59,    26] loss: 2.2456 acc: 33.6538
[59,    27] loss: 2.0221 acc: 34.2593
[59,    28] loss: 2.2459 acc: 34.8214
[59,    29] loss: 2.1604 acc: 34.4828
[59,    30] loss: 2.2867 acc: 33.3333
[59,    31] loss: 2.0832 acc: 34.6774
[59,    32] loss: 2.0187 acc: 35.1562
[60,     1] loss: 2.1565 acc: 25.0000
[60,     2] loss: 1.9339 acc: 37.5000
[60,     3] loss: 2.1195 acc: 33.3333
[60,     4] loss: 2.1196 acc: 31.2500
[60,     5] loss: 2.1265 acc: 30.0000
[60,     6] loss: 2.0476 acc: 33.3333
[60,     7] loss: 2.1414 acc: 32.1429
[60,     8] loss: 2.1636 acc: 31.2500
[60,     9] loss: 2.1476 acc: 33.3333
[60,    10] loss: 2.1490 acc: 35.0000
[60,    11] loss: 2.2734 acc: 31.8182
[60,    12] loss: 2.2184 acc: 31.2500
[60,    13] loss: 2.1739 acc: 30.7692
[60,    14] loss: 2.2247 acc: 28.5714
[60,    15] loss: 2.3722 acc: 26.6667
[60,    16] loss: 2.0778 acc: 28.1250
[60,    17] loss: 2.1592 acc: 29.4118
[60,    18] loss: 2.0361 acc: 30.5556
[60,    19] loss: 2.2222 acc: 30.2632
[60,    20] loss: 2.0930 acc: 31.2500
[60,    21] loss: 1.9767 acc: 32.1429
[60,    22] loss: 2.2358 acc: 31.8182
[60,    23] loss: 2.0934 acc: 31.5217
[60,    24] loss: 2.3511 acc: 30.2083
[60,    25] loss: 2.3232 acc: 30.0000
[60,    26] loss: 2.0749 acc: 30.7692
[60,    27] loss: 2.3686 acc: 29.6296
[60,    28] loss: 2.1634 acc: 29.4643
[60,    29] loss: 1.9815 acc: 31.8966
[60,    30] loss: 2.1068 acc: 32.5000
[60,    31] loss: 2.0378 acc: 33.8710
[60,    32] loss: 2.2649 acc: 32.8125
[61,     1] loss: 2.0994 acc: 25.0000
[61,     2] loss: 2.2961 acc: 25.0000
[61,     3] loss: 2.1181 acc: 25.0000
[61,     4] loss: 2.1573 acc: 31.2500
[61,     5] loss: 1.9811 acc: 40.0000
[61,     6] loss: 2.1368 acc: 41.6667
[61,     7] loss: 2.2491 acc: 39.2857
[61,     8] loss: 2.1392 acc: 37.5000
[61,     9] loss: 2.0603 acc: 38.8889
[61,    10] loss: 2.1643 acc: 40.0000
[61,    11] loss: 2.2936 acc: 38.6364
[61,    12] loss: 2.2298 acc: 37.5000
[61,    13] loss: 2.1162 acc: 36.5385
[61,    14] loss: 2.2428 acc: 35.7143
[61,    15] loss: 2.3223 acc: 33.3333
[61,    16] loss: 2.1654 acc: 32.8125
[61,    17] loss: 2.2692 acc: 32.3529
[61,    18] loss: 1.9124 acc: 34.7222
[61,    19] loss: 2.0838 acc: 34.2105
[61,    20] loss: 2.3387 acc: 32.5000
[61,    21] loss: 2.1043 acc: 32.1429
[61,    22] loss: 2.0946 acc: 32.9545
[61,    23] loss: 2.1733 acc: 33.6957
[61,    24] loss: 2.3134 acc: 32.2917
[61,    25] loss: 2.0979 acc: 32.0000
[61,    26] loss: 2.2272 acc: 31.7308
[61,    27] loss: 2.3179 acc: 30.5556
[61,    28] loss: 1.9712 acc: 33.0357
[61,    29] loss: 2.2583 acc: 32.7586
[61,    30] loss: 1.9341 acc: 34.1667
[61,    31] loss: 2.3329 acc: 33.0645
[61,    32] loss: 2.1966 acc: 33.5938
[62,     1] loss: 2.2195 acc: 0.0000
[62,     2] loss: 2.3184 acc: 12.5000
[62,     3] loss: 2.2287 acc: 16.6667
[62,     4] loss: 2.2598 acc: 18.7500
[62,     5] loss: 2.1654 acc: 20.0000
[62,     6] loss: 2.2950 acc: 16.6667
[62,     7] loss: 2.0379 acc: 25.0000
[62,     8] loss: 2.0955 acc: 28.1250
[62,     9] loss: 2.3062 acc: 27.7778
[62,    10] loss: 2.2866 acc: 25.0000
[62,    11] loss: 1.9570 acc: 27.2727
[62,    12] loss: 1.9398 acc: 31.2500
[62,    13] loss: 2.1072 acc: 32.6923
[62,    14] loss: 2.1903 acc: 32.1429
[62,    15] loss: 2.1069 acc: 33.3333
[62,    16] loss: 2.3648 acc: 31.2500
[62,    17] loss: 2.0128 acc: 32.3529
[62,    18] loss: 2.1588 acc: 31.9444
[62,    19] loss: 2.1779 acc: 31.5789
[62,    20] loss: 2.1004 acc: 31.2500
[62,    21] loss: 2.2283 acc: 30.9524
[62,    22] loss: 2.2040 acc: 30.6818
[62,    23] loss: 2.2589 acc: 29.3478
[62,    24] loss: 2.0747 acc: 30.2083
[62,    25] loss: 2.3149 acc: 29.0000
[62,    26] loss: 2.0855 acc: 29.8077
[62,    27] loss: 2.2210 acc: 30.5556
[62,    28] loss: 2.2320 acc: 30.3571
[62,    29] loss: 2.2246 acc: 31.0345
[62,    30] loss: 1.9882 acc: 32.5000
[62,    31] loss: 2.0868 acc: 33.0645
[62,    32] loss: 2.1295 acc: 32.8125
[63,     1] loss: 2.1007 acc: 25.0000
[63,     2] loss: 2.1850 acc: 37.5000
[63,     3] loss: 2.1942 acc: 33.3333
[63,     4] loss: 2.2925 acc: 31.2500
[63,     5] loss: 2.2398 acc: 25.0000
[63,     6] loss: 1.9184 acc: 37.5000
[63,     7] loss: 2.1181 acc: 39.2857
[63,     8] loss: 2.0185 acc: 40.6250
[63,     9] loss: 2.2343 acc: 38.8889
[63,    10] loss: 2.1035 acc: 40.0000
[63,    11] loss: 2.3293 acc: 36.3636
[63,    12] loss: 2.1161 acc: 37.5000
[63,    13] loss: 2.3397 acc: 34.6154
[63,    14] loss: 2.2096 acc: 35.7143
[63,    15] loss: 2.1132 acc: 35.0000
[63,    16] loss: 2.1814 acc: 35.9375
[63,    17] loss: 2.0667 acc: 36.7647
[63,    18] loss: 2.0641 acc: 37.5000
[63,    19] loss: 2.2230 acc: 35.5263
[63,    20] loss: 2.2868 acc: 35.0000
[63,    21] loss: 1.9615 acc: 36.9048
[63,    22] loss: 2.3242 acc: 35.2273
[63,    23] loss: 2.2829 acc: 33.6957
[63,    24] loss: 2.1355 acc: 34.3750
[63,    25] loss: 2.1427 acc: 35.0000
[63,    26] loss: 2.2412 acc: 34.6154
[63,    27] loss: 2.1989 acc: 34.2593
[63,    28] loss: 2.0397 acc: 34.8214
[63,    29] loss: 2.2985 acc: 34.4828
[63,    30] loss: 2.2906 acc: 33.3333
[63,    31] loss: 2.1915 acc: 33.0645
[63,    32] loss: 2.1714 acc: 32.8125
[64,     1] loss: 2.0129 acc: 50.0000
[64,     2] loss: 2.2857 acc: 37.5000
[64,     3] loss: 2.0802 acc: 50.0000
[64,     4] loss: 2.1008 acc: 43.7500
[64,     5] loss: 2.1454 acc: 40.0000
[64,     6] loss: 2.3591 acc: 33.3333
[64,     7] loss: 2.1601 acc: 35.7143
[64,     8] loss: 1.9440 acc: 37.5000
[64,     9] loss: 2.1484 acc: 41.6667
[64,    10] loss: 2.0348 acc: 42.5000
[64,    11] loss: 2.2249 acc: 38.6364
[64,    12] loss: 2.0976 acc: 39.5833
[64,    13] loss: 2.2740 acc: 38.4615
[64,    14] loss: 2.1822 acc: 37.5000
[64,    15] loss: 2.2279 acc: 36.6667
[64,    16] loss: 2.1655 acc: 35.9375
[64,    17] loss: 2.3127 acc: 35.2941
[64,    18] loss: 2.2525 acc: 34.7222
[64,    19] loss: 2.2087 acc: 35.5263
[64,    20] loss: 2.0194 acc: 37.5000
[64,    21] loss: 1.9558 acc: 38.0952
[64,    22] loss: 2.1572 acc: 37.5000
[64,    23] loss: 2.3072 acc: 35.8696
[64,    24] loss: 2.0547 acc: 36.4583
[64,    25] loss: 2.0599 acc: 37.0000
[64,    26] loss: 2.1249 acc: 36.5385
[64,    27] loss: 1.9847 acc: 37.9630
[64,    28] loss: 2.1785 acc: 38.3929
[64,    29] loss: 1.8804 acc: 39.6552
[64,    30] loss: 2.1732 acc: 39.1667
[64,    31] loss: 2.1296 acc: 39.5161
[64,    32] loss: 2.2099 acc: 39.8438
[65,     1] loss: 2.2535 acc: 25.0000
[65,     2] loss: 2.0115 acc: 37.5000
[65,     3] loss: 2.2416 acc: 33.3333
[65,     4] loss: 2.1895 acc: 31.2500
[65,     5] loss: 2.0707 acc: 35.0000
[65,     6] loss: 2.2995 acc: 33.3333
[65,     7] loss: 2.2063 acc: 32.1429
[65,     8] loss: 2.2016 acc: 31.2500
[65,     9] loss: 2.2767 acc: 27.7778
[65,    10] loss: 2.1921 acc: 27.5000
[65,    11] loss: 1.9598 acc: 34.0909
[65,    12] loss: 2.1323 acc: 35.4167
[65,    13] loss: 2.0383 acc: 34.6154
[65,    14] loss: 2.2153 acc: 33.9286
[65,    15] loss: 2.1963 acc: 33.3333
[65,    16] loss: 2.1679 acc: 34.3750
[65,    17] loss: 2.2013 acc: 33.8235
[65,    18] loss: 2.0973 acc: 34.7222
[65,    19] loss: 2.3186 acc: 32.8947
[65,    20] loss: 2.0595 acc: 33.7500
[65,    21] loss: 2.0618 acc: 34.5238
[65,    22] loss: 2.2952 acc: 32.9545
[65,    23] loss: 2.0173 acc: 34.7826
[65,    24] loss: 2.2896 acc: 34.3750
[65,    25] loss: 2.1163 acc: 34.0000
[65,    26] loss: 2.2030 acc: 34.6154
[65,    27] loss: 2.0908 acc: 34.2593
[65,    28] loss: 2.2106 acc: 33.9286
[65,    29] loss: 2.2838 acc: 32.7586
[65,    30] loss: 2.2584 acc: 31.6667
[65,    31] loss: 2.0793 acc: 31.4516
[65,    32] loss: 2.1759 acc: 31.2500
[66,     1] loss: 2.2086 acc: 25.0000
[66,     2] loss: 2.2986 acc: 12.5000
[66,     3] loss: 2.1101 acc: 33.3333
[66,     4] loss: 2.1456 acc: 31.2500
[66,     5] loss: 2.0062 acc: 35.0000
[66,     6] loss: 1.8707 acc: 41.6667
[66,     7] loss: 2.3029 acc: 35.7143
[66,     8] loss: 2.0200 acc: 40.6250
[66,     9] loss: 2.2313 acc: 36.1111
[66,    10] loss: 2.2673 acc: 32.5000
[66,    11] loss: 2.1673 acc: 34.0909
[66,    12] loss: 2.1356 acc: 35.4167
[66,    13] loss: 2.0873 acc: 38.4615
[66,    14] loss: 2.0109 acc: 39.2857
[66,    15] loss: 2.2019 acc: 38.3333
[66,    16] loss: 2.0761 acc: 39.0625
[66,    17] loss: 2.0138 acc: 41.1765
[66,    18] loss: 2.0989 acc: 40.2778
[66,    19] loss: 2.3030 acc: 39.4737
[66,    20] loss: 2.0779 acc: 38.7500
[66,    21] loss: 2.1696 acc: 38.0952
[66,    22] loss: 2.1067 acc: 38.6364
[66,    23] loss: 2.0814 acc: 39.1304
[66,    24] loss: 1.8930 acc: 41.6667
[66,    25] loss: 2.1842 acc: 41.0000
[66,    26] loss: 2.3029 acc: 39.4231
[66,    27] loss: 2.0230 acc: 39.8148
[66,    28] loss: 2.1247 acc: 40.1786
[66,    29] loss: 2.1000 acc: 40.5172
[66,    30] loss: 2.1164 acc: 41.6667
[66,    31] loss: 2.1218 acc: 41.1290
[66,    32] loss: 2.1558 acc: 41.4062
[67,     1] loss: 2.2697 acc: 25.0000
[67,     2] loss: 1.9674 acc: 50.0000
[67,     3] loss: 2.2116 acc: 50.0000
[67,     4] loss: 2.1679 acc: 43.7500
[67,     5] loss: 2.2530 acc: 40.0000
[67,     6] loss: 2.2426 acc: 41.6667
[67,     7] loss: 2.2116 acc: 39.2857
[67,     8] loss: 2.1662 acc: 37.5000
[67,     9] loss: 1.9618 acc: 38.8889
[67,    10] loss: 2.0503 acc: 40.0000
[67,    11] loss: 2.3248 acc: 36.3636
[67,    12] loss: 2.1256 acc: 37.5000
[67,    13] loss: 2.2744 acc: 34.6154
[67,    14] loss: 2.3396 acc: 32.1429
[67,    15] loss: 2.1996 acc: 33.3333
[67,    16] loss: 2.1844 acc: 34.3750
[67,    17] loss: 2.1196 acc: 33.8235
[67,    18] loss: 2.1671 acc: 33.3333
[67,    19] loss: 2.2650 acc: 31.5789
[67,    20] loss: 2.1469 acc: 32.5000
[67,    21] loss: 2.0995 acc: 32.1429
[67,    22] loss: 2.0376 acc: 32.9545
[67,    23] loss: 2.2765 acc: 31.5217
[67,    24] loss: 2.2593 acc: 30.2083
[67,    25] loss: 2.1345 acc: 30.0000
[67,    26] loss: 2.2960 acc: 28.8462
[67,    27] loss: 2.2494 acc: 28.7037
[67,    28] loss: 2.1244 acc: 28.5714
[67,    29] loss: 2.1858 acc: 28.4483
[67,    30] loss: 2.0459 acc: 30.0000
[67,    31] loss: 2.1109 acc: 31.4516
[67,    32] loss: 1.8788 acc: 32.8125
[68,     1] loss: 2.0613 acc: 25.0000
[68,     2] loss: 2.2363 acc: 25.0000
[68,     3] loss: 2.0541 acc: 25.0000
[68,     4] loss: 2.1676 acc: 31.2500
[68,     5] loss: 2.2108 acc: 30.0000
[68,     6] loss: 2.2927 acc: 29.1667
[68,     7] loss: 2.0994 acc: 32.1429
[68,     8] loss: 2.1295 acc: 34.3750
[68,     9] loss: 2.2901 acc: 30.5556
[68,    10] loss: 2.2470 acc: 27.5000
[68,    11] loss: 1.9075 acc: 31.8182
[68,    12] loss: 2.1118 acc: 33.3333
[68,    13] loss: 2.1419 acc: 34.6154
[68,    14] loss: 2.0377 acc: 35.7143
[68,    15] loss: 2.2570 acc: 35.0000
[68,    16] loss: 2.0919 acc: 37.5000
[68,    17] loss: 2.1127 acc: 38.2353
[68,    18] loss: 1.9201 acc: 40.2778
[68,    19] loss: 2.1473 acc: 40.7895
[68,    20] loss: 2.2189 acc: 38.7500
[68,    21] loss: 2.0477 acc: 39.2857
[68,    22] loss: 1.9864 acc: 40.9091
[68,    23] loss: 2.0727 acc: 41.3043
[68,    24] loss: 2.0884 acc: 40.6250
[68,    25] loss: 2.0963 acc: 41.0000
[68,    26] loss: 2.1539 acc: 41.3462
[68,    27] loss: 2.1197 acc: 40.7407
[68,    28] loss: 2.1771 acc: 40.1786
[68,    29] loss: 2.1956 acc: 39.6552
[68,    30] loss: 2.2397 acc: 39.1667
[68,    31] loss: 2.2798 acc: 38.7097
[68,    32] loss: 2.2219 acc: 39.0625
[69,     1] loss: 2.1116 acc: 50.0000
[69,     2] loss: 2.2272 acc: 37.5000
[69,     3] loss: 2.1626 acc: 33.3333
[69,     4] loss: 2.0730 acc: 37.5000
[69,     5] loss: 2.1455 acc: 35.0000
[69,     6] loss: 2.0294 acc: 37.5000
[69,     7] loss: 1.9561 acc: 39.2857
[69,     8] loss: 2.1227 acc: 37.5000
[69,     9] loss: 2.1554 acc: 41.6667
[69,    10] loss: 2.0562 acc: 40.0000
[69,    11] loss: 2.1897 acc: 36.3636
[69,    12] loss: 2.2264 acc: 33.3333
[69,    13] loss: 1.9887 acc: 34.6154
[69,    14] loss: 2.0822 acc: 35.7143
[69,    15] loss: 2.3308 acc: 33.3333
[69,    16] loss: 2.2630 acc: 32.8125
[69,    17] loss: 2.0214 acc: 33.8235
[69,    18] loss: 2.0823 acc: 34.7222
[69,    19] loss: 2.0642 acc: 35.5263
[69,    20] loss: 2.0184 acc: 36.2500
[69,    21] loss: 2.0735 acc: 36.9048
[69,    22] loss: 2.0978 acc: 37.5000
[69,    23] loss: 2.1532 acc: 38.0435
[69,    24] loss: 2.0115 acc: 39.5833
[69,    25] loss: 2.0186 acc: 40.0000
[69,    26] loss: 2.1441 acc: 40.3846
[69,    27] loss: 1.9865 acc: 40.7407
[69,    28] loss: 2.1488 acc: 40.1786
[69,    29] loss: 2.0760 acc: 39.6552
[69,    30] loss: 2.2288 acc: 39.1667
[69,    31] loss: 2.2390 acc: 37.9032
[69,    32] loss: 2.3042 acc: 37.5000
[70,     1] loss: 2.1471 acc: 50.0000
[70,     2] loss: 2.1783 acc: 37.5000
[70,     3] loss: 2.0855 acc: 50.0000
[70,     4] loss: 2.0264 acc: 50.0000
[70,     5] loss: 2.0230 acc: 50.0000
[70,     6] loss: 2.2175 acc: 45.8333
[70,     7] loss: 2.1597 acc: 50.0000
[70,     8] loss: 2.0161 acc: 53.1250
[70,     9] loss: 2.2259 acc: 50.0000
[70,    10] loss: 2.2051 acc: 50.0000
[70,    11] loss: 2.2069 acc: 50.0000
[70,    12] loss: 2.3347 acc: 45.8333
[70,    13] loss: 2.2233 acc: 44.2308
[70,    14] loss: 2.0374 acc: 44.6429
[70,    15] loss: 2.2133 acc: 41.6667
[70,    16] loss: 2.1965 acc: 39.0625
[70,    17] loss: 2.2649 acc: 36.7647
[70,    18] loss: 1.9692 acc: 37.5000
[70,    19] loss: 2.1666 acc: 36.8421
[70,    20] loss: 2.2378 acc: 36.2500
[70,    21] loss: 1.9452 acc: 38.0952
[70,    22] loss: 1.9935 acc: 38.6364
[70,    23] loss: 2.1356 acc: 38.0435
[70,    24] loss: 2.1377 acc: 38.5417
[70,    25] loss: 2.2265 acc: 38.0000
[70,    26] loss: 2.0612 acc: 38.4615
[70,    27] loss: 2.2941 acc: 37.9630
[70,    28] loss: 2.1103 acc: 38.3929
[70,    29] loss: 2.1196 acc: 38.7931
[70,    30] loss: 2.2815 acc: 38.3333
[70,    31] loss: 2.1046 acc: 37.9032
[70,    32] loss: 2.1393 acc: 38.2812
[71,     1] loss: 2.1194 acc: 25.0000
[71,     2] loss: 2.2825 acc: 12.5000
[71,     3] loss: 2.1642 acc: 25.0000
[71,     4] loss: 2.1607 acc: 25.0000
[71,     5] loss: 2.1168 acc: 30.0000
[71,     6] loss: 2.1253 acc: 29.1667
[71,     7] loss: 2.0942 acc: 28.5714
[71,     8] loss: 2.1235 acc: 31.2500
[71,     9] loss: 2.0959 acc: 33.3333
[71,    10] loss: 2.1365 acc: 32.5000
[71,    11] loss: 2.1244 acc: 31.8182
[71,    12] loss: 2.0618 acc: 33.3333
[71,    13] loss: 2.1476 acc: 34.6154
[71,    14] loss: 2.1218 acc: 35.7143
[71,    15] loss: 2.1958 acc: 36.6667
[71,    16] loss: 1.9526 acc: 37.5000
[71,    17] loss: 2.1116 acc: 36.7647
[71,    18] loss: 2.1073 acc: 36.1111
[71,    19] loss: 2.1577 acc: 36.8421
[71,    20] loss: 2.1990 acc: 35.0000
[71,    21] loss: 2.2775 acc: 34.5238
[71,    22] loss: 2.0367 acc: 35.2273
[71,    23] loss: 2.3360 acc: 33.6957
[71,    24] loss: 2.2218 acc: 34.3750
[71,    25] loss: 1.9968 acc: 35.0000
[71,    26] loss: 2.1394 acc: 34.6154
[71,    27] loss: 2.1049 acc: 35.1852
[71,    28] loss: 2.0186 acc: 35.7143
[71,    29] loss: 2.1573 acc: 35.3448
[71,    30] loss: 2.1072 acc: 35.8333
[71,    31] loss: 2.2368 acc: 34.6774
[71,    32] loss: 2.2697 acc: 34.3750
[72,     1] loss: 2.0557 acc: 50.0000
[72,     2] loss: 2.0008 acc: 50.0000
[72,     3] loss: 2.3175 acc: 33.3333
[72,     4] loss: 2.0859 acc: 37.5000
[72,     5] loss: 2.1776 acc: 40.0000
[72,     6] loss: 2.1862 acc: 37.5000
[72,     7] loss: 2.3204 acc: 32.1429
[72,     8] loss: 2.0593 acc: 34.3750
[72,     9] loss: 2.0676 acc: 36.1111
[72,    10] loss: 2.2488 acc: 35.0000
[72,    11] loss: 2.1579 acc: 34.0909
[72,    12] loss: 2.2478 acc: 33.3333
[72,    13] loss: 2.1406 acc: 32.6923
[72,    14] loss: 2.3336 acc: 32.1429
[72,    15] loss: 2.0455 acc: 33.3333
[72,    16] loss: 2.0929 acc: 34.3750
[72,    17] loss: 2.0788 acc: 35.2941
[72,    18] loss: 2.0901 acc: 36.1111
[72,    19] loss: 2.0850 acc: 36.8421
[72,    20] loss: 2.1471 acc: 36.2500
[72,    21] loss: 2.1676 acc: 35.7143
[72,    22] loss: 2.0999 acc: 36.3636
[72,    23] loss: 2.1564 acc: 35.8696
[72,    24] loss: 2.0757 acc: 36.4583
[72,    25] loss: 1.9722 acc: 37.0000
[72,    26] loss: 2.0437 acc: 37.5000
[72,    27] loss: 2.0851 acc: 37.0370
[72,    28] loss: 2.0133 acc: 37.5000
[72,    29] loss: 2.2946 acc: 36.2069
[72,    30] loss: 2.2040 acc: 35.0000
[72,    31] loss: 2.0868 acc: 35.4839
[72,    32] loss: 2.1299 acc: 35.9375
[73,     1] loss: 2.1100 acc: 50.0000
[73,     2] loss: 2.0889 acc: 62.5000
[73,     3] loss: 2.2712 acc: 41.6667
[73,     4] loss: 2.2061 acc: 37.5000
[73,     5] loss: 2.1322 acc: 35.0000
[73,     6] loss: 2.0980 acc: 37.5000
[73,     7] loss: 2.1013 acc: 35.7143
[73,     8] loss: 2.0182 acc: 37.5000
[73,     9] loss: 2.2690 acc: 36.1111
[73,    10] loss: 2.1306 acc: 35.0000
[73,    11] loss: 2.2971 acc: 31.8182
[73,    12] loss: 2.2019 acc: 31.2500
[73,    13] loss: 2.2028 acc: 34.6154
[73,    14] loss: 2.3460 acc: 32.1429
[73,    15] loss: 2.1537 acc: 33.3333
[73,    16] loss: 2.3213 acc: 31.2500
[73,    17] loss: 1.9570 acc: 33.8235
[73,    18] loss: 2.1310 acc: 33.3333
[73,    19] loss: 2.3226 acc: 31.5789
[73,    20] loss: 2.0599 acc: 32.5000
[73,    21] loss: 2.0513 acc: 32.1429
[73,    22] loss: 2.1969 acc: 31.8182
[73,    23] loss: 2.1777 acc: 31.5217
[73,    24] loss: 2.0628 acc: 32.2917
[73,    25] loss: 1.9613 acc: 33.0000
[73,    26] loss: 2.0632 acc: 34.6154
[73,    27] loss: 2.1136 acc: 35.1852
[73,    28] loss: 2.1503 acc: 34.8214
[73,    29] loss: 2.1956 acc: 34.4828
[73,    30] loss: 2.3522 acc: 33.3333
[73,    31] loss: 2.2035 acc: 33.0645
[73,    32] loss: 1.9717 acc: 34.3750
[74,     1] loss: 2.1153 acc: 25.0000
[74,     2] loss: 2.2093 acc: 25.0000
[74,     3] loss: 2.1067 acc: 25.0000
[74,     4] loss: 2.0515 acc: 31.2500
[74,     5] loss: 2.0288 acc: 35.0000
[74,     6] loss: 2.1427 acc: 37.5000
[74,     7] loss: 2.2759 acc: 35.7143
[74,     8] loss: 2.2626 acc: 34.3750
[74,     9] loss: 2.1085 acc: 36.1111
[74,    10] loss: 2.1764 acc: 35.0000
[74,    11] loss: 2.2752 acc: 31.8182
[74,    12] loss: 2.3201 acc: 29.1667
[74,    13] loss: 2.2776 acc: 28.8462
[74,    14] loss: 2.2116 acc: 28.5714
[74,    15] loss: 2.2029 acc: 28.3333
[74,    16] loss: 2.1131 acc: 29.6875
[74,    17] loss: 2.2336 acc: 29.4118
[74,    18] loss: 2.1816 acc: 30.5556
[74,    19] loss: 2.0492 acc: 31.5789
[74,    20] loss: 2.0401 acc: 32.5000
[74,    21] loss: 2.2447 acc: 30.9524
[74,    22] loss: 1.9982 acc: 31.8182
[74,    23] loss: 1.8003 acc: 34.7826
[74,    24] loss: 2.1235 acc: 34.3750
[74,    25] loss: 2.0896 acc: 35.0000
[74,    26] loss: 2.0004 acc: 37.5000
[74,    27] loss: 2.1324 acc: 37.9630
[74,    28] loss: 2.2045 acc: 36.6071
[74,    29] loss: 2.2754 acc: 36.2069
[74,    30] loss: 2.1345 acc: 35.8333
[74,    31] loss: 2.0741 acc: 36.2903
[74,    32] loss: 2.1305 acc: 36.7188
[75,     1] loss: 2.1553 acc: 25.0000
[75,     2] loss: 2.0379 acc: 37.5000
[75,     3] loss: 2.3542 acc: 25.0000
[75,     4] loss: 2.0948 acc: 25.0000
[75,     5] loss: 2.1085 acc: 30.0000
[75,     6] loss: 2.0251 acc: 33.3333
[75,     7] loss: 2.0691 acc: 35.7143
[75,     8] loss: 2.3707 acc: 31.2500
[75,     9] loss: 2.1557 acc: 33.3333
[75,    10] loss: 2.1846 acc: 30.0000
[75,    11] loss: 1.9416 acc: 36.3636
[75,    12] loss: 2.0707 acc: 37.5000
[75,    13] loss: 2.1001 acc: 38.4615
[75,    14] loss: 2.3079 acc: 37.5000
[75,    15] loss: 2.0068 acc: 38.3333
[75,    16] loss: 2.0984 acc: 37.5000
[75,    17] loss: 2.1136 acc: 38.2353
[75,    18] loss: 2.1828 acc: 37.5000
[75,    19] loss: 2.1582 acc: 36.8421
[75,    20] loss: 2.1795 acc: 36.2500
[75,    21] loss: 1.9681 acc: 36.9048
[75,    22] loss: 2.1185 acc: 36.3636
[75,    23] loss: 2.0757 acc: 36.9565
[75,    24] loss: 2.0993 acc: 38.5417
[75,    25] loss: 2.1166 acc: 38.0000
[75,    26] loss: 2.3241 acc: 36.5385
[75,    27] loss: 2.1631 acc: 36.1111
[75,    28] loss: 2.2042 acc: 35.7143
[75,    29] loss: 2.1113 acc: 36.2069
[75,    30] loss: 2.1797 acc: 35.8333
[75,    31] loss: 2.1401 acc: 36.2903
[75,    32] loss: 2.1313 acc: 35.9375
[76,     1] loss: 2.0837 acc: 50.0000
[76,     2] loss: 2.0371 acc: 62.5000
[76,     3] loss: 2.1834 acc: 58.3333
[76,     4] loss: 2.1729 acc: 50.0000
[76,     5] loss: 2.0957 acc: 45.0000
[76,     6] loss: 2.2745 acc: 37.5000
[76,     7] loss: 2.0059 acc: 39.2857
[76,     8] loss: 2.1866 acc: 37.5000
[76,     9] loss: 2.0107 acc: 38.8889
[76,    10] loss: 2.1821 acc: 37.5000
[76,    11] loss: 2.2184 acc: 36.3636
[76,    12] loss: 2.2896 acc: 35.4167
[76,    13] loss: 2.2042 acc: 34.6154
[76,    14] loss: 2.3930 acc: 32.1429
[76,    15] loss: 2.0288 acc: 33.3333
[76,    16] loss: 1.9540 acc: 35.9375
[76,    17] loss: 2.0519 acc: 39.7059
[76,    18] loss: 2.1349 acc: 38.8889
[76,    19] loss: 2.0080 acc: 39.4737
[76,    20] loss: 2.2474 acc: 38.7500
[76,    21] loss: 2.1233 acc: 38.0952
[76,    22] loss: 2.2205 acc: 36.3636
[76,    23] loss: 2.1221 acc: 35.8696
[76,    24] loss: 2.0912 acc: 36.4583
[76,    25] loss: 2.1227 acc: 37.0000
[76,    26] loss: 2.3166 acc: 35.5769
[76,    27] loss: 1.9186 acc: 37.0370
[76,    28] loss: 1.9620 acc: 38.3929
[76,    29] loss: 1.9015 acc: 39.6552
[76,    30] loss: 2.0101 acc: 40.0000
[76,    31] loss: 2.0105 acc: 41.1290
[76,    32] loss: 2.3005 acc: 39.8438
[77,     1] loss: 2.0378 acc: 50.0000
[77,     2] loss: 2.2394 acc: 37.5000
[77,     3] loss: 2.1459 acc: 33.3333
[77,     4] loss: 2.1302 acc: 31.2500
[77,     5] loss: 2.0455 acc: 30.0000
[77,     6] loss: 2.0529 acc: 33.3333
[77,     7] loss: 2.0137 acc: 39.2857
[77,     8] loss: 2.0743 acc: 40.6250
[77,     9] loss: 2.1394 acc: 41.6667
[77,    10] loss: 2.0880 acc: 42.5000
[77,    11] loss: 2.2634 acc: 40.9091
[77,    12] loss: 2.0818 acc: 41.6667
[77,    13] loss: 2.2862 acc: 40.3846
[77,    14] loss: 1.9531 acc: 41.0714
[77,    15] loss: 2.0842 acc: 43.3333
[77,    16] loss: 2.0236 acc: 43.7500
[77,    17] loss: 2.0543 acc: 42.6471
[77,    18] loss: 2.2346 acc: 40.2778
[77,    19] loss: 2.2116 acc: 39.4737
[77,    20] loss: 2.1459 acc: 38.7500
[77,    21] loss: 2.3319 acc: 38.0952
[77,    22] loss: 2.2899 acc: 37.5000
[77,    23] loss: 2.2403 acc: 36.9565
[77,    24] loss: 2.0218 acc: 38.5417
[77,    25] loss: 2.2059 acc: 39.0000
[77,    26] loss: 2.0794 acc: 39.4231
[77,    27] loss: 1.9521 acc: 39.8148
[77,    28] loss: 2.2729 acc: 38.3929
[77,    29] loss: 2.3364 acc: 37.0690
[77,    30] loss: 2.1354 acc: 37.5000
[77,    31] loss: 2.2469 acc: 36.2903
[77,    32] loss: 2.1183 acc: 36.7188
[78,     1] loss: 2.0085 acc: 50.0000
[78,     2] loss: 2.3353 acc: 25.0000
[78,     3] loss: 2.1885 acc: 25.0000
[78,     4] loss: 2.3257 acc: 18.7500
[78,     5] loss: 2.3447 acc: 15.0000
[78,     6] loss: 2.3362 acc: 12.5000
[78,     7] loss: 2.1898 acc: 17.8571
[78,     8] loss: 1.9745 acc: 21.8750
[78,     9] loss: 2.1687 acc: 25.0000
[78,    10] loss: 2.1360 acc: 25.0000
[78,    11] loss: 2.1502 acc: 25.0000
[78,    12] loss: 2.0635 acc: 25.0000
[78,    13] loss: 2.1381 acc: 25.0000
[78,    14] loss: 2.3114 acc: 23.2143
[78,    15] loss: 2.2964 acc: 21.6667
[78,    16] loss: 2.3216 acc: 20.3125
[78,    17] loss: 2.1777 acc: 20.5882
[78,    18] loss: 2.1440 acc: 20.8333
[78,    19] loss: 2.2873 acc: 19.7368
[78,    20] loss: 2.0248 acc: 21.2500
[78,    21] loss: 2.3296 acc: 20.2381
[78,    22] loss: 2.0657 acc: 22.7273
[78,    23] loss: 2.1344 acc: 23.9130
[78,    24] loss: 1.8846 acc: 26.0417
[78,    25] loss: 2.0642 acc: 27.0000
[78,    26] loss: 2.2692 acc: 26.9231
[78,    27] loss: 2.1814 acc: 26.8519
[78,    28] loss: 2.1600 acc: 25.8929
[78,    29] loss: 1.8408 acc: 27.5862
[78,    30] loss: 2.1147 acc: 28.3333
[78,    31] loss: 2.3139 acc: 27.4194
[78,    32] loss: 2.3186 acc: 26.5625
[79,     1] loss: 2.0731 acc: 50.0000
[79,     2] loss: 2.2773 acc: 25.0000
[79,     3] loss: 2.0983 acc: 25.0000
[79,     4] loss: 1.9192 acc: 37.5000
[79,     5] loss: 2.0788 acc: 35.0000
[79,     6] loss: 2.0065 acc: 37.5000
[79,     7] loss: 2.1226 acc: 39.2857
[79,     8] loss: 2.1239 acc: 37.5000
[79,     9] loss: 2.1849 acc: 38.8889
[79,    10] loss: 2.0592 acc: 40.0000
[79,    11] loss: 2.1604 acc: 38.6364
[79,    12] loss: 2.0208 acc: 41.6667
[79,    13] loss: 2.3559 acc: 38.4615
[79,    14] loss: 2.0749 acc: 37.5000
[79,    15] loss: 2.2039 acc: 36.6667
[79,    16] loss: 2.0270 acc: 37.5000
[79,    17] loss: 2.2139 acc: 36.7647
[79,    18] loss: 2.0941 acc: 37.5000
[79,    19] loss: 1.9894 acc: 38.1579
[79,    20] loss: 2.2725 acc: 36.2500
[79,    21] loss: 2.1320 acc: 35.7143
[79,    22] loss: 1.9877 acc: 36.3636
[79,    23] loss: 2.0454 acc: 36.9565
[79,    24] loss: 2.1660 acc: 36.4583
[79,    25] loss: 2.0247 acc: 38.0000
[79,    26] loss: 2.0703 acc: 38.4615
[79,    27] loss: 2.2024 acc: 37.9630
[79,    28] loss: 2.1524 acc: 37.5000
[79,    29] loss: 2.1516 acc: 37.9310
[79,    30] loss: 2.2435 acc: 37.5000
[79,    31] loss: 2.1318 acc: 37.0968
[79,    32] loss: 2.2158 acc: 36.7188
[80,     1] loss: 2.2382 acc: 25.0000
[80,     2] loss: 2.0138 acc: 37.5000
[80,     3] loss: 2.2625 acc: 33.3333
[80,     4] loss: 1.9569 acc: 43.7500
[80,     5] loss: 2.1686 acc: 40.0000
[80,     6] loss: 2.0228 acc: 41.6667
[80,     7] loss: 2.0752 acc: 42.8571
[80,     8] loss: 2.0826 acc: 43.7500
[80,     9] loss: 1.9684 acc: 44.4444
[80,    10] loss: 2.1051 acc: 42.5000
[80,    11] loss: 1.9895 acc: 45.4545
[80,    12] loss: 2.0615 acc: 45.8333
[80,    13] loss: 2.1327 acc: 46.1538
[80,    14] loss: 2.2231 acc: 44.6429
[80,    15] loss: 1.9883 acc: 46.6667
[80,    16] loss: 2.2011 acc: 45.3125
[80,    17] loss: 1.9005 acc: 47.0588
[80,    18] loss: 2.0698 acc: 47.2222
[80,    19] loss: 2.0509 acc: 48.6842
[80,    20] loss: 2.2609 acc: 46.2500
[80,    21] loss: 2.0583 acc: 46.4286
[80,    22] loss: 2.0229 acc: 47.7273
[80,    23] loss: 2.0859 acc: 47.8261
[80,    24] loss: 1.9996 acc: 47.9167
[80,    25] loss: 2.1204 acc: 47.0000
[80,    26] loss: 2.1130 acc: 46.1538
[80,    27] loss: 2.2405 acc: 45.3704
[80,    28] loss: 2.1934 acc: 45.5357
[80,    29] loss: 2.2584 acc: 44.8276
[80,    30] loss: 2.1130 acc: 44.1667
[80,    31] loss: 2.2222 acc: 43.5484
[80,    32] loss: 2.1038 acc: 42.9688
[81,     1] loss: 2.2690 acc: 25.0000
[81,     2] loss: 2.1502 acc: 37.5000
[81,     3] loss: 2.0856 acc: 41.6667
[81,     4] loss: 2.2712 acc: 37.5000
[81,     5] loss: 2.2111 acc: 35.0000
[81,     6] loss: 2.0268 acc: 41.6667
[81,     7] loss: 2.1330 acc: 39.2857
[81,     8] loss: 1.9210 acc: 40.6250
[81,     9] loss: 2.1414 acc: 41.6667
[81,    10] loss: 2.2408 acc: 37.5000
[81,    11] loss: 2.1657 acc: 36.3636
[81,    12] loss: 2.2494 acc: 35.4167
[81,    13] loss: 2.2135 acc: 34.6154
[81,    14] loss: 2.1852 acc: 33.9286
[81,    15] loss: 2.0435 acc: 35.0000
[81,    16] loss: 2.1576 acc: 35.9375
[81,    17] loss: 2.0631 acc: 36.7647
[81,    18] loss: 2.3014 acc: 34.7222
[81,    19] loss: 2.1161 acc: 35.5263
[81,    20] loss: 2.2961 acc: 35.0000
[81,    21] loss: 2.1247 acc: 34.5238
[81,    22] loss: 2.0662 acc: 35.2273
[81,    23] loss: 2.0976 acc: 34.7826
[81,    24] loss: 1.7928 acc: 37.5000
[81,    25] loss: 2.2390 acc: 37.0000
[81,    26] loss: 2.1973 acc: 36.5385
[81,    27] loss: 2.1679 acc: 37.0370
[81,    28] loss: 2.2183 acc: 36.6071
[81,    29] loss: 2.1304 acc: 36.2069
[81,    30] loss: 2.1350 acc: 36.6667
[81,    31] loss: 2.1329 acc: 36.2903
[81,    32] loss: 2.1079 acc: 35.9375
[82,     1] loss: 1.8896 acc: 75.0000
[82,     2] loss: 2.3292 acc: 37.5000
[82,     3] loss: 2.0431 acc: 33.3333
[82,     4] loss: 2.1875 acc: 31.2500
[82,     5] loss: 2.1151 acc: 35.0000
[82,     6] loss: 2.1114 acc: 33.3333
[82,     7] loss: 2.2529 acc: 35.7143
[82,     8] loss: 2.0182 acc: 40.6250
[82,     9] loss: 2.1522 acc: 38.8889
[82,    10] loss: 2.0431 acc: 40.0000
[82,    11] loss: 2.1794 acc: 38.6364
[82,    12] loss: 2.1517 acc: 37.5000
[82,    13] loss: 2.1094 acc: 38.4615
[82,    14] loss: 2.2524 acc: 37.5000
[82,    15] loss: 2.1032 acc: 36.6667
[82,    16] loss: 2.1667 acc: 37.5000
[82,    17] loss: 2.2581 acc: 36.7647
[82,    18] loss: 2.2970 acc: 34.7222
[82,    19] loss: 2.0170 acc: 36.8421
[82,    20] loss: 2.3695 acc: 35.0000
[82,    21] loss: 2.2975 acc: 33.3333
[82,    22] loss: 2.2948 acc: 32.9545
[82,    23] loss: 2.3350 acc: 31.5217
[82,    24] loss: 2.2756 acc: 31.2500
[82,    25] loss: 2.0952 acc: 31.0000
[82,    26] loss: 2.1320 acc: 30.7692
[82,    27] loss: 1.8655 acc: 33.3333
[82,    28] loss: 1.9752 acc: 34.8214
[82,    29] loss: 2.3231 acc: 33.6207
[82,    30] loss: 2.2166 acc: 33.3333
[82,    31] loss: 2.0146 acc: 33.0645
[82,    32] loss: 2.3766 acc: 32.0312
[83,     1] loss: 2.2170 acc: 0.0000
[83,     2] loss: 2.0619 acc: 25.0000
[83,     3] loss: 2.2170 acc: 33.3333
[83,     4] loss: 2.3379 acc: 25.0000
[83,     5] loss: 2.1343 acc: 30.0000
[83,     6] loss: 2.2901 acc: 29.1667
[83,     7] loss: 2.2335 acc: 28.5714
[83,     8] loss: 1.8880 acc: 34.3750
[83,     9] loss: 2.1958 acc: 33.3333
[83,    10] loss: 1.9845 acc: 35.0000
[83,    11] loss: 2.1894 acc: 34.0909
[83,    12] loss: 2.1439 acc: 35.4167
[83,    13] loss: 2.1731 acc: 34.6154
[83,    14] loss: 2.1616 acc: 32.1429
[83,    15] loss: 2.2345 acc: 30.0000
[83,    16] loss: 2.0355 acc: 31.2500
[83,    17] loss: 2.0243 acc: 32.3529
[83,    18] loss: 2.2879 acc: 31.9444
[83,    19] loss: 2.0379 acc: 32.8947
[83,    20] loss: 2.2934 acc: 31.2500
[83,    21] loss: 2.2671 acc: 29.7619
[83,    22] loss: 2.1929 acc: 29.5455
[83,    23] loss: 2.1000 acc: 30.4348
[83,    24] loss: 2.2202 acc: 30.2083
[83,    25] loss: 2.0494 acc: 31.0000
[83,    26] loss: 2.2667 acc: 30.7692
[83,    27] loss: 2.2091 acc: 30.5556
[83,    28] loss: 1.9999 acc: 31.2500
[83,    29] loss: 2.1718 acc: 31.0345
[83,    30] loss: 2.0257 acc: 31.6667
[83,    31] loss: 2.2134 acc: 31.4516
[83,    32] loss: 2.1439 acc: 31.2500
[84,     1] loss: 2.2360 acc: 25.0000
[84,     2] loss: 2.0917 acc: 25.0000
[84,     3] loss: 1.9655 acc: 33.3333
[84,     4] loss: 2.1594 acc: 37.5000
[84,     5] loss: 2.2801 acc: 30.0000
[84,     6] loss: 2.2513 acc: 25.0000
[84,     7] loss: 2.2266 acc: 25.0000
[84,     8] loss: 2.1995 acc: 25.0000
[84,     9] loss: 2.3113 acc: 22.2222
[84,    10] loss: 2.2198 acc: 22.5000
[84,    11] loss: 2.0637 acc: 25.0000
[84,    12] loss: 2.1661 acc: 27.0833
[84,    13] loss: 2.0638 acc: 26.9231
[84,    14] loss: 2.3506 acc: 25.0000
[84,    15] loss: 2.1578 acc: 26.6667
[84,    16] loss: 2.1971 acc: 26.5625
[84,    17] loss: 2.0667 acc: 29.4118
[84,    18] loss: 2.1169 acc: 30.5556
[84,    19] loss: 2.0894 acc: 31.5789
[84,    20] loss: 1.9416 acc: 33.7500
[84,    21] loss: 2.1291 acc: 33.3333
[84,    22] loss: 2.1753 acc: 32.9545
[84,    23] loss: 1.9757 acc: 33.6957
[84,    24] loss: 2.0586 acc: 34.3750
[84,    25] loss: 2.0565 acc: 35.0000
[84,    26] loss: 2.0989 acc: 34.6154
[84,    27] loss: 2.2496 acc: 34.2593
[84,    28] loss: 2.2838 acc: 33.0357
[84,    29] loss: 2.2347 acc: 32.7586
[84,    30] loss: 1.9774 acc: 33.3333
[84,    31] loss: 2.1490 acc: 33.8710
[84,    32] loss: 2.1822 acc: 33.5938
[85,     1] loss: 2.3268 acc: 0.0000
[85,     2] loss: 2.2251 acc: 12.5000
[85,     3] loss: 2.0098 acc: 25.0000
[85,     4] loss: 2.3139 acc: 18.7500
[85,     5] loss: 2.1401 acc: 25.0000
[85,     6] loss: 2.0291 acc: 29.1667
[85,     7] loss: 1.8988 acc: 35.7143
[85,     8] loss: 2.1577 acc: 37.5000
[85,     9] loss: 1.9747 acc: 41.6667
[85,    10] loss: 2.1040 acc: 40.0000
[85,    11] loss: 2.2688 acc: 36.3636
[85,    12] loss: 2.1555 acc: 35.4167
[85,    13] loss: 2.0007 acc: 38.4615
[85,    14] loss: 2.1343 acc: 37.5000
[85,    15] loss: 2.1159 acc: 36.6667
[85,    16] loss: 2.3084 acc: 34.3750
[85,    17] loss: 1.9650 acc: 35.2941
[85,    18] loss: 2.1841 acc: 34.7222
[85,    19] loss: 1.9932 acc: 35.5263
[85,    20] loss: 2.1477 acc: 35.0000
[85,    21] loss: 2.2124 acc: 34.5238
[85,    22] loss: 2.1702 acc: 34.0909
[85,    23] loss: 2.1566 acc: 33.6957
[85,    24] loss: 2.0858 acc: 34.3750
[85,    25] loss: 2.0749 acc: 36.0000
[85,    26] loss: 2.2020 acc: 35.5769
[85,    27] loss: 2.2422 acc: 35.1852
[85,    28] loss: 2.1280 acc: 34.8214
[85,    29] loss: 2.2068 acc: 34.4828
[85,    30] loss: 2.1167 acc: 34.1667
[85,    31] loss: 2.1614 acc: 34.6774
[85,    32] loss: 2.2972 acc: 33.5938
[86,     1] loss: 1.9940 acc: 75.0000
[86,     2] loss: 1.9665 acc: 62.5000
[86,     3] loss: 2.0879 acc: 58.3333
[86,     4] loss: 2.1884 acc: 50.0000
[86,     5] loss: 2.2084 acc: 45.0000
[86,     6] loss: 2.1400 acc: 41.6667
[86,     7] loss: 2.1936 acc: 39.2857
[86,     8] loss: 2.2621 acc: 34.3750
[86,     9] loss: 2.1469 acc: 33.3333
[86,    10] loss: 2.3926 acc: 30.0000
[86,    11] loss: 2.3043 acc: 27.2727
[86,    12] loss: 2.1541 acc: 27.0833
[86,    13] loss: 2.2575 acc: 26.9231
[86,    14] loss: 2.0831 acc: 28.5714
[86,    15] loss: 2.1505 acc: 28.3333
[86,    16] loss: 1.8636 acc: 31.2500
[86,    17] loss: 1.9997 acc: 32.3529
[86,    18] loss: 2.0570 acc: 31.9444
[86,    19] loss: 1.9674 acc: 32.8947
[86,    20] loss: 1.9475 acc: 35.0000
[86,    21] loss: 2.2001 acc: 34.5238
[86,    22] loss: 2.1913 acc: 34.0909
[86,    23] loss: 2.2400 acc: 33.6957
[86,    24] loss: 1.9896 acc: 34.3750
[86,    25] loss: 1.8778 acc: 36.0000
[86,    26] loss: 2.1514 acc: 35.5769
[86,    27] loss: 2.0669 acc: 36.1111
[86,    28] loss: 2.1456 acc: 35.7143
[86,    29] loss: 2.0907 acc: 35.3448
[86,    30] loss: 2.1519 acc: 35.0000
[86,    31] loss: 2.3142 acc: 33.8710
[86,    32] loss: 2.1255 acc: 34.3750
[87,     1] loss: 2.1324 acc: 25.0000
[87,     2] loss: 2.2398 acc: 12.5000
[87,     3] loss: 2.3224 acc: 8.3333
[87,     4] loss: 2.1987 acc: 6.2500
[87,     5] loss: 2.0410 acc: 15.0000
[87,     6] loss: 2.0133 acc: 25.0000
[87,     7] loss: 2.0544 acc: 28.5714
[87,     8] loss: 2.2366 acc: 28.1250
[87,     9] loss: 2.0502 acc: 30.5556
[87,    10] loss: 1.9997 acc: 35.0000
[87,    11] loss: 2.1597 acc: 34.0909
[87,    12] loss: 1.9924 acc: 35.4167
[87,    13] loss: 2.1696 acc: 36.5385
[87,    14] loss: 2.2835 acc: 33.9286
[87,    15] loss: 2.2997 acc: 31.6667
[87,    16] loss: 2.0201 acc: 32.8125
[87,    17] loss: 2.0488 acc: 35.2941
[87,    18] loss: 2.2501 acc: 34.7222
[87,    19] loss: 1.9387 acc: 35.5263
[87,    20] loss: 2.0120 acc: 37.5000
[87,    21] loss: 2.2073 acc: 36.9048
[87,    22] loss: 2.2828 acc: 36.3636
[87,    23] loss: 2.2155 acc: 36.9565
[87,    24] loss: 2.2439 acc: 36.4583
[87,    25] loss: 2.1049 acc: 37.0000
[87,    26] loss: 2.0228 acc: 37.5000
[87,    27] loss: 2.1481 acc: 37.9630
[87,    28] loss: 2.1673 acc: 38.3929
[87,    29] loss: 2.1442 acc: 37.9310
[87,    30] loss: 2.1888 acc: 37.5000
[87,    31] loss: 2.0098 acc: 38.7097
[87,    32] loss: 2.2908 acc: 38.2812
[88,     1] loss: 2.1599 acc: 50.0000
[88,     2] loss: 2.0442 acc: 50.0000
[88,     3] loss: 1.9078 acc: 58.3333
[88,     4] loss: 2.3261 acc: 43.7500
[88,     5] loss: 2.2087 acc: 40.0000
[88,     6] loss: 2.0759 acc: 41.6667
[88,     7] loss: 1.9753 acc: 42.8571
[88,     8] loss: 2.1964 acc: 40.6250
[88,     9] loss: 2.2642 acc: 38.8889
[88,    10] loss: 2.2615 acc: 35.0000
[88,    11] loss: 2.2897 acc: 31.8182
[88,    12] loss: 2.0285 acc: 33.3333
[88,    13] loss: 1.9067 acc: 34.6154
[88,    14] loss: 2.3490 acc: 32.1429
[88,    15] loss: 2.2269 acc: 31.6667
[88,    16] loss: 2.1565 acc: 31.2500
[88,    17] loss: 2.2805 acc: 29.4118
[88,    18] loss: 2.2123 acc: 29.1667
[88,    19] loss: 2.1316 acc: 28.9474
[88,    20] loss: 2.0950 acc: 30.0000
[88,    21] loss: 2.0135 acc: 30.9524
[88,    22] loss: 2.1489 acc: 30.6818
[88,    23] loss: 2.2364 acc: 30.4348
[88,    24] loss: 2.0228 acc: 31.2500
[88,    25] loss: 2.0680 acc: 32.0000
[88,    26] loss: 2.1118 acc: 31.7308
[88,    27] loss: 2.1758 acc: 32.4074
[88,    28] loss: 2.1814 acc: 32.1429
[88,    29] loss: 2.3071 acc: 31.8966
[88,    30] loss: 2.1722 acc: 32.5000
[88,    31] loss: 2.1657 acc: 32.2581
[88,    32] loss: 2.2332 acc: 31.2500
[89,     1] loss: 2.3326 acc: 25.0000
[89,     2] loss: 2.2243 acc: 25.0000
[89,     3] loss: 2.0350 acc: 33.3333
[89,     4] loss: 2.1407 acc: 31.2500
[89,     5] loss: 2.0557 acc: 35.0000
[89,     6] loss: 2.2116 acc: 33.3333
[89,     7] loss: 2.0653 acc: 39.2857
[89,     8] loss: 2.0061 acc: 40.6250
[89,     9] loss: 2.3557 acc: 36.1111
[89,    10] loss: 2.2943 acc: 32.5000
[89,    11] loss: 2.1390 acc: 34.0909
[89,    12] loss: 2.1327 acc: 35.4167
[89,    13] loss: 1.8951 acc: 38.4615
[89,    14] loss: 2.1111 acc: 39.2857
[89,    15] loss: 2.0860 acc: 40.0000
[89,    16] loss: 2.2687 acc: 39.0625
[89,    17] loss: 2.2319 acc: 38.2353
[89,    18] loss: 2.3253 acc: 36.1111
[89,    19] loss: 1.9442 acc: 36.8421
[89,    20] loss: 2.2262 acc: 36.2500
[89,    21] loss: 2.0917 acc: 35.7143
[89,    22] loss: 2.1564 acc: 35.2273
[89,    23] loss: 2.0957 acc: 36.9565
[89,    24] loss: 2.2967 acc: 36.4583
[89,    25] loss: 2.0477 acc: 37.0000
[89,    26] loss: 2.1684 acc: 36.5385
[89,    27] loss: 2.3006 acc: 36.1111
[89,    28] loss: 2.0762 acc: 35.7143
[89,    29] loss: 2.1157 acc: 36.2069
[89,    30] loss: 2.3295 acc: 35.0000
[89,    31] loss: 2.1439 acc: 35.4839
[89,    32] loss: 2.0262 acc: 35.9375
[90,     1] loss: 2.0229 acc: 75.0000
[90,     2] loss: 2.1391 acc: 50.0000
[90,     3] loss: 2.0895 acc: 50.0000
[90,     4] loss: 2.0602 acc: 43.7500
[90,     5] loss: 2.2098 acc: 35.0000
[90,     6] loss: 2.1899 acc: 37.5000
[90,     7] loss: 2.1608 acc: 35.7143
[90,     8] loss: 2.2627 acc: 34.3750
[90,     9] loss: 1.9158 acc: 38.8889
[90,    10] loss: 2.1713 acc: 40.0000
[90,    11] loss: 2.2103 acc: 38.6364
[90,    12] loss: 2.2138 acc: 37.5000
[90,    13] loss: 2.1731 acc: 36.5385
[90,    14] loss: 2.1237 acc: 39.2857
[90,    15] loss: 2.0226 acc: 40.0000
[90,    16] loss: 2.2300 acc: 39.0625
[90,    17] loss: 2.0814 acc: 38.2353
[90,    18] loss: 2.3247 acc: 36.1111
[90,    19] loss: 2.3478 acc: 34.2105
[90,    20] loss: 2.2644 acc: 33.7500
[90,    21] loss: 2.2019 acc: 33.3333
[90,    22] loss: 2.0100 acc: 34.0909
[90,    23] loss: 2.2980 acc: 33.6957
[90,    24] loss: 2.0559 acc: 34.3750
[90,    25] loss: 2.2151 acc: 34.0000
[90,    26] loss: 2.0889 acc: 34.6154
[90,    27] loss: 2.0199 acc: 35.1852
[90,    28] loss: 1.9805 acc: 35.7143
[90,    29] loss: 2.1109 acc: 35.3448
[90,    30] loss: 2.0523 acc: 35.8333
[90,    31] loss: 2.1806 acc: 36.2903
[90,    32] loss: 2.0954 acc: 36.7188
[91,     1] loss: 2.1809 acc: 25.0000
[91,     2] loss: 2.2051 acc: 12.5000
[91,     3] loss: 2.0561 acc: 16.6667
[91,     4] loss: 2.0986 acc: 25.0000
[91,     5] loss: 1.9925 acc: 30.0000
[91,     6] loss: 2.2909 acc: 29.1667
[91,     7] loss: 2.2276 acc: 28.5714
[91,     8] loss: 1.9382 acc: 34.3750
[91,     9] loss: 2.0838 acc: 36.1111
[91,    10] loss: 2.1630 acc: 35.0000
[91,    11] loss: 2.2333 acc: 34.0909
[91,    12] loss: 2.1614 acc: 35.4167
[91,    13] loss: 2.1380 acc: 34.6154
[91,    14] loss: 1.9680 acc: 35.7143
[91,    15] loss: 1.9883 acc: 36.6667
[91,    16] loss: 2.3559 acc: 34.3750
[91,    17] loss: 2.1148 acc: 35.2941
[91,    18] loss: 2.1928 acc: 34.7222
[91,    19] loss: 2.1165 acc: 35.5263
[91,    20] loss: 2.0196 acc: 37.5000
[91,    21] loss: 2.0362 acc: 38.0952
[91,    22] loss: 2.1773 acc: 37.5000
[91,    23] loss: 2.1111 acc: 38.0435
[91,    24] loss: 2.0648 acc: 38.5417
[91,    25] loss: 2.0950 acc: 39.0000
[91,    26] loss: 2.1248 acc: 39.4231
[91,    27] loss: 2.1119 acc: 38.8889
[91,    28] loss: 2.2247 acc: 38.3929
[91,    29] loss: 2.2410 acc: 37.0690
[91,    30] loss: 2.1011 acc: 36.6667
[91,    31] loss: 2.2014 acc: 36.2903
[91,    32] loss: 2.1322 acc: 35.9375
[92,     1] loss: 2.2048 acc: 25.0000
[92,     2] loss: 1.9627 acc: 37.5000
[92,     3] loss: 2.0669 acc: 41.6667
[92,     4] loss: 2.1043 acc: 43.7500
[92,     5] loss: 2.0690 acc: 45.0000
[92,     6] loss: 2.1286 acc: 45.8333
[92,     7] loss: 2.2767 acc: 42.8571
[92,     8] loss: 2.0951 acc: 43.7500
[92,     9] loss: 2.1115 acc: 44.4444
[92,    10] loss: 2.1106 acc: 45.0000
[92,    11] loss: 2.0423 acc: 45.4545
[92,    12] loss: 2.0254 acc: 45.8333
[92,    13] loss: 2.0512 acc: 46.1538
[92,    14] loss: 1.9330 acc: 48.2143
[92,    15] loss: 1.9142 acc: 50.0000
[92,    16] loss: 2.0515 acc: 50.0000
[92,    17] loss: 2.0540 acc: 50.0000
[92,    18] loss: 2.1618 acc: 48.6111
[92,    19] loss: 1.9659 acc: 50.0000
[92,    20] loss: 2.2092 acc: 48.7500
[92,    21] loss: 2.2521 acc: 46.4286
[92,    22] loss: 2.2820 acc: 44.3182
[92,    23] loss: 2.0968 acc: 43.4783
[92,    24] loss: 2.2219 acc: 42.7083
[92,    25] loss: 2.0267 acc: 43.0000
[92,    26] loss: 2.0917 acc: 43.2692
[92,    27] loss: 2.1440 acc: 43.5185
[92,    28] loss: 2.2261 acc: 42.8571
[92,    29] loss: 2.1226 acc: 42.2414
[92,    30] loss: 2.0717 acc: 42.5000
[92,    31] loss: 2.2625 acc: 41.1290
[92,    32] loss: 2.2350 acc: 40.6250
[93,     1] loss: 2.3245 acc: 0.0000
[93,     2] loss: 2.1203 acc: 12.5000
[93,     3] loss: 2.1273 acc: 25.0000
[93,     4] loss: 2.2621 acc: 18.7500
[93,     5] loss: 2.1711 acc: 20.0000
[93,     6] loss: 2.1793 acc: 20.8333
[93,     7] loss: 1.9886 acc: 25.0000
[93,     8] loss: 2.0027 acc: 28.1250
[93,     9] loss: 2.1028 acc: 27.7778
[93,    10] loss: 2.0523 acc: 32.5000
[93,    11] loss: 1.9658 acc: 36.3636
[93,    12] loss: 2.1303 acc: 35.4167
[93,    13] loss: 2.1462 acc: 34.6154
[93,    14] loss: 2.2300 acc: 33.9286
[93,    15] loss: 2.0932 acc: 35.0000
[93,    16] loss: 2.1506 acc: 34.3750
[93,    17] loss: 2.0910 acc: 35.2941
[93,    18] loss: 2.2550 acc: 34.7222
[93,    19] loss: 2.2506 acc: 34.2105
[93,    20] loss: 2.2035 acc: 35.0000
[93,    21] loss: 1.9927 acc: 35.7143
[93,    22] loss: 2.0099 acc: 37.5000
[93,    23] loss: 2.0749 acc: 38.0435
[93,    24] loss: 2.0179 acc: 38.5417
[93,    25] loss: 2.1783 acc: 38.0000
[93,    26] loss: 2.0882 acc: 38.4615
[93,    27] loss: 1.9528 acc: 38.8889
[93,    28] loss: 2.1740 acc: 38.3929
[93,    29] loss: 2.0940 acc: 37.9310
[93,    30] loss: 2.0222 acc: 38.3333
[93,    31] loss: 2.1916 acc: 37.9032
[93,    32] loss: 2.1202 acc: 38.2812
[94,     1] loss: 2.3131 acc: 25.0000
[94,     2] loss: 2.1285 acc: 25.0000
[94,     3] loss: 2.0670 acc: 41.6667
[94,     4] loss: 2.2016 acc: 37.5000
[94,     5] loss: 2.1339 acc: 40.0000
[94,     6] loss: 1.9947 acc: 41.6667
[94,     7] loss: 1.9885 acc: 46.4286
[94,     8] loss: 2.3529 acc: 40.6250
[94,     9] loss: 2.1859 acc: 41.6667
[94,    10] loss: 2.0449 acc: 42.5000
[94,    11] loss: 1.9669 acc: 43.1818
[94,    12] loss: 2.0553 acc: 41.6667
[94,    13] loss: 2.1832 acc: 40.3846
[94,    14] loss: 2.3278 acc: 37.5000
[94,    15] loss: 2.2801 acc: 35.0000
[94,    16] loss: 2.2026 acc: 34.3750
[94,    17] loss: 1.9202 acc: 36.7647
[94,    18] loss: 2.1360 acc: 36.1111
[94,    19] loss: 2.1547 acc: 35.5263
[94,    20] loss: 2.1708 acc: 35.0000
[94,    21] loss: 2.2103 acc: 34.5238
[94,    22] loss: 2.1521 acc: 34.0909
[94,    23] loss: 2.0585 acc: 35.8696
[94,    24] loss: 2.1959 acc: 35.4167
[94,    25] loss: 2.1024 acc: 36.0000
[94,    26] loss: 1.9233 acc: 37.5000
[94,    27] loss: 2.1434 acc: 37.9630
[94,    28] loss: 1.9635 acc: 38.3929
[94,    29] loss: 2.0196 acc: 38.7931
[94,    30] loss: 2.1446 acc: 39.1667
[94,    31] loss: 2.1188 acc: 38.7097
[94,    32] loss: 2.2871 acc: 38.2812
[95,     1] loss: 2.1297 acc: 25.0000
[95,     2] loss: 2.0199 acc: 37.5000
[95,     3] loss: 2.0101 acc: 41.6667
[95,     4] loss: 2.1006 acc: 43.7500
[95,     5] loss: 1.8908 acc: 50.0000
[95,     6] loss: 1.9230 acc: 50.0000
[95,     7] loss: 2.3464 acc: 42.8571
[95,     8] loss: 1.8951 acc: 46.8750
[95,     9] loss: 2.1288 acc: 44.4444
[95,    10] loss: 2.0433 acc: 47.5000
[95,    11] loss: 2.3300 acc: 43.1818
[95,    12] loss: 2.2839 acc: 39.5833
[95,    13] loss: 2.2309 acc: 38.4615
[95,    14] loss: 2.1552 acc: 37.5000
[95,    15] loss: 2.2392 acc: 36.6667
[95,    16] loss: 2.1253 acc: 35.9375
[95,    17] loss: 2.0107 acc: 36.7647
[95,    18] loss: 2.1740 acc: 36.1111
[95,    19] loss: 1.8544 acc: 38.1579
[95,    20] loss: 2.3115 acc: 37.5000
[95,    21] loss: 2.2451 acc: 36.9048
[95,    22] loss: 2.1665 acc: 36.3636
[95,    23] loss: 2.3385 acc: 34.7826
[95,    24] loss: 2.1485 acc: 34.3750
[95,    25] loss: 2.1406 acc: 34.0000
[95,    26] loss: 2.2045 acc: 33.6538
[95,    27] loss: 2.3248 acc: 33.3333
[95,    28] loss: 2.1119 acc: 33.0357
[95,    29] loss: 2.1806 acc: 32.7586
[95,    30] loss: 2.3584 acc: 31.6667
[95,    31] loss: 2.0053 acc: 32.2581
[95,    32] loss: 2.0097 acc: 33.5938
[96,     1] loss: 2.1077 acc: 50.0000
[96,     2] loss: 2.2045 acc: 37.5000
[96,     3] loss: 2.1583 acc: 41.6667
[96,     4] loss: 1.9781 acc: 43.7500
[96,     5] loss: 2.1964 acc: 40.0000
[96,     6] loss: 2.0172 acc: 41.6667
[96,     7] loss: 2.2421 acc: 39.2857
[96,     8] loss: 2.0732 acc: 37.5000
[96,     9] loss: 2.1559 acc: 38.8889
[96,    10] loss: 2.0360 acc: 40.0000
[96,    11] loss: 2.1825 acc: 38.6364
[96,    12] loss: 2.0312 acc: 39.5833
[96,    13] loss: 2.1360 acc: 38.4615
[96,    14] loss: 2.2669 acc: 37.5000
[96,    15] loss: 2.1081 acc: 36.6667
[96,    16] loss: 2.1317 acc: 35.9375
[96,    17] loss: 1.9015 acc: 38.2353
[96,    18] loss: 2.1770 acc: 37.5000
[96,    19] loss: 2.1573 acc: 36.8421
[96,    20] loss: 2.1158 acc: 37.5000
[96,    21] loss: 1.9000 acc: 39.2857
[96,    22] loss: 2.0979 acc: 39.7727
[96,    23] loss: 2.0441 acc: 41.3043
[96,    24] loss: 2.0270 acc: 41.6667
[96,    25] loss: 1.9803 acc: 43.0000
[96,    26] loss: 2.2352 acc: 43.2692
[96,    27] loss: 1.9521 acc: 44.4444
[96,    28] loss: 2.1076 acc: 44.6429
[96,    29] loss: 2.0835 acc: 44.8276
[96,    30] loss: 2.0390 acc: 45.0000
[96,    31] loss: 2.1568 acc: 44.3548
[96,    32] loss: 2.0962 acc: 43.7500
[97,     1] loss: 2.1034 acc: 50.0000
[97,     2] loss: 1.9569 acc: 50.0000
[97,     3] loss: 2.0957 acc: 50.0000
[97,     4] loss: 2.0759 acc: 50.0000
[97,     5] loss: 2.2206 acc: 45.0000
[97,     6] loss: 2.1404 acc: 45.8333
[97,     7] loss: 2.2431 acc: 42.8571
[97,     8] loss: 1.9906 acc: 46.8750
[97,     9] loss: 2.3137 acc: 41.6667
[97,    10] loss: 2.2888 acc: 37.5000
[97,    11] loss: 2.0429 acc: 38.6364
[97,    12] loss: 2.3149 acc: 35.4167
[97,    13] loss: 2.2141 acc: 34.6154
[97,    14] loss: 2.3061 acc: 32.1429
[97,    15] loss: 2.3240 acc: 30.0000
[97,    16] loss: 2.0729 acc: 31.2500
[97,    17] loss: 2.3190 acc: 29.4118
[97,    18] loss: 2.0133 acc: 30.5556
[97,    19] loss: 2.0357 acc: 31.5789
[97,    20] loss: 2.2589 acc: 30.0000
[97,    21] loss: 2.2626 acc: 28.5714
[97,    22] loss: 2.3375 acc: 27.2727
[97,    23] loss: 2.0171 acc: 29.3478
[97,    24] loss: 2.0581 acc: 30.2083
[97,    25] loss: 1.9656 acc: 32.0000
[97,    26] loss: 1.9418 acc: 34.6154
[97,    27] loss: 2.1069 acc: 35.1852
[97,    28] loss: 2.0337 acc: 35.7143
[97,    29] loss: 2.1793 acc: 35.3448
[97,    30] loss: 1.9646 acc: 36.6667
[97,    31] loss: 2.1087 acc: 37.0968
[97,    32] loss: 1.9128 acc: 38.2812
[98,     1] loss: 2.2456 acc: 50.0000
[98,     2] loss: 2.0801 acc: 50.0000
[98,     3] loss: 2.0893 acc: 41.6667
[98,     4] loss: 2.1530 acc: 37.5000
[98,     5] loss: 2.3511 acc: 30.0000
[98,     6] loss: 2.2419 acc: 29.1667
[98,     7] loss: 2.2992 acc: 25.0000
[98,     8] loss: 2.2546 acc: 25.0000
[98,     9] loss: 1.9796 acc: 30.5556
[98,    10] loss: 2.1519 acc: 30.0000
[98,    11] loss: 1.8914 acc: 34.0909
[98,    12] loss: 1.9586 acc: 35.4167
[98,    13] loss: 2.2754 acc: 32.6923
[98,    14] loss: 2.2445 acc: 30.3571
[98,    15] loss: 2.0434 acc: 31.6667
[98,    16] loss: 2.2242 acc: 29.6875
[98,    17] loss: 2.2740 acc: 29.4118
[98,    18] loss: 2.2383 acc: 27.7778
[98,    19] loss: 1.8965 acc: 30.2632
[98,    20] loss: 2.1767 acc: 30.0000
[98,    21] loss: 2.0591 acc: 30.9524
[98,    22] loss: 2.1592 acc: 30.6818
[98,    23] loss: 2.0496 acc: 31.5217
[98,    24] loss: 2.2914 acc: 31.2500
[98,    25] loss: 2.1498 acc: 31.0000
[98,    26] loss: 1.9450 acc: 31.7308
[98,    27] loss: 2.2507 acc: 31.4815
[98,    28] loss: 2.0743 acc: 31.2500
[98,    29] loss: 2.0242 acc: 32.7586
[98,    30] loss: 2.1867 acc: 32.5000
[98,    31] loss: 2.0986 acc: 32.2581
[98,    32] loss: 2.1292 acc: 32.0312
[99,     1] loss: 1.9033 acc: 50.0000
[99,     2] loss: 2.1462 acc: 37.5000
[99,     3] loss: 2.2229 acc: 33.3333
[99,     4] loss: 2.2103 acc: 31.2500
[99,     5] loss: 2.1180 acc: 35.0000
[99,     6] loss: 2.2174 acc: 33.3333
[99,     7] loss: 2.1620 acc: 35.7143
[99,     8] loss: 2.1350 acc: 34.3750
[99,     9] loss: 2.1747 acc: 33.3333
[99,    10] loss: 1.9923 acc: 37.5000
[99,    11] loss: 1.9102 acc: 40.9091
[99,    12] loss: 2.1563 acc: 39.5833
[99,    13] loss: 2.0722 acc: 38.4615
[99,    14] loss: 2.0298 acc: 41.0714
[99,    15] loss: 1.9214 acc: 43.3333
[99,    16] loss: 2.0608 acc: 43.7500
[99,    17] loss: 2.0543 acc: 45.5882
[99,    18] loss: 1.9397 acc: 45.8333
[99,    19] loss: 2.2556 acc: 43.4211
[99,    20] loss: 2.1492 acc: 42.5000
[99,    21] loss: 2.0954 acc: 42.8571
[99,    22] loss: 2.1518 acc: 42.0455
[99,    23] loss: 2.1003 acc: 42.3913
[99,    24] loss: 1.9236 acc: 42.7083
[99,    25] loss: 2.0779 acc: 42.0000
[99,    26] loss: 2.0635 acc: 42.3077
[99,    27] loss: 2.2043 acc: 42.5926
[99,    28] loss: 2.3093 acc: 41.0714
[99,    29] loss: 2.1972 acc: 40.5172
[99,    30] loss: 2.1641 acc: 40.0000
[99,    31] loss: 2.3353 acc: 38.7097
[99,    32] loss: 2.1182 acc: 39.0625
[100,     1] loss: 2.2151 acc: 25.0000
[100,     2] loss: 2.1208 acc: 25.0000
[100,     3] loss: 2.0935 acc: 25.0000
[100,     4] loss: 2.2423 acc: 31.2500
[100,     5] loss: 2.3111 acc: 30.0000
[100,     6] loss: 2.2565 acc: 25.0000
[100,     7] loss: 2.1436 acc: 25.0000
[100,     8] loss: 2.2137 acc: 25.0000
[100,     9] loss: 2.1393 acc: 25.0000
[100,    10] loss: 1.9413 acc: 30.0000
[100,    11] loss: 1.8729 acc: 36.3636
[100,    12] loss: 2.0654 acc: 35.4167
[100,    13] loss: 2.1228 acc: 34.6154
[100,    14] loss: 2.1613 acc: 33.9286
[100,    15] loss: 2.1868 acc: 33.3333
[100,    16] loss: 2.0593 acc: 32.8125
[100,    17] loss: 2.0363 acc: 33.8235
[100,    18] loss: 2.2056 acc: 34.7222
[100,    19] loss: 2.0336 acc: 36.8421
[100,    20] loss: 2.3149 acc: 35.0000
[100,    21] loss: 2.2384 acc: 34.5238
[100,    22] loss: 2.0897 acc: 35.2273
[100,    23] loss: 2.0458 acc: 35.8696
[100,    24] loss: 2.1003 acc: 35.4167
[100,    25] loss: 2.0982 acc: 36.0000
[100,    26] loss: 1.9805 acc: 37.5000
[100,    27] loss: 2.1639 acc: 37.0370
[100,    28] loss: 2.1520 acc: 37.5000
[100,    29] loss: 2.2182 acc: 37.0690
[100,    30] loss: 1.9338 acc: 38.3333
[100,    31] loss: 2.0992 acc: 38.7097
[100,    32] loss: 1.9775 acc: 39.8438
36.30952380952381
[1,     1] loss: 2.3971 acc: 0.0000
[1,     2] loss: 2.3088 acc: 12.5000
[1,     3] loss: 2.0015 acc: 16.6667
[1,     4] loss: 2.4475 acc: 12.5000
[1,     5] loss: 2.0971 acc: 10.0000
[1,     6] loss: 1.7584 acc: 16.6667
[1,     7] loss: 1.8678 acc: 17.8571
[1,     8] loss: 2.4982 acc: 15.6250
[1,     9] loss: 1.7221 acc: 19.4444
[1,    10] loss: 2.1741 acc: 17.5000
[1,    11] loss: 1.8803 acc: 18.1818
[1,    12] loss: 1.9449 acc: 20.8333
[1,    13] loss: 2.0943 acc: 21.1538
[1,    14] loss: 2.1137 acc: 21.4286
[1,    15] loss: 2.5220 acc: 20.0000
[1,    16] loss: 2.3832 acc: 18.7500
[1,    17] loss: 2.4010 acc: 19.1176
[1,    18] loss: 1.7413 acc: 19.4444
[1,    19] loss: 2.6310 acc: 18.4211
[1,    20] loss: 1.6360 acc: 20.0000
[1,    21] loss: 1.1784 acc: 21.4286
[1,    22] loss: 2.3563 acc: 20.4545
[1,    23] loss: 1.9401 acc: 20.6522
[1,    24] loss: 1.8890 acc: 19.7917
[1,    25] loss: 2.1370 acc: 19.0000
[1,    26] loss: 1.7568 acc: 20.1923
[1,    27] loss: 1.9443 acc: 20.3704
[1,    28] loss: 1.5957 acc: 21.4286
[1,    29] loss: 1.5694 acc: 22.4138
[1,    30] loss: 1.6194 acc: 23.3333
[1,    31] loss: 2.0951 acc: 22.5806
[1,    32] loss: 2.2397 acc: 22.6562
[2,     1] loss: 1.4470 acc: 50.0000
[2,     2] loss: 1.4607 acc: 37.5000
[2,     3] loss: 1.5485 acc: 50.0000
[2,     4] loss: 1.5281 acc: 43.7500
[2,     5] loss: 1.5973 acc: 50.0000
[2,     6] loss: 2.1519 acc: 50.0000
[2,     7] loss: 2.0036 acc: 50.0000
[2,     8] loss: 1.2129 acc: 53.1250
[2,     9] loss: 1.9077 acc: 50.0000
[2,    10] loss: 1.6097 acc: 52.5000
[2,    11] loss: 1.4618 acc: 52.2727
[2,    12] loss: 1.3761 acc: 56.2500
[2,    13] loss: 1.2261 acc: 57.6923
[2,    14] loss: 1.6881 acc: 57.1429
[2,    15] loss: 1.4331 acc: 56.6667
[2,    16] loss: 1.3903 acc: 56.2500
[2,    17] loss: 1.2358 acc: 57.3529
[2,    18] loss: 1.6706 acc: 56.9444
[2,    19] loss: 1.6359 acc: 56.5789
[2,    20] loss: 1.8363 acc: 55.0000
[2,    21] loss: 1.4637 acc: 54.7619
[2,    22] loss: 1.4317 acc: 54.5455
[2,    23] loss: 1.8772 acc: 53.2609
[2,    24] loss: 2.1759 acc: 53.1250
[2,    25] loss: 0.9320 acc: 54.0000
[2,    26] loss: 1.6572 acc: 53.8462
[2,    27] loss: 1.7366 acc: 53.7037
[2,    28] loss: 1.5945 acc: 53.5714
[2,    29] loss: 1.2455 acc: 53.4483
[2,    30] loss: 1.8672 acc: 52.5000
[2,    31] loss: 1.4363 acc: 53.2258
[2,    32] loss: 1.5137 acc: 53.1250
[3,     1] loss: 1.1863 acc: 25.0000
[3,     2] loss: 1.8249 acc: 25.0000
[3,     3] loss: 1.2480 acc: 41.6667
[3,     4] loss: 1.7165 acc: 37.5000
[3,     5] loss: 2.0304 acc: 35.0000
[3,     6] loss: 1.2014 acc: 37.5000
[3,     7] loss: 1.3730 acc: 42.8571
[3,     8] loss: 0.8823 acc: 46.8750
[3,     9] loss: 1.3355 acc: 47.2222
[3,    10] loss: 1.0810 acc: 52.5000
[3,    11] loss: 2.2113 acc: 50.0000
[3,    12] loss: 0.7661 acc: 54.1667
[3,    13] loss: 1.1889 acc: 53.8462
[3,    14] loss: 1.2151 acc: 55.3571
[3,    15] loss: 1.2486 acc: 56.6667
[3,    16] loss: 1.0073 acc: 57.8125
[3,    17] loss: 1.1911 acc: 58.8235
[3,    18] loss: 1.7721 acc: 58.3333
[3,    19] loss: 1.2688 acc: 59.2105
[3,    20] loss: 1.6333 acc: 58.7500
[3,    21] loss: 1.4700 acc: 58.3333
[3,    22] loss: 1.0843 acc: 59.0909
[3,    23] loss: 0.8524 acc: 59.7826
[3,    24] loss: 0.6606 acc: 61.4583
[3,    25] loss: 0.9208 acc: 62.0000
[3,    26] loss: 1.8375 acc: 59.6154
[3,    27] loss: 1.3605 acc: 59.2593
[3,    28] loss: 0.9338 acc: 60.7143
[3,    29] loss: 1.3108 acc: 61.2069
[3,    30] loss: 1.9288 acc: 59.1667
[3,    31] loss: 0.6559 acc: 60.4839
[3,    32] loss: 1.1580 acc: 60.1562
[4,     1] loss: 1.0101 acc: 75.0000
[4,     2] loss: 1.0939 acc: 62.5000
[4,     3] loss: 1.3805 acc: 58.3333
[4,     4] loss: 2.1071 acc: 56.2500
[4,     5] loss: 0.8538 acc: 60.0000
[4,     6] loss: 1.2307 acc: 62.5000
[4,     7] loss: 1.0815 acc: 64.2857
[4,     8] loss: 0.9463 acc: 65.6250
[4,     9] loss: 0.9738 acc: 66.6667
[4,    10] loss: 1.9337 acc: 62.5000
[4,    11] loss: 2.5764 acc: 59.0909
[4,    12] loss: 1.4315 acc: 58.3333
[4,    13] loss: 1.3935 acc: 57.6923
[4,    14] loss: 1.5030 acc: 58.9286
[4,    15] loss: 1.3664 acc: 58.3333
[4,    16] loss: 0.8133 acc: 59.3750
[4,    17] loss: 1.3758 acc: 58.8235
[4,    18] loss: 1.1360 acc: 59.7222
[4,    19] loss: 0.6918 acc: 61.8421
[4,    20] loss: 1.2246 acc: 62.5000
[4,    21] loss: 1.7289 acc: 63.0952
[4,    22] loss: 1.6791 acc: 62.5000
[4,    23] loss: 1.9418 acc: 60.8696
[4,    24] loss: 0.8469 acc: 61.4583
[4,    25] loss: 0.8685 acc: 62.0000
[4,    26] loss: 1.7033 acc: 60.5769
[4,    27] loss: 1.5585 acc: 60.1852
[4,    28] loss: 1.7554 acc: 59.8214
[4,    29] loss: 1.6490 acc: 59.4828
[4,    30] loss: 0.4880 acc: 60.8333
[4,    31] loss: 1.3967 acc: 61.2903
[4,    32] loss: 1.5829 acc: 60.1562
[5,     1] loss: 1.2790 acc: 50.0000
[5,     2] loss: 1.7065 acc: 50.0000
[5,     3] loss: 1.0931 acc: 50.0000
[5,     4] loss: 0.9970 acc: 56.2500
[5,     5] loss: 0.9640 acc: 60.0000
[5,     6] loss: 0.8718 acc: 62.5000
[5,     7] loss: 1.0307 acc: 64.2857
[5,     8] loss: 1.6710 acc: 62.5000
[5,     9] loss: 0.7126 acc: 66.6667
[5,    10] loss: 1.1600 acc: 65.0000
[5,    11] loss: 0.7797 acc: 65.9091
[5,    12] loss: 0.7325 acc: 66.6667
[5,    13] loss: 1.2589 acc: 65.3846
[5,    14] loss: 1.6830 acc: 64.2857
[5,    15] loss: 1.1183 acc: 63.3333
[5,    16] loss: 1.1406 acc: 62.5000
[5,    17] loss: 1.6331 acc: 61.7647
[5,    18] loss: 0.8260 acc: 62.5000
[5,    19] loss: 1.5202 acc: 61.8421
[5,    20] loss: 1.5813 acc: 61.2500
[5,    21] loss: 1.9462 acc: 58.3333
[5,    22] loss: 0.8352 acc: 59.0909
[5,    23] loss: 0.8439 acc: 59.7826
[5,    24] loss: 1.3701 acc: 59.3750
[5,    25] loss: 1.9267 acc: 58.0000
[5,    26] loss: 1.5910 acc: 58.6538
[5,    27] loss: 0.8124 acc: 59.2593
[5,    28] loss: 1.1308 acc: 59.8214
[5,    29] loss: 1.2575 acc: 60.3448
[5,    30] loss: 0.6236 acc: 60.8333
[5,    31] loss: 0.9520 acc: 61.2903
[5,    32] loss: 1.0741 acc: 61.7188
[6,     1] loss: 0.6101 acc: 100.0000
[6,     2] loss: 1.9377 acc: 62.5000
[6,     3] loss: 1.0866 acc: 66.6667
[6,     4] loss: 1.2195 acc: 68.7500
[6,     5] loss: 1.3067 acc: 70.0000
[6,     6] loss: 0.9453 acc: 70.8333
[6,     7] loss: 0.5342 acc: 71.4286
[6,     8] loss: 1.3399 acc: 71.8750
[6,     9] loss: 0.5559 acc: 75.0000
[6,    10] loss: 1.2897 acc: 72.5000
[6,    11] loss: 1.0800 acc: 72.7273
[6,    12] loss: 0.7221 acc: 75.0000
[6,    13] loss: 0.8955 acc: 73.0769
[6,    14] loss: 0.6896 acc: 75.0000
[6,    15] loss: 1.2074 acc: 75.0000
[6,    16] loss: 1.4590 acc: 73.4375
[6,    17] loss: 0.8440 acc: 73.5294
[6,    18] loss: 1.1327 acc: 73.6111
[6,    19] loss: 0.7533 acc: 75.0000
[6,    20] loss: 1.6241 acc: 73.7500
[6,    21] loss: 1.4474 acc: 73.8095
[6,    22] loss: 0.3898 acc: 75.0000
[6,    23] loss: 0.8380 acc: 73.9130
[6,    24] loss: 1.2606 acc: 72.9167
[6,    25] loss: 0.4172 acc: 74.0000
[6,    26] loss: 1.0859 acc: 73.0769
[6,    27] loss: 1.3146 acc: 73.1481
[6,    28] loss: 0.9992 acc: 73.2143
[6,    29] loss: 0.6766 acc: 73.2759
[6,    30] loss: 0.5679 acc: 74.1667
[6,    31] loss: 0.5021 acc: 74.1935
[6,    32] loss: 0.8821 acc: 75.0000
[7,     1] loss: 0.9108 acc: 50.0000
[7,     2] loss: 1.3240 acc: 50.0000
[7,     3] loss: 0.7766 acc: 66.6667
[7,     4] loss: 1.6905 acc: 62.5000
[7,     5] loss: 0.7440 acc: 65.0000
[7,     6] loss: 1.5208 acc: 58.3333
[7,     7] loss: 1.2313 acc: 57.1429
[7,     8] loss: 0.7421 acc: 62.5000
[7,     9] loss: 0.4877 acc: 66.6667
[7,    10] loss: 1.0961 acc: 67.5000
[7,    11] loss: 0.4806 acc: 70.4545
[7,    12] loss: 1.6983 acc: 64.5833
[7,    13] loss: 1.0486 acc: 63.4615
[7,    14] loss: 1.0652 acc: 64.2857
[7,    15] loss: 0.5971 acc: 66.6667
[7,    16] loss: 0.6841 acc: 67.1875
[7,    17] loss: 0.9133 acc: 67.6471
[7,    18] loss: 1.1066 acc: 68.0556
[7,    19] loss: 1.1525 acc: 67.1053
[7,    20] loss: 0.5539 acc: 68.7500
[7,    21] loss: 0.7886 acc: 69.0476
[7,    22] loss: 1.5781 acc: 68.1818
[7,    23] loss: 0.8182 acc: 68.4783
[7,    24] loss: 1.1078 acc: 68.7500
[7,    25] loss: 1.5304 acc: 68.0000
[7,    26] loss: 1.2219 acc: 67.3077
[7,    27] loss: 0.6915 acc: 68.5185
[7,    28] loss: 0.8554 acc: 68.7500
[7,    29] loss: 0.9575 acc: 68.1034
[7,    30] loss: 0.4682 acc: 69.1667
[7,    31] loss: 1.1269 acc: 68.5484
[7,    32] loss: 1.1171 acc: 68.7500
[8,     1] loss: 0.5806 acc: 100.0000
[8,     2] loss: 0.2374 acc: 100.0000
[8,     3] loss: 1.4461 acc: 91.6667
[8,     4] loss: 0.7796 acc: 81.2500
[8,     5] loss: 0.9472 acc: 75.0000
[8,     6] loss: 1.7106 acc: 70.8333
[8,     7] loss: 1.0274 acc: 67.8571
[8,     8] loss: 1.4977 acc: 68.7500
[8,     9] loss: 0.6037 acc: 69.4444
[8,    10] loss: 0.7050 acc: 70.0000
[8,    11] loss: 2.0191 acc: 68.1818
[8,    12] loss: 0.9278 acc: 68.7500
[8,    13] loss: 1.3102 acc: 65.3846
[8,    14] loss: 0.7790 acc: 66.0714
[8,    15] loss: 1.0299 acc: 65.0000
[8,    16] loss: 1.0364 acc: 65.6250
[8,    17] loss: 0.6534 acc: 66.1765
[8,    18] loss: 1.5266 acc: 65.2778
[8,    19] loss: 0.5995 acc: 67.1053
[8,    20] loss: 0.9631 acc: 67.5000
[8,    21] loss: 1.0576 acc: 66.6667
[8,    22] loss: 0.7974 acc: 67.0455
[8,    23] loss: 0.6534 acc: 68.4783
[8,    24] loss: 1.2658 acc: 67.7083
[8,    25] loss: 1.2330 acc: 68.0000
[8,    26] loss: 1.2401 acc: 68.2692
[8,    27] loss: 0.9106 acc: 67.5926
[8,    28] loss: 1.1703 acc: 67.8571
[8,    29] loss: 1.3680 acc: 66.3793
[8,    30] loss: 0.2777 acc: 67.5000
[8,    31] loss: 0.7385 acc: 67.7419
[8,    32] loss: 0.2625 acc: 68.7500
[9,     1] loss: 1.5800 acc: 50.0000
[9,     2] loss: 0.9618 acc: 50.0000
[9,     3] loss: 0.3645 acc: 66.6667
[9,     4] loss: 1.0023 acc: 68.7500
[9,     5] loss: 1.6200 acc: 65.0000
[9,     6] loss: 0.4022 acc: 70.8333
[9,     7] loss: 0.8507 acc: 71.4286
[9,     8] loss: 0.8393 acc: 75.0000
[9,     9] loss: 1.1189 acc: 72.2222
[9,    10] loss: 1.5280 acc: 70.0000
[9,    11] loss: 1.2501 acc: 70.4545
[9,    12] loss: 0.7676 acc: 68.7500
[9,    13] loss: 2.1481 acc: 65.3846
[9,    14] loss: 0.9211 acc: 66.0714
[9,    15] loss: 1.1326 acc: 65.0000
[9,    16] loss: 0.9954 acc: 65.6250
[9,    17] loss: 0.4504 acc: 66.1765
[9,    18] loss: 0.5570 acc: 68.0556
[9,    19] loss: 0.6478 acc: 68.4211
[9,    20] loss: 0.9266 acc: 68.7500
[9,    21] loss: 1.0286 acc: 69.0476
[9,    22] loss: 0.5439 acc: 70.4545
[9,    23] loss: 0.6932 acc: 70.6522
[9,    24] loss: 0.6022 acc: 70.8333
[9,    25] loss: 1.2954 acc: 70.0000
[9,    26] loss: 0.5286 acc: 71.1538
[9,    27] loss: 1.0794 acc: 71.2963
[9,    28] loss: 1.7417 acc: 71.4286
[9,    29] loss: 1.3464 acc: 71.5517
[9,    30] loss: 0.9536 acc: 71.6667
[9,    31] loss: 0.7452 acc: 71.7742
[9,    32] loss: 0.5406 acc: 71.8750
[10,     1] loss: 0.6669 acc: 100.0000
[10,     2] loss: 0.3341 acc: 100.0000
[10,     3] loss: 0.4959 acc: 100.0000
[10,     4] loss: 0.7858 acc: 87.5000
[10,     5] loss: 0.7993 acc: 80.0000
[10,     6] loss: 0.5212 acc: 79.1667
[10,     7] loss: 0.5950 acc: 82.1429
[10,     8] loss: 0.3843 acc: 84.3750
[10,     9] loss: 1.1380 acc: 83.3333
[10,    10] loss: 0.5329 acc: 82.5000
[10,    11] loss: 0.5190 acc: 81.8182
[10,    12] loss: 0.6792 acc: 81.2500
[10,    13] loss: 0.1577 acc: 82.6923
[10,    14] loss: 1.1537 acc: 80.3571
[10,    15] loss: 0.9629 acc: 80.0000
[10,    16] loss: 0.4559 acc: 81.2500
[10,    17] loss: 1.2552 acc: 79.4118
[10,    18] loss: 0.4416 acc: 79.1667
[10,    19] loss: 0.7525 acc: 78.9474
[10,    20] loss: 0.8407 acc: 78.7500
[10,    21] loss: 0.4824 acc: 79.7619
[10,    22] loss: 0.5192 acc: 80.6818
[10,    23] loss: 1.8044 acc: 79.3478
[10,    24] loss: 0.8419 acc: 80.2083
[10,    25] loss: 0.5982 acc: 81.0000
[10,    26] loss: 0.3704 acc: 81.7308
[10,    27] loss: 1.0510 acc: 81.4815
[10,    28] loss: 1.6160 acc: 79.4643
[10,    29] loss: 0.8367 acc: 78.4483
[10,    30] loss: 0.3785 acc: 79.1667
[10,    31] loss: 0.9908 acc: 79.0323
[10,    32] loss: 0.6614 acc: 78.9062
[11,     1] loss: 1.4318 acc: 50.0000
[11,     2] loss: 1.0550 acc: 50.0000
[11,     3] loss: 1.2382 acc: 50.0000
[11,     4] loss: 0.2343 acc: 62.5000
[11,     5] loss: 0.4627 acc: 70.0000
[11,     6] loss: 0.5757 acc: 75.0000
[11,     7] loss: 1.1221 acc: 71.4286
[11,     8] loss: 0.2832 acc: 75.0000
[11,     9] loss: 0.2716 acc: 77.7778
[11,    10] loss: 0.5516 acc: 80.0000
[11,    11] loss: 0.6110 acc: 79.5455
[11,    12] loss: 1.4122 acc: 79.1667
[11,    13] loss: 1.1735 acc: 78.8462
[11,    14] loss: 0.9489 acc: 78.5714
[11,    15] loss: 0.2871 acc: 80.0000
[11,    16] loss: 0.3397 acc: 81.2500
[11,    17] loss: 1.5700 acc: 79.4118
[11,    18] loss: 0.7933 acc: 79.1667
[11,    19] loss: 0.6895 acc: 78.9474
[11,    20] loss: 0.2377 acc: 80.0000
[11,    21] loss: 0.3041 acc: 80.9524
[11,    22] loss: 0.9984 acc: 80.6818
[11,    23] loss: 1.0702 acc: 80.4348
[11,    24] loss: 0.4482 acc: 80.2083
[11,    25] loss: 1.2431 acc: 80.0000
[11,    26] loss: 0.3649 acc: 80.7692
[11,    27] loss: 0.3588 acc: 81.4815
[11,    28] loss: 0.7670 acc: 81.2500
[11,    29] loss: 0.3738 acc: 81.8966
[11,    30] loss: 0.3077 acc: 82.5000
[11,    31] loss: 1.2257 acc: 81.4516
[11,    32] loss: 0.4965 acc: 81.2500
[12,     1] loss: 0.2394 acc: 100.0000
[12,     2] loss: 0.3327 acc: 100.0000
[12,     3] loss: 0.3567 acc: 100.0000
[12,     4] loss: 0.2712 acc: 100.0000
[12,     5] loss: 0.7783 acc: 95.0000
[12,     6] loss: 0.8532 acc: 87.5000
[12,     7] loss: 0.3388 acc: 89.2857
[12,     8] loss: 0.5235 acc: 90.6250
[12,     9] loss: 0.2283 acc: 91.6667
[12,    10] loss: 0.7259 acc: 90.0000
[12,    11] loss: 0.3497 acc: 88.6364
[12,    12] loss: 0.4396 acc: 89.5833
[12,    13] loss: 0.1880 acc: 90.3846
[12,    14] loss: 0.4952 acc: 89.2857
[12,    15] loss: 1.6694 acc: 86.6667
[12,    16] loss: 0.8504 acc: 85.9375
[12,    17] loss: 0.5044 acc: 86.7647
[12,    18] loss: 0.7071 acc: 86.1111
[12,    19] loss: 0.8036 acc: 85.5263
[12,    20] loss: 0.6025 acc: 86.2500
[12,    21] loss: 0.4021 acc: 86.9048
[12,    22] loss: 0.2832 acc: 87.5000
[12,    23] loss: 1.6391 acc: 85.8696
[12,    24] loss: 1.0221 acc: 84.3750
[12,    25] loss: 1.7850 acc: 83.0000
[12,    26] loss: 0.2979 acc: 83.6538
[12,    27] loss: 0.3615 acc: 84.2593
[12,    28] loss: 0.4748 acc: 83.9286
[12,    29] loss: 0.5596 acc: 83.6207
[12,    30] loss: 0.6283 acc: 83.3333
[12,    31] loss: 1.0764 acc: 83.0645
[12,    32] loss: 0.2531 acc: 83.5938
[13,     1] loss: 0.5314 acc: 100.0000
[13,     2] loss: 0.3201 acc: 100.0000
[13,     3] loss: 0.4420 acc: 100.0000
[13,     4] loss: 0.8793 acc: 93.7500
[13,     5] loss: 0.7203 acc: 90.0000
[13,     6] loss: 0.6077 acc: 91.6667
[13,     7] loss: 1.5812 acc: 89.2857
[13,     8] loss: 1.0792 acc: 87.5000
[13,     9] loss: 0.7270 acc: 86.1111
[13,    10] loss: 1.5623 acc: 82.5000
[13,    11] loss: 0.3460 acc: 84.0909
[13,    12] loss: 0.3273 acc: 85.4167
[13,    13] loss: 0.2444 acc: 86.5385
[13,    14] loss: 0.2955 acc: 87.5000
[13,    15] loss: 0.8072 acc: 86.6667
[13,    16] loss: 0.3561 acc: 87.5000
[13,    17] loss: 0.7197 acc: 86.7647
[13,    18] loss: 1.1798 acc: 86.1111
[13,    19] loss: 0.9484 acc: 85.5263
[13,    20] loss: 0.9002 acc: 85.0000
[13,    21] loss: 0.8303 acc: 83.3333
[13,    22] loss: 0.8220 acc: 82.9545
[13,    23] loss: 0.6296 acc: 82.6087
[13,    24] loss: 0.3245 acc: 83.3333
[13,    25] loss: 1.0990 acc: 83.0000
[13,    26] loss: 0.6622 acc: 82.6923
[13,    27] loss: 0.4709 acc: 83.3333
[13,    28] loss: 0.5214 acc: 83.0357
[13,    29] loss: 1.4997 acc: 81.8966
[13,    30] loss: 0.8513 acc: 81.6667
[13,    31] loss: 0.8185 acc: 80.6452
[13,    32] loss: 0.5091 acc: 80.4688
[14,     1] loss: 0.9380 acc: 75.0000
[14,     2] loss: 0.4441 acc: 75.0000
[14,     3] loss: 1.1217 acc: 75.0000
[14,     4] loss: 1.7212 acc: 68.7500
[14,     5] loss: 0.3733 acc: 70.0000
[14,     6] loss: 1.3506 acc: 70.8333
[14,     7] loss: 0.4359 acc: 75.0000
[14,     8] loss: 0.5645 acc: 75.0000
[14,     9] loss: 1.2429 acc: 72.2222
[14,    10] loss: 0.7222 acc: 72.5000
[14,    11] loss: 0.7739 acc: 70.4545
[14,    12] loss: 1.0845 acc: 70.8333
[14,    13] loss: 0.9658 acc: 71.1538
[14,    14] loss: 0.2021 acc: 73.2143
[14,    15] loss: 0.9981 acc: 73.3333
[14,    16] loss: 1.9550 acc: 71.8750
[14,    17] loss: 0.8217 acc: 72.0588
[14,    18] loss: 0.5205 acc: 73.6111
[14,    19] loss: 0.4981 acc: 75.0000
[14,    20] loss: 1.1407 acc: 75.0000
[14,    21] loss: 0.6119 acc: 76.1905
[14,    22] loss: 1.5610 acc: 76.1364
[14,    23] loss: 0.6849 acc: 76.0870
[14,    24] loss: 0.4877 acc: 77.0833
[14,    25] loss: 0.5420 acc: 77.0000
[14,    26] loss: 2.0814 acc: 75.0000
[14,    27] loss: 0.1890 acc: 75.9259
[14,    28] loss: 0.3249 acc: 76.7857
[14,    29] loss: 0.2866 acc: 77.5862
[14,    30] loss: 0.7126 acc: 77.5000
[14,    31] loss: 1.0106 acc: 76.6129
[14,    32] loss: 0.1746 acc: 77.3438
[15,     1] loss: 2.0218 acc: 50.0000
[15,     2] loss: 0.6978 acc: 62.5000
[15,     3] loss: 0.8691 acc: 66.6667
[15,     4] loss: 0.4532 acc: 75.0000
[15,     5] loss: 0.8678 acc: 75.0000
[15,     6] loss: 0.5779 acc: 75.0000
[15,     7] loss: 1.1505 acc: 71.4286
[15,     8] loss: 0.2529 acc: 75.0000
[15,     9] loss: 1.8628 acc: 69.4444
[15,    10] loss: 0.1946 acc: 72.5000
[15,    11] loss: 0.2429 acc: 75.0000
[15,    12] loss: 0.5739 acc: 75.0000
[15,    13] loss: 0.6101 acc: 76.9231
[15,    14] loss: 0.1863 acc: 78.5714
[15,    15] loss: 0.8794 acc: 78.3333
[15,    16] loss: 0.3505 acc: 79.6875
[15,    17] loss: 1.6390 acc: 77.9412
[15,    18] loss: 0.4771 acc: 77.7778
[15,    19] loss: 0.3181 acc: 78.9474
[15,    20] loss: 0.2393 acc: 80.0000
[15,    21] loss: 1.7679 acc: 78.5714
[15,    22] loss: 0.3000 acc: 79.5455
[15,    23] loss: 1.5655 acc: 78.2609
[15,    24] loss: 0.6999 acc: 78.1250
[15,    25] loss: 1.1906 acc: 78.0000
[15,    26] loss: 0.6070 acc: 77.8846
[15,    27] loss: 0.1404 acc: 78.7037
[15,    28] loss: 2.0057 acc: 77.6786
[15,    29] loss: 0.8643 acc: 77.5862
[15,    30] loss: 0.2738 acc: 78.3333
[15,    31] loss: 0.6523 acc: 78.2258
[15,    32] loss: 1.0371 acc: 77.3438
[16,     1] loss: 1.3518 acc: 25.0000
[16,     2] loss: 0.6965 acc: 37.5000
[16,     3] loss: 1.4284 acc: 50.0000
[16,     4] loss: 0.4364 acc: 56.2500
[16,     5] loss: 0.7566 acc: 60.0000
[16,     6] loss: 0.5383 acc: 62.5000
[16,     7] loss: 0.6247 acc: 64.2857
[16,     8] loss: 0.2325 acc: 68.7500
[16,     9] loss: 0.7788 acc: 69.4444
[16,    10] loss: 0.2292 acc: 72.5000
[16,    11] loss: 0.4222 acc: 75.0000
[16,    12] loss: 0.5822 acc: 75.0000
[16,    13] loss: 0.9869 acc: 75.0000
[16,    14] loss: 0.9157 acc: 75.0000
[16,    15] loss: 0.5925 acc: 75.0000
[16,    16] loss: 0.8364 acc: 75.0000
[16,    17] loss: 0.2706 acc: 76.4706
[16,    18] loss: 0.9990 acc: 76.3889
[16,    19] loss: 0.8746 acc: 75.0000
[16,    20] loss: 0.5929 acc: 75.0000
[16,    21] loss: 0.1784 acc: 76.1905
[16,    22] loss: 0.4355 acc: 77.2727
[16,    23] loss: 1.0279 acc: 77.1739
[16,    24] loss: 0.5995 acc: 77.0833
[16,    25] loss: 0.6615 acc: 77.0000
[16,    26] loss: 0.3199 acc: 77.8846
[16,    27] loss: 0.4287 acc: 78.7037
[16,    28] loss: 0.1819 acc: 79.4643
[16,    29] loss: 1.1050 acc: 79.3103
[16,    30] loss: 0.2985 acc: 80.0000
[16,    31] loss: 0.0839 acc: 80.6452
[16,    32] loss: 0.1802 acc: 81.2500
[17,     1] loss: 1.2670 acc: 50.0000
[17,     2] loss: 0.1622 acc: 75.0000
[17,     3] loss: 0.8144 acc: 75.0000
[17,     4] loss: 0.6737 acc: 75.0000
[17,     5] loss: 0.5056 acc: 75.0000
[17,     6] loss: 0.2872 acc: 79.1667
[17,     7] loss: 1.1152 acc: 78.5714
[17,     8] loss: 0.1438 acc: 81.2500
[17,     9] loss: 0.2074 acc: 83.3333
[17,    10] loss: 0.4937 acc: 82.5000
[17,    11] loss: 0.3091 acc: 84.0909
[17,    12] loss: 0.7694 acc: 83.3333
[17,    13] loss: 0.1197 acc: 84.6154
[17,    14] loss: 0.8621 acc: 83.9286
[17,    15] loss: 1.0918 acc: 83.3333
[17,    16] loss: 0.9979 acc: 81.2500
[17,    17] loss: 2.6499 acc: 77.9412
[17,    18] loss: 0.6660 acc: 77.7778
[17,    19] loss: 0.7445 acc: 77.6316
[17,    20] loss: 1.2802 acc: 76.2500
[17,    21] loss: 1.2204 acc: 76.1905
[17,    22] loss: 0.5235 acc: 76.1364
[17,    23] loss: 0.3591 acc: 76.0870
[17,    24] loss: 1.4404 acc: 73.9583
[17,    25] loss: 0.1537 acc: 75.0000
[17,    26] loss: 0.2746 acc: 75.9615
[17,    27] loss: 0.8536 acc: 75.9259
[17,    28] loss: 0.2544 acc: 76.7857
[17,    29] loss: 0.2003 acc: 77.5862
[17,    30] loss: 0.1668 acc: 78.3333
[17,    31] loss: 0.6705 acc: 78.2258
[17,    32] loss: 1.9574 acc: 77.3438
[18,     1] loss: 0.1939 acc: 100.0000
[18,     2] loss: 0.3461 acc: 100.0000
[18,     3] loss: 0.7750 acc: 91.6667
[18,     4] loss: 0.1376 acc: 93.7500
[18,     5] loss: 1.7216 acc: 85.0000
[18,     6] loss: 0.9484 acc: 83.3333
[18,     7] loss: 0.2385 acc: 85.7143
[18,     8] loss: 1.0365 acc: 81.2500
[18,     9] loss: 2.1398 acc: 75.0000
[18,    10] loss: 0.9604 acc: 75.0000
[18,    11] loss: 1.4480 acc: 70.4545
[18,    12] loss: 1.1277 acc: 68.7500
[18,    13] loss: 0.2913 acc: 71.1538
[18,    14] loss: 0.3311 acc: 71.4286
[18,    15] loss: 0.2136 acc: 73.3333
[18,    16] loss: 1.4791 acc: 73.4375
[18,    17] loss: 0.9139 acc: 73.5294
[18,    18] loss: 0.7091 acc: 73.6111
[18,    19] loss: 0.1595 acc: 75.0000
[18,    20] loss: 0.8069 acc: 75.0000
[18,    21] loss: 0.3147 acc: 76.1905
[18,    22] loss: 0.6101 acc: 76.1364
[18,    23] loss: 0.5646 acc: 76.0870
[18,    24] loss: 0.5881 acc: 76.0417
[18,    25] loss: 1.4805 acc: 76.0000
[18,    26] loss: 1.2538 acc: 75.9615
[18,    27] loss: 0.8061 acc: 75.9259
[18,    28] loss: 0.7892 acc: 75.8929
[18,    29] loss: 0.8873 acc: 75.8621
[18,    30] loss: 0.2148 acc: 76.6667
[18,    31] loss: 0.3778 acc: 77.4194
[18,    32] loss: 0.2421 acc: 78.1250
[19,     1] loss: 0.2530 acc: 100.0000
[19,     2] loss: 0.5858 acc: 87.5000
[19,     3] loss: 1.1994 acc: 75.0000
[19,     4] loss: 0.9265 acc: 75.0000
[19,     5] loss: 1.0638 acc: 75.0000
[19,     6] loss: 0.3592 acc: 79.1667
[19,     7] loss: 0.6238 acc: 82.1429
[19,     8] loss: 1.7682 acc: 78.1250
[19,     9] loss: 0.5120 acc: 80.5556
[19,    10] loss: 0.6043 acc: 80.0000
[19,    11] loss: 0.1351 acc: 81.8182
[19,    12] loss: 0.9774 acc: 81.2500
[19,    13] loss: 0.1866 acc: 82.6923
[19,    14] loss: 0.1737 acc: 83.9286
[19,    15] loss: 0.4067 acc: 83.3333
[19,    16] loss: 0.1147 acc: 84.3750
[19,    17] loss: 1.0639 acc: 83.8235
[19,    18] loss: 2.3089 acc: 81.9444
[19,    19] loss: 0.6544 acc: 81.5789
[19,    20] loss: 0.3247 acc: 82.5000
[19,    21] loss: 1.4070 acc: 82.1429
[19,    22] loss: 1.0078 acc: 81.8182
[19,    23] loss: 1.0227 acc: 81.5217
[19,    24] loss: 0.9818 acc: 81.2500
[19,    25] loss: 1.0367 acc: 80.0000
[19,    26] loss: 0.9741 acc: 78.8462
[19,    27] loss: 1.1232 acc: 77.7778
[19,    28] loss: 0.1660 acc: 78.5714
[19,    29] loss: 0.4747 acc: 78.4483
[19,    30] loss: 0.2489 acc: 79.1667
[19,    31] loss: 0.2859 acc: 79.8387
[19,    32] loss: 0.5232 acc: 80.4688
[20,     1] loss: 0.6603 acc: 75.0000
[20,     2] loss: 0.2206 acc: 87.5000
[20,     3] loss: 0.3516 acc: 91.6667
[20,     4] loss: 1.3022 acc: 87.5000
[20,     5] loss: 0.2522 acc: 90.0000
[20,     6] loss: 0.5293 acc: 87.5000
[20,     7] loss: 1.9516 acc: 82.1429
[20,     8] loss: 0.7874 acc: 81.2500
[20,     9] loss: 0.8741 acc: 77.7778
[20,    10] loss: 0.3265 acc: 80.0000
[20,    11] loss: 0.5685 acc: 79.5455
[20,    12] loss: 0.6301 acc: 79.1667
[20,    13] loss: 0.2268 acc: 80.7692
[20,    14] loss: 0.5433 acc: 80.3571
[20,    15] loss: 1.0882 acc: 78.3333
[20,    16] loss: 0.6233 acc: 78.1250
[20,    17] loss: 0.1493 acc: 79.4118
[20,    18] loss: 0.9900 acc: 79.1667
[20,    19] loss: 0.4834 acc: 78.9474
[20,    20] loss: 0.2120 acc: 80.0000
[20,    21] loss: 0.5256 acc: 79.7619
[20,    22] loss: 0.2973 acc: 80.6818
[20,    23] loss: 0.2999 acc: 81.5217
[20,    24] loss: 0.5554 acc: 81.2500
[20,    25] loss: 1.3105 acc: 80.0000
[20,    26] loss: 1.4959 acc: 78.8462
[20,    27] loss: 0.4109 acc: 79.6296
[20,    28] loss: 0.8131 acc: 79.4643
[20,    29] loss: 0.4113 acc: 80.1724
[20,    30] loss: 0.6614 acc: 80.0000
[20,    31] loss: 0.6436 acc: 79.8387
[20,    32] loss: 1.4567 acc: 78.9062
[21,     1] loss: 0.9813 acc: 75.0000
[21,     2] loss: 0.7055 acc: 75.0000
[21,     3] loss: 0.6954 acc: 75.0000
[21,     4] loss: 0.3043 acc: 81.2500
[21,     5] loss: 0.2700 acc: 85.0000
[21,     6] loss: 0.2533 acc: 87.5000
[21,     7] loss: 0.1716 acc: 89.2857
[21,     8] loss: 0.3226 acc: 90.6250
[21,     9] loss: 0.5526 acc: 88.8889
[21,    10] loss: 0.4821 acc: 90.0000
[21,    11] loss: 1.3643 acc: 88.6364
[21,    12] loss: 0.2313 acc: 89.5833
[21,    13] loss: 0.7326 acc: 88.4615
[21,    14] loss: 0.1841 acc: 89.2857
[21,    15] loss: 0.9165 acc: 88.3333
[21,    16] loss: 0.9515 acc: 87.5000
[21,    17] loss: 1.6478 acc: 85.2941
[21,    18] loss: 0.7075 acc: 84.7222
[21,    19] loss: 0.4106 acc: 84.2105
[21,    20] loss: 0.1528 acc: 85.0000
[21,    21] loss: 1.1918 acc: 83.3333
[21,    22] loss: 0.4844 acc: 82.9545
[21,    23] loss: 1.1094 acc: 82.6087
[21,    24] loss: 0.0765 acc: 83.3333
[21,    25] loss: 0.3510 acc: 83.0000
[21,    26] loss: 0.4214 acc: 83.6538
[21,    27] loss: 0.8189 acc: 82.4074
[21,    28] loss: 0.5077 acc: 83.0357
[21,    29] loss: 0.6050 acc: 82.7586
[21,    30] loss: 0.5713 acc: 82.5000
[21,    31] loss: 0.3428 acc: 83.0645
[21,    32] loss: 0.7484 acc: 82.8125
[22,     1] loss: 0.2974 acc: 100.0000
[22,     2] loss: 0.3962 acc: 100.0000
[22,     3] loss: 0.8743 acc: 83.3333
[22,     4] loss: 0.7586 acc: 75.0000
[22,     5] loss: 0.7329 acc: 75.0000
[22,     6] loss: 0.4637 acc: 79.1667
[22,     7] loss: 0.1180 acc: 82.1429
[22,     8] loss: 0.5037 acc: 84.3750
[22,     9] loss: 0.9368 acc: 83.3333
[22,    10] loss: 0.3101 acc: 85.0000
[22,    11] loss: 0.2845 acc: 86.3636
[22,    12] loss: 0.3288 acc: 87.5000
[22,    13] loss: 0.3099 acc: 88.4615
[22,    14] loss: 0.2991 acc: 89.2857
[22,    15] loss: 0.2440 acc: 90.0000
[22,    16] loss: 0.3504 acc: 90.6250
[22,    17] loss: 0.4758 acc: 91.1765
[22,    18] loss: 1.0794 acc: 90.2778
[22,    19] loss: 0.2567 acc: 90.7895
[22,    20] loss: 0.5567 acc: 90.0000
[22,    21] loss: 0.1344 acc: 90.4762
[22,    22] loss: 1.1944 acc: 89.7727
[22,    23] loss: 0.2804 acc: 90.2174
[22,    24] loss: 0.4848 acc: 89.5833
[22,    25] loss: 0.4140 acc: 90.0000
[22,    26] loss: 0.5272 acc: 89.4231
[22,    27] loss: 1.6042 acc: 88.8889
[22,    28] loss: 0.6195 acc: 88.3929
[22,    29] loss: 0.2823 acc: 88.7931
[22,    30] loss: 0.1139 acc: 89.1667
[22,    31] loss: 0.5633 acc: 88.7097
[22,    32] loss: 0.5352 acc: 89.0625
[23,     1] loss: 0.2797 acc: 100.0000
[23,     2] loss: 0.3832 acc: 100.0000
[23,     3] loss: 1.7717 acc: 91.6667
[23,     4] loss: 0.4480 acc: 87.5000
[23,     5] loss: 0.7574 acc: 85.0000
[23,     6] loss: 0.1608 acc: 87.5000
[23,     7] loss: 0.5275 acc: 85.7143
[23,     8] loss: 0.0817 acc: 87.5000
[23,     9] loss: 0.9425 acc: 86.1111
[23,    10] loss: 0.5968 acc: 85.0000
[23,    11] loss: 0.7971 acc: 84.0909
[23,    12] loss: 0.0729 acc: 85.4167
[23,    13] loss: 0.5077 acc: 84.6154
[23,    14] loss: 0.1494 acc: 85.7143
[23,    15] loss: 0.0805 acc: 86.6667
[23,    16] loss: 0.6434 acc: 85.9375
[23,    17] loss: 0.3948 acc: 86.7647
[23,    18] loss: 0.2242 acc: 87.5000
[23,    19] loss: 0.1503 acc: 88.1579
[23,    20] loss: 0.2824 acc: 87.5000
[23,    21] loss: 0.3467 acc: 88.0952
[23,    22] loss: 1.0464 acc: 87.5000
[23,    23] loss: 0.3421 acc: 86.9565
[23,    24] loss: 0.4897 acc: 86.4583
[23,    25] loss: 0.9770 acc: 85.0000
[23,    26] loss: 0.2715 acc: 85.5769
[23,    27] loss: 0.3033 acc: 86.1111
[23,    28] loss: 0.2987 acc: 86.6071
[23,    29] loss: 0.4724 acc: 86.2069
[23,    30] loss: 0.7734 acc: 85.8333
[23,    31] loss: 0.1536 acc: 86.2903
[23,    32] loss: 1.0822 acc: 85.1562
[24,     1] loss: 0.5243 acc: 75.0000
[24,     2] loss: 0.3904 acc: 87.5000
[24,     3] loss: 0.5791 acc: 83.3333
[24,     4] loss: 0.6440 acc: 81.2500
[24,     5] loss: 0.2225 acc: 85.0000
[24,     6] loss: 0.2106 acc: 87.5000
[24,     7] loss: 1.1996 acc: 85.7143
[24,     8] loss: 0.1606 acc: 87.5000
[24,     9] loss: 0.1748 acc: 88.8889
[24,    10] loss: 1.0429 acc: 87.5000
[24,    11] loss: 0.3206 acc: 88.6364
[24,    12] loss: 0.6082 acc: 87.5000
[24,    13] loss: 0.6994 acc: 86.5385
[24,    14] loss: 0.0660 acc: 87.5000
[24,    15] loss: 0.2255 acc: 88.3333
[24,    16] loss: 0.1212 acc: 89.0625
[24,    17] loss: 0.3017 acc: 89.7059
[24,    18] loss: 0.9224 acc: 88.8889
[24,    19] loss: 1.2413 acc: 88.1579
[24,    20] loss: 0.2225 acc: 88.7500
[24,    21] loss: 0.4547 acc: 89.2857
[24,    22] loss: 0.1121 acc: 89.7727
[24,    23] loss: 1.0395 acc: 89.1304
[24,    24] loss: 0.2166 acc: 89.5833
[24,    25] loss: 1.4909 acc: 88.0000
[24,    26] loss: 1.0859 acc: 87.5000
[24,    27] loss: 0.2673 acc: 87.9630
[24,    28] loss: 0.1082 acc: 88.3929
[24,    29] loss: 0.2173 acc: 88.7931
[24,    30] loss: 0.9529 acc: 88.3333
[24,    31] loss: 0.2557 acc: 88.7097
[24,    32] loss: 1.1561 acc: 88.2812
[25,     1] loss: 0.4285 acc: 100.0000
[25,     2] loss: 0.1665 acc: 100.0000
[25,     3] loss: 1.0417 acc: 83.3333
[25,     4] loss: 0.4658 acc: 81.2500
[25,     5] loss: 0.6021 acc: 80.0000
[25,     6] loss: 0.5719 acc: 79.1667
[25,     7] loss: 0.3337 acc: 82.1429
[25,     8] loss: 0.4313 acc: 84.3750
[25,     9] loss: 0.0899 acc: 86.1111
[25,    10] loss: 0.5521 acc: 85.0000
[25,    11] loss: 0.3139 acc: 86.3636
[25,    12] loss: 0.5523 acc: 85.4167
[25,    13] loss: 1.2533 acc: 82.6923
[25,    14] loss: 0.3550 acc: 83.9286
[25,    15] loss: 0.4200 acc: 83.3333
[25,    16] loss: 0.9423 acc: 81.2500
[25,    17] loss: 0.8111 acc: 80.8824
[25,    18] loss: 0.6873 acc: 80.5556
[25,    19] loss: 0.1959 acc: 81.5789
[25,    20] loss: 0.3577 acc: 82.5000
[25,    21] loss: 0.8774 acc: 82.1429
[25,    22] loss: 1.3397 acc: 80.6818
[25,    23] loss: 1.3337 acc: 80.4348
[25,    24] loss: 0.1833 acc: 81.2500
[25,    25] loss: 0.0995 acc: 82.0000
[25,    26] loss: 0.1130 acc: 82.6923
[25,    27] loss: 0.0730 acc: 83.3333
[25,    28] loss: 0.5370 acc: 83.9286
[25,    29] loss: 0.2396 acc: 84.4828
[25,    30] loss: 0.6534 acc: 84.1667
[25,    31] loss: 1.1879 acc: 83.0645
[25,    32] loss: 0.4552 acc: 83.5938
[26,     1] loss: 0.3676 acc: 100.0000
[26,     2] loss: 0.2705 acc: 100.0000
[26,     3] loss: 0.5144 acc: 100.0000
[26,     4] loss: 1.0579 acc: 93.7500
[26,     5] loss: 0.2321 acc: 95.0000
[26,     6] loss: 0.0742 acc: 95.8333
[26,     7] loss: 0.0584 acc: 96.4286
[26,     8] loss: 0.1716 acc: 96.8750
[26,     9] loss: 0.3127 acc: 97.2222
[26,    10] loss: 0.5365 acc: 95.0000
[26,    11] loss: 0.7046 acc: 93.1818
[26,    12] loss: 0.1353 acc: 93.7500
[26,    13] loss: 0.1821 acc: 94.2308
[26,    14] loss: 0.5462 acc: 92.8571
[26,    15] loss: 0.2156 acc: 93.3333
[26,    16] loss: 0.1663 acc: 93.7500
[26,    17] loss: 0.8436 acc: 92.6471
[26,    18] loss: 0.1644 acc: 93.0556
[26,    19] loss: 0.5108 acc: 92.1053
[26,    20] loss: 0.3699 acc: 92.5000
[26,    21] loss: 0.6264 acc: 91.6667
[26,    22] loss: 0.4384 acc: 92.0455
[26,    23] loss: 0.5666 acc: 91.3043
[26,    24] loss: 0.2274 acc: 91.6667
[26,    25] loss: 0.2081 acc: 92.0000
[26,    26] loss: 1.0952 acc: 90.3846
[26,    27] loss: 0.9161 acc: 89.8148
[26,    28] loss: 0.3434 acc: 90.1786
[26,    29] loss: 0.5765 acc: 89.6552
[26,    30] loss: 0.3568 acc: 90.0000
[26,    31] loss: 1.4156 acc: 89.5161
[26,    32] loss: 0.3105 acc: 89.8438
[27,     1] loss: 0.0770 acc: 100.0000
[27,     2] loss: 0.4390 acc: 87.5000
[27,     3] loss: 0.7101 acc: 83.3333
[27,     4] loss: 0.3273 acc: 81.2500
[27,     5] loss: 0.3906 acc: 80.0000
[27,     6] loss: 0.2115 acc: 83.3333
[27,     7] loss: 2.0722 acc: 78.5714
[27,     8] loss: 0.3182 acc: 78.1250
[27,     9] loss: 0.5613 acc: 80.5556
[27,    10] loss: 1.4832 acc: 80.0000
[27,    11] loss: 2.4966 acc: 75.0000
[27,    12] loss: 0.2174 acc: 77.0833
[27,    13] loss: 0.0540 acc: 78.8462
[27,    14] loss: 0.6606 acc: 78.5714
[27,    15] loss: 0.0795 acc: 80.0000
[27,    16] loss: 0.9686 acc: 79.6875
[27,    17] loss: 1.9532 acc: 77.9412
[27,    18] loss: 1.1071 acc: 77.7778
[27,    19] loss: 0.9608 acc: 77.6316
[27,    20] loss: 0.3176 acc: 78.7500
[27,    21] loss: 0.0520 acc: 79.7619
[27,    22] loss: 0.5338 acc: 80.6818
[27,    23] loss: 0.0310 acc: 81.5217
[27,    24] loss: 1.5138 acc: 80.2083
[27,    25] loss: 0.5998 acc: 80.0000
[27,    26] loss: 0.6146 acc: 79.8077
[27,    27] loss: 0.2818 acc: 80.5556
[27,    28] loss: 0.4755 acc: 80.3571
[27,    29] loss: 0.5576 acc: 80.1724
[27,    30] loss: 0.2777 acc: 80.8333
[27,    31] loss: 0.3625 acc: 80.6452
[27,    32] loss: 0.0992 acc: 81.2500
[28,     1] loss: 0.2401 acc: 100.0000
[28,     2] loss: 0.9798 acc: 75.0000
[28,     3] loss: 0.3376 acc: 75.0000
[28,     4] loss: 0.9284 acc: 75.0000
[28,     5] loss: 0.2848 acc: 80.0000
[28,     6] loss: 0.9238 acc: 79.1667
[28,     7] loss: 0.3695 acc: 82.1429
[28,     8] loss: 1.2139 acc: 81.2500
[28,     9] loss: 0.1677 acc: 83.3333
[28,    10] loss: 0.2098 acc: 85.0000
[28,    11] loss: 0.2037 acc: 86.3636
[28,    12] loss: 0.5652 acc: 87.5000
[28,    13] loss: 1.1707 acc: 86.5385
[28,    14] loss: 0.3897 acc: 85.7143
[28,    15] loss: 0.3064 acc: 86.6667
[28,    16] loss: 0.9754 acc: 85.9375
[28,    17] loss: 0.2907 acc: 86.7647
[28,    18] loss: 0.0759 acc: 87.5000
[28,    19] loss: 0.8398 acc: 86.8421
[28,    20] loss: 0.4194 acc: 87.5000
[28,    21] loss: 0.5875 acc: 86.9048
[28,    22] loss: 0.5134 acc: 86.3636
[28,    23] loss: 0.2743 acc: 86.9565
[28,    24] loss: 0.8922 acc: 85.4167
[28,    25] loss: 0.6529 acc: 84.0000
[28,    26] loss: 0.7976 acc: 83.6538
[28,    27] loss: 0.1746 acc: 84.2593
[28,    28] loss: 0.1149 acc: 84.8214
[28,    29] loss: 0.7331 acc: 84.4828
[28,    30] loss: 1.0338 acc: 84.1667
[28,    31] loss: 1.7039 acc: 83.0645
[28,    32] loss: 0.3632 acc: 82.8125
[29,     1] loss: 0.2733 acc: 100.0000
[29,     2] loss: 0.4088 acc: 87.5000
[29,     3] loss: 0.7364 acc: 83.3333
[29,     4] loss: 0.1914 acc: 87.5000
[29,     5] loss: 0.9697 acc: 80.0000
[29,     6] loss: 0.2115 acc: 83.3333
[29,     7] loss: 0.8923 acc: 82.1429
[29,     8] loss: 0.2864 acc: 84.3750
[29,     9] loss: 0.4943 acc: 86.1111
[29,    10] loss: 0.2139 acc: 87.5000
[29,    11] loss: 0.2117 acc: 88.6364
[29,    12] loss: 0.5089 acc: 87.5000
[29,    13] loss: 0.8412 acc: 86.5385
[29,    14] loss: 0.5954 acc: 85.7143
[29,    15] loss: 0.8377 acc: 85.0000
[29,    16] loss: 0.2733 acc: 84.3750
[29,    17] loss: 1.3101 acc: 83.8235
[29,    18] loss: 0.7711 acc: 83.3333
[29,    19] loss: 0.1379 acc: 84.2105
[29,    20] loss: 0.3601 acc: 85.0000
[29,    21] loss: 0.1054 acc: 85.7143
[29,    22] loss: 0.3853 acc: 85.2273
[29,    23] loss: 0.0819 acc: 85.8696
[29,    24] loss: 1.4255 acc: 85.4167
[29,    25] loss: 0.2807 acc: 86.0000
[29,    26] loss: 1.2195 acc: 84.6154
[29,    27] loss: 0.6303 acc: 84.2593
[29,    28] loss: 0.0777 acc: 84.8214
[29,    29] loss: 0.0896 acc: 85.3448
[29,    30] loss: 0.8216 acc: 85.0000
[29,    31] loss: 0.6184 acc: 85.4839
[29,    32] loss: 0.5806 acc: 85.1562
[30,     1] loss: 0.4587 acc: 75.0000
[30,     2] loss: 0.4206 acc: 75.0000
[30,     3] loss: 0.2245 acc: 83.3333
[30,     4] loss: 0.4588 acc: 81.2500
[30,     5] loss: 0.5127 acc: 80.0000
[30,     6] loss: 1.0455 acc: 79.1667
[30,     7] loss: 0.2547 acc: 82.1429
[30,     8] loss: 0.4525 acc: 81.2500
[30,     9] loss: 0.3145 acc: 83.3333
[30,    10] loss: 1.5786 acc: 80.0000
[30,    11] loss: 0.4551 acc: 79.5455
[30,    12] loss: 0.1300 acc: 81.2500
[30,    13] loss: 0.6833 acc: 80.7692
[30,    14] loss: 0.4202 acc: 82.1429
[30,    15] loss: 0.1252 acc: 83.3333
[30,    16] loss: 0.9420 acc: 82.8125
[30,    17] loss: 0.6332 acc: 82.3529
[30,    18] loss: 0.3159 acc: 81.9444
[30,    19] loss: 1.8281 acc: 80.2632
[30,    20] loss: 0.0684 acc: 81.2500
[30,    21] loss: 1.8946 acc: 78.5714
[30,    22] loss: 0.2984 acc: 79.5455
[30,    23] loss: 0.1844 acc: 80.4348
[30,    24] loss: 1.5112 acc: 79.1667
[30,    25] loss: 0.7517 acc: 79.0000
[30,    26] loss: 0.8769 acc: 78.8462
[30,    27] loss: 0.8502 acc: 78.7037
[30,    28] loss: 0.2578 acc: 79.4643
[30,    29] loss: 0.1479 acc: 80.1724
[30,    30] loss: 1.4304 acc: 80.0000
[30,    31] loss: 0.7307 acc: 79.8387
[30,    32] loss: 0.3053 acc: 80.4688
[31,     1] loss: 0.7127 acc: 75.0000
[31,     2] loss: 1.1950 acc: 75.0000
[31,     3] loss: 0.1343 acc: 83.3333
[31,     4] loss: 0.4614 acc: 87.5000
[31,     5] loss: 0.2447 acc: 90.0000
[31,     6] loss: 0.4692 acc: 87.5000
[31,     7] loss: 0.2909 acc: 89.2857
[31,     8] loss: 0.9356 acc: 84.3750
[31,     9] loss: 0.0675 acc: 86.1111
[31,    10] loss: 0.0940 acc: 87.5000
[31,    11] loss: 0.4172 acc: 88.6364
[31,    12] loss: 0.6078 acc: 87.5000
[31,    13] loss: 2.4192 acc: 82.6923
[31,    14] loss: 0.2061 acc: 83.9286
[31,    15] loss: 0.1027 acc: 85.0000
[31,    16] loss: 1.6215 acc: 81.2500
[31,    17] loss: 0.2308 acc: 82.3529
[31,    18] loss: 0.3258 acc: 83.3333
[31,    19] loss: 1.1379 acc: 82.8947
[31,    20] loss: 0.2426 acc: 83.7500
[31,    21] loss: 0.2706 acc: 84.5238
[31,    22] loss: 0.1482 acc: 85.2273
[31,    23] loss: 0.1939 acc: 85.8696
[31,    24] loss: 1.0689 acc: 85.4167
[31,    25] loss: 1.6369 acc: 84.0000
[31,    26] loss: 1.2582 acc: 83.6538
[31,    27] loss: 0.4237 acc: 83.3333
[31,    28] loss: 0.1347 acc: 83.9286
[31,    29] loss: 1.7323 acc: 81.8966
[31,    30] loss: 0.2991 acc: 81.6667
[31,    31] loss: 0.2037 acc: 82.2581
[31,    32] loss: 0.5330 acc: 82.8125
[32,     1] loss: 0.2565 acc: 100.0000
[32,     2] loss: 0.9508 acc: 87.5000
[32,     3] loss: 0.1963 acc: 91.6667
[32,     4] loss: 0.0826 acc: 93.7500
[32,     5] loss: 0.2044 acc: 95.0000
[32,     6] loss: 0.7405 acc: 87.5000
[32,     7] loss: 0.4851 acc: 89.2857
[32,     8] loss: 0.2544 acc: 90.6250
[32,     9] loss: 0.8128 acc: 88.8889
[32,    10] loss: 1.8980 acc: 85.0000
[32,    11] loss: 0.0483 acc: 86.3636
[32,    12] loss: 0.2843 acc: 87.5000
[32,    13] loss: 0.9853 acc: 86.5385
[32,    14] loss: 0.2791 acc: 87.5000
[32,    15] loss: 0.5003 acc: 88.3333
[32,    16] loss: 0.6892 acc: 87.5000
[32,    17] loss: 0.5707 acc: 86.7647
[32,    18] loss: 0.9782 acc: 86.1111
[32,    19] loss: 0.9293 acc: 85.5263
[32,    20] loss: 1.3617 acc: 83.7500
[32,    21] loss: 0.1732 acc: 84.5238
[32,    22] loss: 0.2705 acc: 85.2273
[32,    23] loss: 0.6077 acc: 84.7826
[32,    24] loss: 0.0977 acc: 85.4167
[32,    25] loss: 0.5510 acc: 85.0000
[32,    26] loss: 0.1047 acc: 85.5769
[32,    27] loss: 0.4003 acc: 86.1111
[32,    28] loss: 0.3457 acc: 86.6071
[32,    29] loss: 0.9895 acc: 86.2069
[32,    30] loss: 0.4272 acc: 85.8333
[32,    31] loss: 1.7213 acc: 83.8710
[32,    32] loss: 2.5827 acc: 82.8125
[33,     1] loss: 0.5801 acc: 75.0000
[33,     2] loss: 0.9650 acc: 75.0000
[33,     3] loss: 1.7555 acc: 66.6667
[33,     4] loss: 0.4443 acc: 75.0000
[33,     5] loss: 0.4291 acc: 80.0000
[33,     6] loss: 0.3151 acc: 83.3333
[33,     7] loss: 0.2975 acc: 85.7143
[33,     8] loss: 1.1414 acc: 81.2500
[33,     9] loss: 0.5288 acc: 80.5556
[33,    10] loss: 0.2128 acc: 82.5000
[33,    11] loss: 0.1280 acc: 84.0909
[33,    12] loss: 0.5512 acc: 83.3333
[33,    13] loss: 0.5426 acc: 82.6923
[33,    14] loss: 0.2758 acc: 83.9286
[33,    15] loss: 0.2016 acc: 85.0000
[33,    16] loss: 0.7685 acc: 84.3750
[33,    17] loss: 0.8643 acc: 83.8235
[33,    18] loss: 0.7114 acc: 83.3333
[33,    19] loss: 0.3187 acc: 84.2105
[33,    20] loss: 0.1263 acc: 85.0000
[33,    21] loss: 0.1009 acc: 85.7143
[33,    22] loss: 0.1293 acc: 86.3636
[33,    23] loss: 0.6509 acc: 85.8696
[33,    24] loss: 0.0560 acc: 86.4583
[33,    25] loss: 0.1260 acc: 87.0000
[33,    26] loss: 1.3517 acc: 85.5769
[33,    27] loss: 0.6479 acc: 85.1852
[33,    28] loss: 0.3981 acc: 84.8214
[33,    29] loss: 1.5284 acc: 82.7586
[33,    30] loss: 0.1158 acc: 83.3333
[33,    31] loss: 0.0960 acc: 83.8710
[33,    32] loss: 0.0920 acc: 84.3750
[34,     1] loss: 0.2668 acc: 100.0000
[34,     2] loss: 0.1235 acc: 100.0000
[34,     3] loss: 0.0988 acc: 100.0000
[34,     4] loss: 0.5101 acc: 93.7500
[34,     5] loss: 0.6989 acc: 90.0000
[34,     6] loss: 0.3646 acc: 91.6667
[34,     7] loss: 0.1707 acc: 92.8571
[34,     8] loss: 0.7782 acc: 90.6250
[34,     9] loss: 0.7671 acc: 88.8889
[34,    10] loss: 0.5691 acc: 90.0000
[34,    11] loss: 0.9956 acc: 88.6364
[34,    12] loss: 1.3420 acc: 85.4167
[34,    13] loss: 0.2555 acc: 86.5385
[34,    14] loss: 0.3617 acc: 85.7143
[34,    15] loss: 0.4217 acc: 85.0000
[34,    16] loss: 0.6394 acc: 82.8125
[34,    17] loss: 0.7801 acc: 82.3529
[34,    18] loss: 0.0928 acc: 83.3333
[34,    19] loss: 0.6093 acc: 82.8947
[34,    20] loss: 0.4023 acc: 82.5000
[34,    21] loss: 0.1890 acc: 83.3333
[34,    22] loss: 0.6920 acc: 81.8182
[34,    23] loss: 0.1000 acc: 82.6087
[34,    24] loss: 0.1000 acc: 83.3333
[34,    25] loss: 0.9290 acc: 83.0000
[34,    26] loss: 0.3280 acc: 82.6923
[34,    27] loss: 0.8286 acc: 82.4074
[34,    28] loss: 0.2290 acc: 83.0357
[34,    29] loss: 0.7232 acc: 82.7586
[34,    30] loss: 0.1602 acc: 83.3333
[34,    31] loss: 0.1673 acc: 83.8710
[34,    32] loss: 0.1738 acc: 84.3750
[35,     1] loss: 0.5626 acc: 75.0000
[35,     2] loss: 1.1283 acc: 62.5000
[35,     3] loss: 1.1408 acc: 58.3333
[35,     4] loss: 0.1532 acc: 68.7500
[35,     5] loss: 0.0966 acc: 75.0000
[35,     6] loss: 0.6642 acc: 75.0000
[35,     7] loss: 0.4307 acc: 75.0000
[35,     8] loss: 1.3021 acc: 75.0000
[35,     9] loss: 0.1276 acc: 77.7778
[35,    10] loss: 1.4613 acc: 75.0000
[35,    11] loss: 0.5366 acc: 75.0000
[35,    12] loss: 0.8184 acc: 75.0000
[35,    13] loss: 0.4662 acc: 75.0000
[35,    14] loss: 0.8697 acc: 75.0000
[35,    15] loss: 0.4787 acc: 75.0000
[35,    16] loss: 0.3252 acc: 76.5625
[35,    17] loss: 1.2537 acc: 76.4706
[35,    18] loss: 0.2508 acc: 77.7778
[35,    19] loss: 1.0107 acc: 77.6316
[35,    20] loss: 0.1143 acc: 78.7500
[35,    21] loss: 0.5768 acc: 79.7619
[35,    22] loss: 0.3153 acc: 80.6818
[35,    23] loss: 1.2037 acc: 80.4348
[35,    24] loss: 0.9758 acc: 79.1667
[35,    25] loss: 0.3493 acc: 80.0000
[35,    26] loss: 0.3725 acc: 79.8077
[35,    27] loss: 0.5266 acc: 79.6296
[35,    28] loss: 0.6709 acc: 79.4643
[35,    29] loss: 0.1199 acc: 80.1724
[35,    30] loss: 0.2394 acc: 80.8333
[35,    31] loss: 0.7457 acc: 80.6452
[35,    32] loss: 0.9222 acc: 80.4688
[36,     1] loss: 1.3244 acc: 25.0000
[36,     2] loss: 0.2277 acc: 62.5000
[36,     3] loss: 0.1543 acc: 75.0000
[36,     4] loss: 0.0832 acc: 81.2500
[36,     5] loss: 0.2622 acc: 85.0000
[36,     6] loss: 1.0989 acc: 83.3333
[36,     7] loss: 0.3575 acc: 85.7143
[36,     8] loss: 0.1059 acc: 87.5000
[36,     9] loss: 0.9928 acc: 86.1111
[36,    10] loss: 0.1337 acc: 87.5000
[36,    11] loss: 0.3194 acc: 88.6364
[36,    12] loss: 0.4808 acc: 87.5000
[36,    13] loss: 0.4823 acc: 88.4615
[36,    14] loss: 0.7647 acc: 87.5000
[36,    15] loss: 0.2663 acc: 88.3333
[36,    16] loss: 0.3427 acc: 89.0625
[36,    17] loss: 1.1570 acc: 88.2353
[36,    18] loss: 0.3814 acc: 87.5000
[36,    19] loss: 0.4590 acc: 86.8421
[36,    20] loss: 0.1112 acc: 87.5000
[36,    21] loss: 0.1109 acc: 88.0952
[36,    22] loss: 0.1642 acc: 88.6364
[36,    23] loss: 0.8435 acc: 88.0435
[36,    24] loss: 0.2352 acc: 88.5417
[36,    25] loss: 0.1630 acc: 89.0000
[36,    26] loss: 0.4671 acc: 88.4615
[36,    27] loss: 0.0891 acc: 88.8889
[36,    28] loss: 0.5293 acc: 88.3929
[36,    29] loss: 0.1392 acc: 88.7931
[36,    30] loss: 0.6016 acc: 88.3333
[36,    31] loss: 1.2536 acc: 87.0968
[36,    32] loss: 0.6166 acc: 86.7188
[37,     1] loss: 0.1126 acc: 100.0000
[37,     2] loss: 0.1887 acc: 100.0000
[37,     3] loss: 0.3234 acc: 91.6667
[37,     4] loss: 0.3519 acc: 93.7500
[37,     5] loss: 0.6013 acc: 95.0000
[37,     6] loss: 1.0773 acc: 91.6667
[37,     7] loss: 0.6651 acc: 89.2857
[37,     8] loss: 1.9330 acc: 84.3750
[37,     9] loss: 0.1005 acc: 86.1111
[37,    10] loss: 0.0674 acc: 87.5000
[37,    11] loss: 0.5770 acc: 86.3636
[37,    12] loss: 0.0880 acc: 87.5000
[37,    13] loss: 0.4625 acc: 86.5385
[37,    14] loss: 0.4194 acc: 85.7143
[37,    15] loss: 0.1227 acc: 86.6667
[37,    16] loss: 2.7350 acc: 82.8125
[37,    17] loss: 1.0560 acc: 80.8824
[37,    18] loss: 0.9233 acc: 80.5556
[37,    19] loss: 0.6886 acc: 80.2632
[37,    20] loss: 0.4273 acc: 81.2500
[37,    21] loss: 1.4720 acc: 79.7619
[37,    22] loss: 0.8544 acc: 79.5455
[37,    23] loss: 0.2938 acc: 80.4348
[37,    24] loss: 0.1417 acc: 81.2500
[37,    25] loss: 0.0286 acc: 82.0000
[37,    26] loss: 0.2556 acc: 81.7308
[37,    27] loss: 1.0749 acc: 81.4815
[37,    28] loss: 0.2886 acc: 82.1429
[37,    29] loss: 0.5492 acc: 81.8966
[37,    30] loss: 0.0584 acc: 82.5000
[37,    31] loss: 0.1190 acc: 83.0645
[37,    32] loss: 0.4032 acc: 83.5938
[38,     1] loss: 0.1445 acc: 100.0000
[38,     2] loss: 0.0734 acc: 100.0000
[38,     3] loss: 1.5416 acc: 83.3333
[38,     4] loss: 1.1117 acc: 81.2500
[38,     5] loss: 0.9012 acc: 75.0000
[38,     6] loss: 0.8831 acc: 70.8333
[38,     7] loss: 1.3158 acc: 71.4286
[38,     8] loss: 0.8328 acc: 71.8750
[38,     9] loss: 0.6407 acc: 72.2222
[38,    10] loss: 0.5326 acc: 72.5000
[38,    11] loss: 1.1365 acc: 72.7273
[38,    12] loss: 1.4904 acc: 70.8333
[38,    13] loss: 0.3317 acc: 73.0769
[38,    14] loss: 0.4551 acc: 73.2143
[38,    15] loss: 0.5613 acc: 73.3333
[38,    16] loss: 0.2637 acc: 75.0000
[38,    17] loss: 0.7367 acc: 75.0000
[38,    18] loss: 0.0498 acc: 76.3889
[38,    19] loss: 0.1413 acc: 77.6316
[38,    20] loss: 0.2637 acc: 78.7500
[38,    21] loss: 1.3534 acc: 77.3810
[38,    22] loss: 0.8214 acc: 77.2727
[38,    23] loss: 0.1291 acc: 78.2609
[38,    24] loss: 1.4944 acc: 78.1250
[38,    25] loss: 0.2201 acc: 79.0000
[38,    26] loss: 0.2395 acc: 79.8077
[38,    27] loss: 0.1567 acc: 80.5556
[38,    28] loss: 0.3527 acc: 81.2500
[38,    29] loss: 0.1441 acc: 81.8966
[38,    30] loss: 0.8682 acc: 81.6667
[38,    31] loss: 0.1485 acc: 82.2581
[38,    32] loss: 0.1833 acc: 82.8125
[39,     1] loss: 0.0811 acc: 100.0000
[39,     2] loss: 0.6738 acc: 87.5000
[39,     3] loss: 1.2282 acc: 83.3333
[39,     4] loss: 0.1891 acc: 87.5000
[39,     5] loss: 1.1429 acc: 85.0000
[39,     6] loss: 0.6688 acc: 83.3333
[39,     7] loss: 1.1844 acc: 82.1429
[39,     8] loss: 0.4717 acc: 84.3750
[39,     9] loss: 0.0769 acc: 86.1111
[39,    10] loss: 0.1206 acc: 87.5000
[39,    11] loss: 0.1959 acc: 88.6364
[39,    12] loss: 0.6940 acc: 87.5000
[39,    13] loss: 1.2859 acc: 84.6154
[39,    14] loss: 0.5110 acc: 83.9286
[39,    15] loss: 0.2464 acc: 85.0000
[39,    16] loss: 0.7893 acc: 84.3750
[39,    17] loss: 0.0811 acc: 85.2941
[39,    18] loss: 0.0888 acc: 86.1111
[39,    19] loss: 0.0419 acc: 86.8421
[39,    20] loss: 0.1626 acc: 87.5000
[39,    21] loss: 0.3745 acc: 88.0952
[39,    22] loss: 0.1635 acc: 88.6364
[39,    23] loss: 0.1568 acc: 89.1304
[39,    24] loss: 0.1935 acc: 89.5833
[39,    25] loss: 0.3065 acc: 90.0000
[39,    26] loss: 1.2136 acc: 89.4231
[39,    27] loss: 0.2134 acc: 89.8148
[39,    28] loss: 0.7583 acc: 89.2857
[39,    29] loss: 0.1443 acc: 89.6552
[39,    30] loss: 1.1293 acc: 89.1667
[39,    31] loss: 0.4075 acc: 88.7097
[39,    32] loss: 0.0595 acc: 89.0625
[40,     1] loss: 0.3012 acc: 100.0000
[40,     2] loss: 0.1068 acc: 100.0000
[40,     3] loss: 0.3458 acc: 100.0000
[40,     4] loss: 0.5123 acc: 93.7500
[40,     5] loss: 1.2398 acc: 90.0000
[40,     6] loss: 0.3245 acc: 91.6667
[40,     7] loss: 0.8910 acc: 89.2857
[40,     8] loss: 0.7400 acc: 87.5000
[40,     9] loss: 0.2687 acc: 86.1111
[40,    10] loss: 0.4822 acc: 85.0000
[40,    11] loss: 1.6287 acc: 79.5455
[40,    12] loss: 0.0695 acc: 81.2500
[40,    13] loss: 1.0883 acc: 80.7692
[40,    14] loss: 0.0773 acc: 82.1429
[40,    15] loss: 1.5644 acc: 81.6667
[40,    16] loss: 1.5843 acc: 79.6875
[40,    17] loss: 0.0649 acc: 80.8824
[40,    18] loss: 0.3146 acc: 80.5556
[40,    19] loss: 0.1987 acc: 81.5789
[40,    20] loss: 0.3865 acc: 81.2500
[40,    21] loss: 0.0922 acc: 82.1429
[40,    22] loss: 0.1333 acc: 82.9545
[40,    23] loss: 0.3537 acc: 83.6957
[40,    24] loss: 0.0759 acc: 84.3750
[40,    25] loss: 0.7074 acc: 84.0000
[40,    26] loss: 0.1032 acc: 84.6154
[40,    27] loss: 0.2065 acc: 85.1852
[40,    28] loss: 2.0255 acc: 83.0357
[40,    29] loss: 0.5527 acc: 82.7586
[40,    30] loss: 0.9329 acc: 82.5000
[40,    31] loss: 0.0725 acc: 83.0645
[40,    32] loss: 0.6898 acc: 82.8125
[41,     1] loss: 0.3522 acc: 75.0000
[41,     2] loss: 0.0506 acc: 87.5000
[41,     3] loss: 0.3736 acc: 91.6667
[41,     4] loss: 0.2601 acc: 93.7500
[41,     5] loss: 1.1449 acc: 90.0000
[41,     6] loss: 2.2375 acc: 79.1667
[41,     7] loss: 0.1290 acc: 82.1429
[41,     8] loss: 0.5993 acc: 81.2500
[41,     9] loss: 0.1499 acc: 83.3333
[41,    10] loss: 0.4417 acc: 82.5000
[41,    11] loss: 1.4464 acc: 81.8182
[41,    12] loss: 0.4254 acc: 81.2500
[41,    13] loss: 0.0450 acc: 82.6923
[41,    14] loss: 0.0474 acc: 83.9286
[41,    15] loss: 0.1129 acc: 85.0000
[41,    16] loss: 0.7810 acc: 84.3750
[41,    17] loss: 1.2541 acc: 83.8235
[41,    18] loss: 0.6736 acc: 83.3333
[41,    19] loss: 0.2453 acc: 84.2105
[41,    20] loss: 0.7072 acc: 82.5000
[41,    21] loss: 0.7079 acc: 82.1429
[41,    22] loss: 0.1130 acc: 82.9545
[41,    23] loss: 0.4526 acc: 83.6957
[41,    24] loss: 0.0231 acc: 84.3750
[41,    25] loss: 0.2752 acc: 85.0000
[41,    26] loss: 0.0930 acc: 85.5769
[41,    27] loss: 1.7871 acc: 84.2593
[41,    28] loss: 0.0820 acc: 84.8214
[41,    29] loss: 0.5160 acc: 84.4828
[41,    30] loss: 0.2421 acc: 85.0000
[41,    31] loss: 0.3555 acc: 85.4839
[41,    32] loss: 0.8294 acc: 84.3750
[42,     1] loss: 0.7025 acc: 75.0000
[42,     2] loss: 0.3032 acc: 87.5000
[42,     3] loss: 0.0530 acc: 91.6667
[42,     4] loss: 0.3376 acc: 87.5000
[42,     5] loss: 0.1800 acc: 90.0000
[42,     6] loss: 0.4259 acc: 91.6667
[42,     7] loss: 0.3053 acc: 92.8571
[42,     8] loss: 1.5597 acc: 87.5000
[42,     9] loss: 0.1127 acc: 88.8889
[42,    10] loss: 1.8196 acc: 87.5000
[42,    11] loss: 0.1106 acc: 88.6364
[42,    12] loss: 0.9130 acc: 87.5000
[42,    13] loss: 0.0435 acc: 88.4615
[42,    14] loss: 0.0481 acc: 89.2857
[42,    15] loss: 0.2883 acc: 90.0000
[42,    16] loss: 0.3765 acc: 90.6250
[42,    17] loss: 0.1911 acc: 91.1765
[42,    18] loss: 0.0878 acc: 91.6667
[42,    19] loss: 0.1759 acc: 92.1053
[42,    20] loss: 0.1297 acc: 92.5000
[42,    21] loss: 0.0535 acc: 92.8571
[42,    22] loss: 0.6139 acc: 92.0455
[42,    23] loss: 0.3417 acc: 92.3913
[42,    24] loss: 0.0415 acc: 92.7083
[42,    25] loss: 0.1480 acc: 93.0000
[42,    26] loss: 0.2890 acc: 93.2692
[42,    27] loss: 0.1449 acc: 93.5185
[42,    28] loss: 0.1800 acc: 93.7500
[42,    29] loss: 0.1733 acc: 93.9655
[42,    30] loss: 0.1488 acc: 94.1667
[42,    31] loss: 0.2212 acc: 94.3548
[42,    32] loss: 1.4362 acc: 93.7500
[43,     1] loss: 0.5910 acc: 75.0000
[43,     2] loss: 0.2213 acc: 87.5000
[43,     3] loss: 0.0920 acc: 91.6667
[43,     4] loss: 0.1063 acc: 93.7500
[43,     5] loss: 0.5828 acc: 90.0000
[43,     6] loss: 0.1028 acc: 91.6667
[43,     7] loss: 0.2880 acc: 92.8571
[43,     8] loss: 0.0961 acc: 93.7500
[43,     9] loss: 0.3065 acc: 91.6667
[43,    10] loss: 0.5820 acc: 87.5000
[43,    11] loss: 0.8938 acc: 86.3636
[43,    12] loss: 0.0963 acc: 87.5000
[43,    13] loss: 0.9673 acc: 86.5385
[43,    14] loss: 0.2003 acc: 87.5000
[43,    15] loss: 0.6351 acc: 86.6667
[43,    16] loss: 0.0901 acc: 87.5000
[43,    17] loss: 0.3225 acc: 88.2353
[43,    18] loss: 0.3732 acc: 88.8889
[43,    19] loss: 1.8202 acc: 85.5263
[43,    20] loss: 0.1624 acc: 86.2500
[43,    21] loss: 0.0932 acc: 86.9048
[43,    22] loss: 0.3161 acc: 87.5000
[43,    23] loss: 0.2876 acc: 88.0435
[43,    24] loss: 0.1334 acc: 88.5417
[43,    25] loss: 0.8151 acc: 87.0000
[43,    26] loss: 0.3738 acc: 87.5000
[43,    27] loss: 0.2407 acc: 87.9630
[43,    28] loss: 0.3407 acc: 88.3929
[43,    29] loss: 0.1026 acc: 88.7931
[43,    30] loss: 0.1257 acc: 89.1667
[43,    31] loss: 0.1379 acc: 89.5161
[43,    32] loss: 3.8969 acc: 86.7188
[44,     1] loss: 0.1245 acc: 100.0000
[44,     2] loss: 0.0518 acc: 100.0000
[44,     3] loss: 0.2595 acc: 100.0000
[44,     4] loss: 0.0830 acc: 100.0000
[44,     5] loss: 0.1814 acc: 100.0000
[44,     6] loss: 0.1779 acc: 100.0000
[44,     7] loss: 0.5155 acc: 96.4286
[44,     8] loss: 0.6904 acc: 90.6250
[44,     9] loss: 0.4727 acc: 91.6667
[44,    10] loss: 0.0384 acc: 92.5000
[44,    11] loss: 0.5661 acc: 90.9091
[44,    12] loss: 0.0320 acc: 91.6667
[44,    13] loss: 1.2036 acc: 88.4615
[44,    14] loss: 0.1791 acc: 89.2857
[44,    15] loss: 0.1213 acc: 90.0000
[44,    16] loss: 0.1507 acc: 90.6250
[44,    17] loss: 0.0446 acc: 91.1765
[44,    18] loss: 0.0510 acc: 91.6667
[44,    19] loss: 0.4474 acc: 90.7895
[44,    20] loss: 0.3415 acc: 90.0000
[44,    21] loss: 0.1411 acc: 90.4762
[44,    22] loss: 0.1094 acc: 90.9091
[44,    23] loss: 1.0887 acc: 89.1304
[44,    24] loss: 0.1788 acc: 89.5833
[44,    25] loss: 0.1950 acc: 90.0000
[44,    26] loss: 1.8093 acc: 87.5000
[44,    27] loss: 0.1400 acc: 87.9630
[44,    28] loss: 0.1360 acc: 88.3929
[44,    29] loss: 0.2282 acc: 88.7931
[44,    30] loss: 0.4474 acc: 88.3333
[44,    31] loss: 0.4367 acc: 87.9032
[44,    32] loss: 0.2884 acc: 88.2812
[45,     1] loss: 0.0498 acc: 100.0000
[45,     2] loss: 0.0823 acc: 100.0000
[45,     3] loss: 0.0509 acc: 100.0000
[45,     4] loss: 0.8745 acc: 93.7500
[45,     5] loss: 0.1028 acc: 95.0000
[45,     6] loss: 0.3927 acc: 91.6667
[45,     7] loss: 0.2907 acc: 89.2857
[45,     8] loss: 0.1439 acc: 90.6250
[45,     9] loss: 0.9069 acc: 88.8889
[45,    10] loss: 1.1051 acc: 87.5000
[45,    11] loss: 0.5398 acc: 88.6364
[45,    12] loss: 1.0987 acc: 85.4167
[45,    13] loss: 0.4069 acc: 84.6154
[45,    14] loss: 0.1859 acc: 85.7143
[45,    15] loss: 0.1701 acc: 86.6667
[45,    16] loss: 0.0669 acc: 87.5000
[45,    17] loss: 0.7992 acc: 86.7647
[45,    18] loss: 0.6935 acc: 87.5000
[45,    19] loss: 0.0901 acc: 88.1579
[45,    20] loss: 1.1152 acc: 87.5000
[45,    21] loss: 0.4887 acc: 86.9048
[45,    22] loss: 0.2126 acc: 87.5000
[45,    23] loss: 0.2955 acc: 88.0435
[45,    24] loss: 0.3112 acc: 87.5000
[45,    25] loss: 0.8759 acc: 87.0000
[45,    26] loss: 0.2746 acc: 87.5000
[45,    27] loss: 0.5833 acc: 87.0370
[45,    28] loss: 0.1429 acc: 87.5000
[45,    29] loss: 0.0336 acc: 87.9310
[45,    30] loss: 0.5623 acc: 87.5000
[45,    31] loss: 0.6368 acc: 87.0968
[45,    32] loss: 0.1931 acc: 87.5000
[46,     1] loss: 0.9082 acc: 75.0000
[46,     2] loss: 0.0591 acc: 87.5000
[46,     3] loss: 0.2253 acc: 91.6667
[46,     4] loss: 0.0711 acc: 93.7500
[46,     5] loss: 0.9556 acc: 85.0000
[46,     6] loss: 0.5683 acc: 83.3333
[46,     7] loss: 0.2148 acc: 85.7143
[46,     8] loss: 0.1426 acc: 87.5000
[46,     9] loss: 0.5794 acc: 86.1111
[46,    10] loss: 0.5921 acc: 85.0000
[46,    11] loss: 0.0727 acc: 86.3636
[46,    12] loss: 0.8609 acc: 85.4167
[46,    13] loss: 0.4662 acc: 86.5385
[46,    14] loss: 0.0793 acc: 87.5000
[46,    15] loss: 0.1945 acc: 88.3333
[46,    16] loss: 0.3635 acc: 89.0625
[46,    17] loss: 0.1835 acc: 89.7059
[46,    18] loss: 0.5431 acc: 88.8889
[46,    19] loss: 0.3633 acc: 88.1579
[46,    20] loss: 0.2759 acc: 87.5000
[46,    21] loss: 0.0994 acc: 88.0952
[46,    22] loss: 0.4224 acc: 87.5000
[46,    23] loss: 0.0914 acc: 88.0435
[46,    24] loss: 0.0261 acc: 88.5417
[46,    25] loss: 1.3102 acc: 88.0000
[46,    26] loss: 0.9900 acc: 87.5000
[46,    27] loss: 0.4437 acc: 87.9630
[46,    28] loss: 0.4576 acc: 87.5000
[46,    29] loss: 0.2955 acc: 87.9310
[46,    30] loss: 0.6700 acc: 86.6667
[46,    31] loss: 0.1319 acc: 87.0968
[46,    32] loss: 0.5051 acc: 86.7188
[47,     1] loss: 0.1515 acc: 100.0000
[47,     2] loss: 0.0774 acc: 100.0000
[47,     3] loss: 0.4459 acc: 91.6667
[47,     4] loss: 0.0976 acc: 93.7500
[47,     5] loss: 0.0933 acc: 95.0000
[47,     6] loss: 0.2596 acc: 95.8333
[47,     7] loss: 0.0376 acc: 96.4286
[47,     8] loss: 0.6496 acc: 93.7500
[47,     9] loss: 0.5313 acc: 91.6667
[47,    10] loss: 0.2193 acc: 92.5000
[47,    11] loss: 0.3551 acc: 93.1818
[47,    12] loss: 0.5479 acc: 91.6667
[47,    13] loss: 1.1960 acc: 90.3846
[47,    14] loss: 0.2660 acc: 89.2857
[47,    15] loss: 0.2025 acc: 90.0000
[47,    16] loss: 0.8724 acc: 89.0625
[47,    17] loss: 0.0689 acc: 89.7059
[47,    18] loss: 0.5891 acc: 88.8889
[47,    19] loss: 1.4247 acc: 88.1579
[47,    20] loss: 0.6980 acc: 87.5000
[47,    21] loss: 1.3184 acc: 86.9048
[47,    22] loss: 0.0218 acc: 87.5000
[47,    23] loss: 0.1686 acc: 88.0435
[47,    24] loss: 0.2922 acc: 87.5000
[47,    25] loss: 0.1803 acc: 88.0000
[47,    26] loss: 0.2744 acc: 88.4615
[47,    27] loss: 1.2191 acc: 87.0370
[47,    28] loss: 0.0485 acc: 87.5000
[47,    29] loss: 0.0276 acc: 87.9310
[47,    30] loss: 0.2450 acc: 88.3333
[47,    31] loss: 0.3226 acc: 87.9032
[47,    32] loss: 0.1643 acc: 88.2812
[48,     1] loss: 0.0374 acc: 100.0000
[48,     2] loss: 0.0846 acc: 100.0000
[48,     3] loss: 0.0276 acc: 100.0000
[48,     4] loss: 0.0432 acc: 100.0000
[48,     5] loss: 1.6040 acc: 85.0000
[48,     6] loss: 0.6366 acc: 83.3333
[48,     7] loss: 0.0765 acc: 85.7143
[48,     8] loss: 0.6723 acc: 84.3750
[48,     9] loss: 1.1718 acc: 83.3333
[48,    10] loss: 0.2595 acc: 85.0000
[48,    11] loss: 1.1226 acc: 84.0909
[48,    12] loss: 0.2413 acc: 85.4167
[48,    13] loss: 0.3413 acc: 84.6154
[48,    14] loss: 0.5056 acc: 83.9286
[48,    15] loss: 0.1675 acc: 85.0000
[48,    16] loss: 0.8233 acc: 84.3750
[48,    17] loss: 0.0585 acc: 85.2941
[48,    18] loss: 0.1395 acc: 86.1111
[48,    19] loss: 0.0500 acc: 86.8421
[48,    20] loss: 0.7383 acc: 86.2500
[48,    21] loss: 0.2958 acc: 86.9048
[48,    22] loss: 0.0149 acc: 87.5000
[48,    23] loss: 0.0829 acc: 88.0435
[48,    24] loss: 0.0501 acc: 88.5417
[48,    25] loss: 0.0776 acc: 89.0000
[48,    26] loss: 0.0459 acc: 89.4231
[48,    27] loss: 2.0288 acc: 87.9630
[48,    28] loss: 1.4446 acc: 86.6071
[48,    29] loss: 0.0626 acc: 87.0690
[48,    30] loss: 0.2822 acc: 87.5000
[48,    31] loss: 0.9963 acc: 87.0968
[48,    32] loss: 0.2475 acc: 87.5000
[49,     1] loss: 0.0934 acc: 100.0000
[49,     2] loss: 1.0039 acc: 87.5000
[49,     3] loss: 0.0872 acc: 91.6667
[49,     4] loss: 0.4005 acc: 87.5000
[49,     5] loss: 0.0495 acc: 90.0000
[49,     6] loss: 0.0454 acc: 91.6667
[49,     7] loss: 0.0824 acc: 92.8571
[49,     8] loss: 0.0619 acc: 93.7500
[49,     9] loss: 0.3793 acc: 94.4444
[49,    10] loss: 0.0381 acc: 95.0000
[49,    11] loss: 0.2929 acc: 95.4545
[49,    12] loss: 0.2501 acc: 95.8333
[49,    13] loss: 1.0000 acc: 92.3077
[49,    14] loss: 0.0843 acc: 92.8571
[49,    15] loss: 0.1876 acc: 93.3333
[49,    16] loss: 0.8815 acc: 92.1875
[49,    17] loss: 0.4672 acc: 91.1765
[49,    18] loss: 0.2855 acc: 91.6667
[49,    19] loss: 0.5109 acc: 90.7895
[49,    20] loss: 1.0951 acc: 90.0000
[49,    21] loss: 0.7383 acc: 89.2857
[49,    22] loss: 1.3641 acc: 88.6364
[49,    23] loss: 0.0796 acc: 89.1304
[49,    24] loss: 0.0617 acc: 89.5833
[49,    25] loss: 0.2729 acc: 90.0000
[49,    26] loss: 0.0345 acc: 90.3846
[49,    27] loss: 0.0615 acc: 90.7407
[49,    28] loss: 0.1697 acc: 91.0714
[49,    29] loss: 0.3984 acc: 90.5172
[49,    30] loss: 1.7790 acc: 89.1667
[49,    31] loss: 1.2627 acc: 88.7097
[49,    32] loss: 0.8876 acc: 88.2812
[50,     1] loss: 0.8553 acc: 75.0000
[50,     2] loss: 0.9458 acc: 75.0000
[50,     3] loss: 0.0805 acc: 83.3333
[50,     4] loss: 0.9837 acc: 81.2500
[50,     5] loss: 0.8406 acc: 80.0000
[50,     6] loss: 1.0648 acc: 79.1667
[50,     7] loss: 0.2004 acc: 82.1429
[50,     8] loss: 0.8334 acc: 78.1250
[50,     9] loss: 1.4975 acc: 77.7778
[50,    10] loss: 0.2117 acc: 80.0000
[50,    11] loss: 0.4890 acc: 79.5455
[50,    12] loss: 0.0650 acc: 81.2500
[50,    13] loss: 0.2071 acc: 82.6923
[50,    14] loss: 0.2009 acc: 83.9286
[50,    15] loss: 0.0660 acc: 85.0000
[50,    16] loss: 0.5632 acc: 84.3750
[50,    17] loss: 0.1764 acc: 85.2941
[50,    18] loss: 0.6143 acc: 83.3333
[50,    19] loss: 0.1844 acc: 84.2105
[50,    20] loss: 0.6533 acc: 83.7500
[50,    21] loss: 0.0222 acc: 84.5238
[50,    22] loss: 1.1582 acc: 84.0909
[50,    23] loss: 0.4835 acc: 83.6957
[50,    24] loss: 0.3669 acc: 84.3750
[50,    25] loss: 1.5152 acc: 83.0000
[50,    26] loss: 0.3288 acc: 83.6538
[50,    27] loss: 0.8414 acc: 83.3333
[50,    28] loss: 0.0379 acc: 83.9286
[50,    29] loss: 0.2007 acc: 84.4828
[50,    30] loss: 0.1171 acc: 85.0000
[50,    31] loss: 0.0713 acc: 85.4839
[50,    32] loss: 0.8985 acc: 85.1562
[51,     1] loss: 0.0667 acc: 100.0000
[51,     2] loss: 1.4533 acc: 87.5000
[51,     3] loss: 0.4074 acc: 91.6667
[51,     4] loss: 0.1928 acc: 93.7500
[51,     5] loss: 0.2809 acc: 95.0000
[51,     6] loss: 0.3023 acc: 95.8333
[51,     7] loss: 0.4457 acc: 92.8571
[51,     8] loss: 1.0816 acc: 90.6250
[51,     9] loss: 2.0595 acc: 86.1111
[51,    10] loss: 0.2690 acc: 87.5000
[51,    11] loss: 0.0859 acc: 88.6364
[51,    12] loss: 0.6267 acc: 87.5000
[51,    13] loss: 0.7916 acc: 86.5385
[51,    14] loss: 0.0790 acc: 87.5000
[51,    15] loss: 0.2219 acc: 88.3333
[51,    16] loss: 0.5995 acc: 87.5000
[51,    17] loss: 0.0817 acc: 88.2353
[51,    18] loss: 0.9938 acc: 87.5000
[51,    19] loss: 0.9150 acc: 86.8421
[51,    20] loss: 0.0820 acc: 87.5000
[51,    21] loss: 0.0465 acc: 88.0952
[51,    22] loss: 0.1480 acc: 88.6364
[51,    23] loss: 0.0270 acc: 89.1304
[51,    24] loss: 0.0626 acc: 89.5833
[51,    25] loss: 0.1709 acc: 90.0000
[51,    26] loss: 0.5671 acc: 89.4231
[51,    27] loss: 0.4588 acc: 88.8889
[51,    28] loss: 0.7960 acc: 88.3929
[51,    29] loss: 0.1723 acc: 88.7931
[51,    30] loss: 1.0093 acc: 88.3333
[51,    31] loss: 0.0545 acc: 88.7097
[51,    32] loss: 1.0225 acc: 88.2812
[52,     1] loss: 0.0956 acc: 100.0000
[52,     2] loss: 0.4434 acc: 100.0000
[52,     3] loss: 0.0537 acc: 100.0000
[52,     4] loss: 0.4568 acc: 93.7500
[52,     5] loss: 0.3342 acc: 90.0000
[52,     6] loss: 0.2442 acc: 91.6667
[52,     7] loss: 0.0386 acc: 92.8571
[52,     8] loss: 0.9665 acc: 90.6250
[52,     9] loss: 0.4015 acc: 88.8889
[52,    10] loss: 0.2192 acc: 90.0000
[52,    11] loss: 1.9097 acc: 84.0909
[52,    12] loss: 0.4490 acc: 83.3333
[52,    13] loss: 0.3465 acc: 84.6154
[52,    14] loss: 0.1180 acc: 85.7143
[52,    15] loss: 0.2297 acc: 86.6667
[52,    16] loss: 0.2049 acc: 87.5000
[52,    17] loss: 0.3405 acc: 88.2353
[52,    18] loss: 0.0749 acc: 88.8889
[52,    19] loss: 0.0216 acc: 89.4737
[52,    20] loss: 0.0401 acc: 90.0000
[52,    21] loss: 0.0488 acc: 90.4762
[52,    22] loss: 0.0808 acc: 90.9091
[52,    23] loss: 0.1072 acc: 91.3043
[52,    24] loss: 0.0768 acc: 91.6667
[52,    25] loss: 0.1275 acc: 92.0000
[52,    26] loss: 0.0758 acc: 92.3077
[52,    27] loss: 0.3781 acc: 91.6667
[52,    28] loss: 0.0522 acc: 91.9643
[52,    29] loss: 0.1636 acc: 92.2414
[52,    30] loss: 0.0356 acc: 92.5000
[52,    31] loss: 0.3293 acc: 92.7419
[52,    32] loss: 0.2617 acc: 92.9688
[53,     1] loss: 0.1602 acc: 100.0000
[53,     2] loss: 0.1931 acc: 100.0000
[53,     3] loss: 0.6437 acc: 91.6667
[53,     4] loss: 0.1954 acc: 93.7500
[53,     5] loss: 0.0471 acc: 95.0000
[53,     6] loss: 3.7855 acc: 83.3333
[53,     7] loss: 0.1024 acc: 85.7143
[53,     8] loss: 0.2777 acc: 84.3750
[53,     9] loss: 0.0707 acc: 86.1111
[53,    10] loss: 1.6865 acc: 82.5000
[53,    11] loss: 1.1967 acc: 79.5455
[53,    12] loss: 0.0602 acc: 81.2500
[53,    13] loss: 0.7975 acc: 80.7692
[53,    14] loss: 0.3017 acc: 82.1429
[53,    15] loss: 0.1508 acc: 83.3333
[53,    16] loss: 0.0896 acc: 84.3750
[53,    17] loss: 0.8908 acc: 83.8235
[53,    18] loss: 0.4810 acc: 83.3333
[53,    19] loss: 0.2289 acc: 84.2105
[53,    20] loss: 0.0440 acc: 85.0000
[53,    21] loss: 0.2419 acc: 85.7143
[53,    22] loss: 0.0488 acc: 86.3636
[53,    23] loss: 1.3674 acc: 85.8696
[53,    24] loss: 0.4074 acc: 85.4167
[53,    25] loss: 0.2155 acc: 86.0000
[53,    26] loss: 0.4137 acc: 86.5385
[53,    27] loss: 0.2447 acc: 87.0370
[53,    28] loss: 0.0875 acc: 87.5000
[53,    29] loss: 0.1879 acc: 87.9310
[53,    30] loss: 0.0370 acc: 88.3333
[53,    31] loss: 0.2685 acc: 88.7097
[53,    32] loss: 0.4835 acc: 89.0625
[54,     1] loss: 0.4628 acc: 75.0000
[54,     2] loss: 1.8848 acc: 62.5000
[54,     3] loss: 0.1574 acc: 75.0000
[54,     4] loss: 0.7544 acc: 75.0000
[54,     5] loss: 0.3057 acc: 80.0000
[54,     6] loss: 0.4168 acc: 79.1667
[54,     7] loss: 0.1321 acc: 82.1429
[54,     8] loss: 0.1681 acc: 84.3750
[54,     9] loss: 0.5103 acc: 83.3333
[54,    10] loss: 0.0411 acc: 85.0000
[54,    11] loss: 0.1925 acc: 86.3636
[54,    12] loss: 0.3121 acc: 87.5000
[54,    13] loss: 0.3919 acc: 86.5385
[54,    14] loss: 0.2028 acc: 87.5000
[54,    15] loss: 0.0530 acc: 88.3333
[54,    16] loss: 1.3281 acc: 87.5000
[54,    17] loss: 0.9713 acc: 86.7647
[54,    18] loss: 0.4540 acc: 87.5000
[54,    19] loss: 0.1276 acc: 88.1579
[54,    20] loss: 0.1195 acc: 88.7500
[54,    21] loss: 0.7126 acc: 88.0952
[54,    22] loss: 0.5905 acc: 87.5000
[54,    23] loss: 0.4191 acc: 86.9565
[54,    24] loss: 0.3514 acc: 87.5000
[54,    25] loss: 1.9303 acc: 86.0000
[54,    26] loss: 0.1816 acc: 86.5385
[54,    27] loss: 0.1057 acc: 87.0370
[54,    28] loss: 0.2850 acc: 87.5000
[54,    29] loss: 0.4458 acc: 87.0690
[54,    30] loss: 0.0339 acc: 87.5000
[54,    31] loss: 0.9414 acc: 86.2903
[54,    32] loss: 0.0577 acc: 86.7188
[55,     1] loss: 0.6774 acc: 75.0000
[55,     2] loss: 1.0084 acc: 75.0000
[55,     3] loss: 0.5296 acc: 75.0000
[55,     4] loss: 0.0830 acc: 81.2500
[55,     5] loss: 0.0593 acc: 85.0000
[55,     6] loss: 0.0445 acc: 87.5000
[55,     7] loss: 0.0561 acc: 89.2857
[55,     8] loss: 0.8991 acc: 87.5000
[55,     9] loss: 0.3220 acc: 88.8889
[55,    10] loss: 0.2576 acc: 90.0000
[55,    11] loss: 0.2659 acc: 90.9091
[55,    12] loss: 1.0566 acc: 89.5833
[55,    13] loss: 0.0405 acc: 90.3846
[55,    14] loss: 0.1281 acc: 91.0714
[55,    15] loss: 0.0315 acc: 91.6667
[55,    16] loss: 1.4491 acc: 90.6250
[55,    17] loss: 0.0721 acc: 91.1765
[55,    18] loss: 0.1929 acc: 91.6667
[55,    19] loss: 0.0846 acc: 92.1053
[55,    20] loss: 0.2052 acc: 92.5000
[55,    21] loss: 0.3589 acc: 92.8571
[55,    22] loss: 0.5493 acc: 92.0455
[55,    23] loss: 0.0379 acc: 92.3913
[55,    24] loss: 0.0702 acc: 92.7083
[55,    25] loss: 0.0259 acc: 93.0000
[55,    26] loss: 0.0660 acc: 93.2692
[55,    27] loss: 0.5407 acc: 93.5185
[55,    28] loss: 1.7172 acc: 91.9643
[55,    29] loss: 0.3723 acc: 91.3793
[55,    30] loss: 0.0921 acc: 91.6667
[55,    31] loss: 0.2563 acc: 91.9355
[55,    32] loss: 0.2934 acc: 92.1875
[56,     1] loss: 0.0378 acc: 100.0000
[56,     2] loss: 1.7248 acc: 75.0000
[56,     3] loss: 0.6972 acc: 75.0000
[56,     4] loss: 0.2513 acc: 81.2500
[56,     5] loss: 0.0691 acc: 85.0000
[56,     6] loss: 0.0461 acc: 87.5000
[56,     7] loss: 0.1318 acc: 89.2857
[56,     8] loss: 0.0563 acc: 90.6250
[56,     9] loss: 0.1822 acc: 91.6667
[56,    10] loss: 0.5173 acc: 92.5000
[56,    11] loss: 0.0342 acc: 93.1818
[56,    12] loss: 0.2059 acc: 93.7500
[56,    13] loss: 0.8019 acc: 92.3077
[56,    14] loss: 0.0576 acc: 92.8571
[56,    15] loss: 0.5323 acc: 91.6667
[56,    16] loss: 0.2511 acc: 92.1875
[56,    17] loss: 0.0526 acc: 92.6471
[56,    18] loss: 0.1099 acc: 93.0556
[56,    19] loss: 0.2386 acc: 93.4211
[56,    20] loss: 0.1334 acc: 93.7500
[56,    21] loss: 1.6764 acc: 91.6667
[56,    22] loss: 0.4057 acc: 90.9091
[56,    23] loss: 0.4747 acc: 90.2174
[56,    24] loss: 0.2311 acc: 90.6250
[56,    25] loss: 0.0726 acc: 91.0000
[56,    26] loss: 0.4157 acc: 90.3846
[56,    27] loss: 0.0422 acc: 90.7407
[56,    28] loss: 0.0520 acc: 91.0714
[56,    29] loss: 0.0900 acc: 91.3793
[56,    30] loss: 0.0698 acc: 91.6667
[56,    31] loss: 0.0712 acc: 91.9355
[56,    32] loss: 0.3385 acc: 92.1875
[57,     1] loss: 0.0130 acc: 100.0000
[57,     2] loss: 0.3832 acc: 87.5000
[57,     3] loss: 1.0494 acc: 83.3333
[57,     4] loss: 0.1317 acc: 87.5000
[57,     5] loss: 0.0548 acc: 90.0000
[57,     6] loss: 0.0683 acc: 91.6667
[57,     7] loss: 0.2873 acc: 89.2857
[57,     8] loss: 0.0719 acc: 90.6250
[57,     9] loss: 0.4319 acc: 91.6667
[57,    10] loss: 0.2141 acc: 92.5000
[57,    11] loss: 0.2428 acc: 93.1818
[57,    12] loss: 0.0985 acc: 93.7500
[57,    13] loss: 0.1482 acc: 94.2308
[57,    14] loss: 0.5229 acc: 92.8571
[57,    15] loss: 0.2239 acc: 93.3333
[57,    16] loss: 0.0639 acc: 93.7500
[57,    17] loss: 0.1673 acc: 94.1176
[57,    18] loss: 1.0437 acc: 93.0556
[57,    19] loss: 0.1269 acc: 93.4211
[57,    20] loss: 1.0341 acc: 91.2500
[57,    21] loss: 0.1116 acc: 91.6667
[57,    22] loss: 0.2062 acc: 92.0455
[57,    23] loss: 1.6052 acc: 91.3043
[57,    24] loss: 0.2987 acc: 91.6667
[57,    25] loss: 0.3816 acc: 91.0000
[57,    26] loss: 0.0993 acc: 91.3462
[57,    27] loss: 0.0987 acc: 91.6667
[57,    28] loss: 0.6097 acc: 91.0714
[57,    29] loss: 0.2180 acc: 91.3793
[57,    30] loss: 1.5358 acc: 90.8333
[57,    31] loss: 0.1352 acc: 91.1290
[57,    32] loss: 0.1361 acc: 91.4062
[58,     1] loss: 0.0516 acc: 100.0000
[58,     2] loss: 0.5180 acc: 87.5000
[58,     3] loss: 0.1434 acc: 91.6667
[58,     4] loss: 0.3936 acc: 87.5000
[58,     5] loss: 1.3953 acc: 85.0000
[58,     6] loss: 0.1123 acc: 87.5000
[58,     7] loss: 0.0764 acc: 89.2857
[58,     8] loss: 0.1364 acc: 90.6250
[58,     9] loss: 1.8827 acc: 88.8889
[58,    10] loss: 1.4255 acc: 87.5000
[58,    11] loss: 0.2705 acc: 88.6364
[58,    12] loss: 0.2421 acc: 89.5833
[58,    13] loss: 0.0818 acc: 90.3846
[58,    14] loss: 0.1967 acc: 91.0714
[58,    15] loss: 0.9967 acc: 88.3333
[58,    16] loss: 0.0385 acc: 89.0625
[58,    17] loss: 0.1518 acc: 89.7059
[58,    18] loss: 0.2089 acc: 90.2778
[58,    19] loss: 0.5590 acc: 89.4737
[58,    20] loss: 1.5923 acc: 88.7500
[58,    21] loss: 0.1046 acc: 89.2857
[58,    22] loss: 0.1626 acc: 89.7727
[58,    23] loss: 0.2129 acc: 90.2174
[58,    24] loss: 1.4136 acc: 88.5417
[58,    25] loss: 0.3631 acc: 89.0000
[58,    26] loss: 0.0632 acc: 89.4231
[58,    27] loss: 0.2394 acc: 89.8148
[58,    28] loss: 0.3176 acc: 89.2857
[58,    29] loss: 0.0968 acc: 89.6552
[58,    30] loss: 0.1444 acc: 90.0000
[58,    31] loss: 1.0349 acc: 89.5161
[58,    32] loss: 0.3866 acc: 89.8438
[59,     1] loss: 1.0018 acc: 75.0000
[59,     2] loss: 0.0552 acc: 87.5000
[59,     3] loss: 0.3565 acc: 83.3333
[59,     4] loss: 0.0700 acc: 87.5000
[59,     5] loss: 1.3981 acc: 85.0000
[59,     6] loss: 0.2792 acc: 87.5000
[59,     7] loss: 0.1840 acc: 89.2857
[59,     8] loss: 0.0939 acc: 90.6250
[59,     9] loss: 0.1456 acc: 91.6667
[59,    10] loss: 0.1394 acc: 92.5000
[59,    11] loss: 0.0359 acc: 93.1818
[59,    12] loss: 0.5842 acc: 91.6667
[59,    13] loss: 0.2853 acc: 92.3077
[59,    14] loss: 0.4046 acc: 91.0714
[59,    15] loss: 0.6251 acc: 90.0000
[59,    16] loss: 0.0597 acc: 90.6250
[59,    17] loss: 1.7778 acc: 88.2353
[59,    18] loss: 0.0468 acc: 88.8889
[59,    19] loss: 1.7431 acc: 86.8421
[59,    20] loss: 0.3226 acc: 87.5000
[59,    21] loss: 0.0215 acc: 88.0952
[59,    22] loss: 0.1826 acc: 88.6364
[59,    23] loss: 0.7793 acc: 86.9565
[59,    24] loss: 0.0951 acc: 87.5000
[59,    25] loss: 0.6229 acc: 87.0000
[59,    26] loss: 0.4437 acc: 86.5385
[59,    27] loss: 0.9713 acc: 86.1111
[59,    28] loss: 0.2192 acc: 86.6071
[59,    29] loss: 1.3829 acc: 85.3448
[59,    30] loss: 0.1384 acc: 85.8333
[59,    31] loss: 1.3978 acc: 84.6774
[59,    32] loss: 0.0481 acc: 85.1562
[60,     1] loss: 0.7696 acc: 75.0000
[60,     2] loss: 0.1347 acc: 87.5000
[60,     3] loss: 0.0680 acc: 91.6667
[60,     4] loss: 0.1331 acc: 93.7500
[60,     5] loss: 0.4598 acc: 90.0000
[60,     6] loss: 0.3146 acc: 87.5000
[60,     7] loss: 1.3416 acc: 85.7143
[60,     8] loss: 0.5668 acc: 84.3750
[60,     9] loss: 0.0653 acc: 86.1111
[60,    10] loss: 1.4550 acc: 82.5000
[60,    11] loss: 0.0427 acc: 84.0909
[60,    12] loss: 0.1921 acc: 85.4167
[60,    13] loss: 0.3521 acc: 84.6154
[60,    14] loss: 0.0503 acc: 85.7143
[60,    15] loss: 0.0717 acc: 86.6667
[60,    16] loss: 0.0568 acc: 87.5000
[60,    17] loss: 1.4369 acc: 85.2941
[60,    18] loss: 0.3289 acc: 86.1111
[60,    19] loss: 0.6121 acc: 85.5263
[60,    20] loss: 0.0221 acc: 86.2500
[60,    21] loss: 1.0454 acc: 85.7143
[60,    22] loss: 0.1633 acc: 86.3636
[60,    23] loss: 0.0556 acc: 86.9565
[60,    24] loss: 2.5118 acc: 84.3750
[60,    25] loss: 0.1842 acc: 85.0000
[60,    26] loss: 0.1999 acc: 85.5769
[60,    27] loss: 0.2307 acc: 86.1111
[60,    28] loss: 0.1255 acc: 86.6071
[60,    29] loss: 0.2911 acc: 87.0690
[60,    30] loss: 0.4520 acc: 86.6667
[60,    31] loss: 0.1554 acc: 87.0968
[60,    32] loss: 0.1241 acc: 87.5000
[61,     1] loss: 0.2297 acc: 100.0000
[61,     2] loss: 0.1541 acc: 100.0000
[61,     3] loss: 0.6329 acc: 91.6667
[61,     4] loss: 1.0078 acc: 87.5000
[61,     5] loss: 0.8182 acc: 85.0000
[61,     6] loss: 1.0259 acc: 79.1667
[61,     7] loss: 0.0789 acc: 82.1429
[61,     8] loss: 0.6704 acc: 81.2500
[61,     9] loss: 0.0204 acc: 83.3333
[61,    10] loss: 0.0865 acc: 85.0000
[61,    11] loss: 0.1767 acc: 86.3636
[61,    12] loss: 0.0728 acc: 87.5000
[61,    13] loss: 0.1644 acc: 88.4615
[61,    14] loss: 0.1706 acc: 89.2857
[61,    15] loss: 0.0818 acc: 90.0000
[61,    16] loss: 0.3448 acc: 90.6250
[61,    17] loss: 0.6164 acc: 89.7059
[61,    18] loss: 0.1853 acc: 90.2778
[61,    19] loss: 0.0503 acc: 90.7895
[61,    20] loss: 0.1286 acc: 91.2500
[61,    21] loss: 0.3764 acc: 90.4762
[61,    22] loss: 0.5545 acc: 89.7727
[61,    23] loss: 0.2477 acc: 89.1304
[61,    24] loss: 0.0746 acc: 89.5833
[61,    25] loss: 0.2445 acc: 90.0000
[61,    26] loss: 0.0605 acc: 90.3846
[61,    27] loss: 0.0288 acc: 90.7407
[61,    28] loss: 0.3014 acc: 90.1786
[61,    29] loss: 0.0603 acc: 90.5172
[61,    30] loss: 1.7525 acc: 90.0000
[61,    31] loss: 0.1965 acc: 90.3226
[61,    32] loss: 0.4096 acc: 89.8438
[62,     1] loss: 0.0451 acc: 100.0000
[62,     2] loss: 0.0695 acc: 100.0000
[62,     3] loss: 0.7949 acc: 83.3333
[62,     4] loss: 0.8547 acc: 75.0000
[62,     5] loss: 0.2774 acc: 80.0000
[62,     6] loss: 0.3385 acc: 83.3333
[62,     7] loss: 0.2849 acc: 85.7143
[62,     8] loss: 1.1725 acc: 84.3750
[62,     9] loss: 0.0805 acc: 86.1111
[62,    10] loss: 0.3023 acc: 85.0000
[62,    11] loss: 2.0873 acc: 79.5455
[62,    12] loss: 0.0515 acc: 81.2500
[62,    13] loss: 0.1102 acc: 82.6923
[62,    14] loss: 1.1333 acc: 82.1429
[62,    15] loss: 0.7219 acc: 81.6667
[62,    16] loss: 0.0804 acc: 82.8125
[62,    17] loss: 0.0354 acc: 83.8235
[62,    18] loss: 1.0289 acc: 83.3333
[62,    19] loss: 0.0810 acc: 84.2105
[62,    20] loss: 0.7546 acc: 83.7500
[62,    21] loss: 0.1669 acc: 84.5238
[62,    22] loss: 1.4705 acc: 84.0909
[62,    23] loss: 0.4406 acc: 83.6957
[62,    24] loss: 0.0216 acc: 84.3750
[62,    25] loss: 0.0997 acc: 85.0000
[62,    26] loss: 0.3004 acc: 84.6154
[62,    27] loss: 0.2035 acc: 85.1852
[62,    28] loss: 0.0990 acc: 85.7143
[62,    29] loss: 0.0737 acc: 86.2069
[62,    30] loss: 0.5747 acc: 85.8333
[62,    31] loss: 0.4445 acc: 86.2903
[62,    32] loss: 0.7840 acc: 85.9375
[63,     1] loss: 0.1573 acc: 100.0000
[63,     2] loss: 0.3290 acc: 87.5000
[63,     3] loss: 0.2808 acc: 91.6667
[63,     4] loss: 0.0639 acc: 93.7500
[63,     5] loss: 0.3295 acc: 90.0000
[63,     6] loss: 0.4078 acc: 91.6667
[63,     7] loss: 0.2818 acc: 92.8571
[63,     8] loss: 1.0588 acc: 87.5000
[63,     9] loss: 0.5780 acc: 86.1111
[63,    10] loss: 1.8989 acc: 82.5000
[63,    11] loss: 0.1121 acc: 84.0909
[63,    12] loss: 0.2558 acc: 85.4167
[63,    13] loss: 0.2113 acc: 86.5385
[63,    14] loss: 0.7603 acc: 85.7143
[63,    15] loss: 0.1609 acc: 86.6667
[63,    16] loss: 1.1002 acc: 85.9375
[63,    17] loss: 0.1665 acc: 86.7647
[63,    18] loss: 0.3849 acc: 87.5000
[63,    19] loss: 0.4527 acc: 86.8421
[63,    20] loss: 0.9595 acc: 86.2500
[63,    21] loss: 0.1489 acc: 86.9048
[63,    22] loss: 1.3078 acc: 85.2273
[63,    23] loss: 0.0567 acc: 85.8696
[63,    24] loss: 0.0410 acc: 86.4583
[63,    25] loss: 0.1555 acc: 87.0000
[63,    26] loss: 0.0315 acc: 87.5000
[63,    27] loss: 0.2605 acc: 87.9630
[63,    28] loss: 0.1322 acc: 88.3929
[63,    29] loss: 0.0737 acc: 88.7931
[63,    30] loss: 0.2137 acc: 89.1667
[63,    31] loss: 0.4979 acc: 88.7097
[63,    32] loss: 0.0398 acc: 89.0625
[64,     1] loss: 0.0401 acc: 100.0000
[64,     2] loss: 0.2011 acc: 100.0000
[64,     3] loss: 0.6321 acc: 91.6667
[64,     4] loss: 1.1400 acc: 87.5000
[64,     5] loss: 0.3406 acc: 85.0000
[64,     6] loss: 0.1542 acc: 87.5000
[64,     7] loss: 0.4370 acc: 85.7143
[64,     8] loss: 0.0425 acc: 87.5000
[64,     9] loss: 1.8637 acc: 83.3333
[64,    10] loss: 0.1020 acc: 85.0000
[64,    11] loss: 0.2373 acc: 86.3636
[64,    12] loss: 0.0406 acc: 87.5000
[64,    13] loss: 0.2739 acc: 88.4615
[64,    14] loss: 0.1104 acc: 89.2857
[64,    15] loss: 0.0593 acc: 90.0000
[64,    16] loss: 0.0225 acc: 90.6250
[64,    17] loss: 0.1164 acc: 91.1765
[64,    18] loss: 0.1187 acc: 91.6667
[64,    19] loss: 0.2869 acc: 92.1053
[64,    20] loss: 0.4324 acc: 91.2500
[64,    21] loss: 0.1475 acc: 91.6667
[64,    22] loss: 0.3307 acc: 92.0455
[64,    23] loss: 0.1127 acc: 92.3913
[64,    24] loss: 0.1846 acc: 92.7083
[64,    25] loss: 1.4764 acc: 92.0000
[64,    26] loss: 0.0595 acc: 92.3077
[64,    27] loss: 0.0305 acc: 92.5926
[64,    28] loss: 0.0120 acc: 92.8571
[64,    29] loss: 1.1331 acc: 92.2414
[64,    30] loss: 0.6381 acc: 90.8333
[64,    31] loss: 0.0763 acc: 91.1290
[64,    32] loss: 1.0283 acc: 90.6250
[65,     1] loss: 0.9571 acc: 50.0000
[65,     2] loss: 0.2732 acc: 62.5000
[65,     3] loss: 0.1086 acc: 75.0000
[65,     4] loss: 1.0406 acc: 75.0000
[65,     5] loss: 0.2273 acc: 80.0000
[65,     6] loss: 0.0576 acc: 83.3333
[65,     7] loss: 0.0331 acc: 85.7143
[65,     8] loss: 0.3149 acc: 87.5000
[65,     9] loss: 1.1819 acc: 86.1111
[65,    10] loss: 2.0239 acc: 82.5000
[65,    11] loss: 0.1075 acc: 84.0909
[65,    12] loss: 0.7945 acc: 83.3333
[65,    13] loss: 0.1449 acc: 84.6154
[65,    14] loss: 0.0342 acc: 85.7143
[65,    15] loss: 0.0718 acc: 86.6667
[65,    16] loss: 0.0489 acc: 87.5000
[65,    17] loss: 0.9754 acc: 86.7647
[65,    18] loss: 0.2503 acc: 87.5000
[65,    19] loss: 0.0760 acc: 88.1579
[65,    20] loss: 0.8939 acc: 87.5000
[65,    21] loss: 0.0318 acc: 88.0952
[65,    22] loss: 0.0889 acc: 88.6364
[65,    23] loss: 0.0297 acc: 89.1304
[65,    24] loss: 0.0484 acc: 89.5833
[65,    25] loss: 0.0166 acc: 90.0000
[65,    26] loss: 0.2177 acc: 90.3846
[65,    27] loss: 0.1132 acc: 90.7407
[65,    28] loss: 0.1721 acc: 91.0714
[65,    29] loss: 0.3748 acc: 90.5172
[65,    30] loss: 0.3450 acc: 90.8333
[65,    31] loss: 1.1026 acc: 90.3226
[65,    32] loss: 1.0900 acc: 89.8438
[66,     1] loss: 0.1295 acc: 100.0000
[66,     2] loss: 0.0288 acc: 100.0000
[66,     3] loss: 0.0212 acc: 100.0000
[66,     4] loss: 0.0179 acc: 100.0000
[66,     5] loss: 0.9410 acc: 95.0000
[66,     6] loss: 0.0161 acc: 95.8333
[66,     7] loss: 0.0335 acc: 96.4286
[66,     8] loss: 0.8832 acc: 90.6250
[66,     9] loss: 0.0227 acc: 91.6667
[66,    10] loss: 1.3386 acc: 87.5000
[66,    11] loss: 0.1580 acc: 88.6364
[66,    12] loss: 0.0246 acc: 89.5833
[66,    13] loss: 0.1166 acc: 90.3846
[66,    14] loss: 0.1109 acc: 91.0714
[66,    15] loss: 0.2564 acc: 91.6667
[66,    16] loss: 0.1565 acc: 92.1875
[66,    17] loss: 0.1248 acc: 92.6471
[66,    18] loss: 0.2182 acc: 93.0556
[66,    19] loss: 0.5203 acc: 92.1053
[66,    20] loss: 0.3530 acc: 92.5000
[66,    21] loss: 0.0886 acc: 92.8571
[66,    22] loss: 0.4797 acc: 92.0455
[66,    23] loss: 0.0724 acc: 92.3913
[66,    24] loss: 0.0340 acc: 92.7083
[66,    25] loss: 0.7936 acc: 92.0000
[66,    26] loss: 0.3126 acc: 92.3077
[66,    27] loss: 0.0336 acc: 92.5926
[66,    28] loss: 0.1432 acc: 92.8571
[66,    29] loss: 0.5646 acc: 92.2414
[66,    30] loss: 0.2967 acc: 91.6667
[66,    31] loss: 0.3638 acc: 91.1290
[66,    32] loss: 0.2690 acc: 91.4062
[67,     1] loss: 0.0622 acc: 100.0000
[67,     2] loss: 0.0921 acc: 100.0000
[67,     3] loss: 0.2923 acc: 100.0000
[67,     4] loss: 1.4047 acc: 93.7500
[67,     5] loss: 0.6028 acc: 90.0000
[67,     6] loss: 0.2558 acc: 91.6667
[67,     7] loss: 0.0284 acc: 92.8571
[67,     8] loss: 0.0812 acc: 93.7500
[67,     9] loss: 0.1343 acc: 94.4444
[67,    10] loss: 0.0402 acc: 95.0000
[67,    11] loss: 0.0265 acc: 95.4545
[67,    12] loss: 0.0293 acc: 95.8333
[67,    13] loss: 0.0980 acc: 96.1538
[67,    14] loss: 1.9256 acc: 92.8571
[67,    15] loss: 0.0584 acc: 93.3333
[67,    16] loss: 0.0397 acc: 93.7500
[67,    17] loss: 0.0257 acc: 94.1176
[67,    18] loss: 0.1013 acc: 94.4444
[67,    19] loss: 0.0771 acc: 94.7368
[67,    20] loss: 0.0214 acc: 95.0000
[67,    21] loss: 1.3945 acc: 94.0476
[67,    22] loss: 0.3642 acc: 93.1818
[67,    23] loss: 0.2148 acc: 93.4783
[67,    24] loss: 0.3063 acc: 93.7500
[67,    25] loss: 0.0634 acc: 94.0000
[67,    26] loss: 1.0805 acc: 92.3077
[67,    27] loss: 0.1132 acc: 92.5926
[67,    28] loss: 1.2979 acc: 91.0714
[67,    29] loss: 0.4581 acc: 90.5172
[67,    30] loss: 1.6322 acc: 88.3333
[67,    31] loss: 0.5633 acc: 87.9032
[67,    32] loss: 0.5425 acc: 87.5000
[68,     1] loss: 0.2499 acc: 100.0000
[68,     2] loss: 0.8197 acc: 87.5000
[68,     3] loss: 1.7301 acc: 83.3333
[68,     4] loss: 0.2704 acc: 87.5000
[68,     5] loss: 0.8950 acc: 85.0000
[68,     6] loss: 0.3191 acc: 83.3333
[68,     7] loss: 0.2330 acc: 85.7143
[68,     8] loss: 0.6929 acc: 84.3750
[68,     9] loss: 1.3931 acc: 83.3333
[68,    10] loss: 0.1101 acc: 85.0000
[68,    11] loss: 0.0924 acc: 86.3636
[68,    12] loss: 0.3844 acc: 85.4167
[68,    13] loss: 1.3970 acc: 84.6154
[68,    14] loss: 0.1201 acc: 85.7143
[68,    15] loss: 0.0787 acc: 86.6667
[68,    16] loss: 0.2267 acc: 87.5000
[68,    17] loss: 0.5839 acc: 86.7647
[68,    18] loss: 0.4185 acc: 86.1111
[68,    19] loss: 1.2055 acc: 85.5263
[68,    20] loss: 0.0919 acc: 86.2500
[68,    21] loss: 0.0397 acc: 86.9048
[68,    22] loss: 0.4675 acc: 86.3636
[68,    23] loss: 0.5662 acc: 85.8696
[68,    24] loss: 0.2057 acc: 86.4583
[68,    25] loss: 0.1208 acc: 87.0000
[68,    26] loss: 0.2310 acc: 87.5000
[68,    27] loss: 0.1023 acc: 87.9630
[68,    28] loss: 0.0394 acc: 88.3929
[68,    29] loss: 0.1353 acc: 88.7931
[68,    30] loss: 0.2624 acc: 89.1667
[68,    31] loss: 0.4270 acc: 88.7097
[68,    32] loss: 0.2045 acc: 89.0625
[69,     1] loss: 0.2898 acc: 100.0000
[69,     2] loss: 0.4176 acc: 87.5000
[69,     3] loss: 0.0982 acc: 91.6667
[69,     4] loss: 0.0212 acc: 93.7500
[69,     5] loss: 0.0677 acc: 95.0000
[69,     6] loss: 0.1853 acc: 95.8333
[69,     7] loss: 0.1201 acc: 96.4286
[69,     8] loss: 0.7085 acc: 93.7500
[69,     9] loss: 0.3249 acc: 91.6667
[69,    10] loss: 0.1186 acc: 92.5000
[69,    11] loss: 0.9437 acc: 90.9091
[69,    12] loss: 0.3648 acc: 91.6667
[69,    13] loss: 0.0740 acc: 92.3077
[69,    14] loss: 0.1511 acc: 92.8571
[69,    15] loss: 0.5049 acc: 91.6667
[69,    16] loss: 0.3346 acc: 92.1875
[69,    17] loss: 0.8061 acc: 91.1765
[69,    18] loss: 0.0388 acc: 91.6667
[69,    19] loss: 0.0609 acc: 92.1053
[69,    20] loss: 0.2181 acc: 92.5000
[69,    21] loss: 0.0202 acc: 92.8571
[69,    22] loss: 0.1197 acc: 93.1818
[69,    23] loss: 0.0586 acc: 93.4783
[69,    24] loss: 0.3432 acc: 93.7500
[69,    25] loss: 1.0438 acc: 93.0000
[69,    26] loss: 1.0812 acc: 92.3077
[69,    27] loss: 0.0336 acc: 92.5926
[69,    28] loss: 0.1293 acc: 92.8571
[69,    29] loss: 0.6677 acc: 92.2414
[69,    30] loss: 0.4959 acc: 91.6667
[69,    31] loss: 0.0848 acc: 91.9355
[69,    32] loss: 1.3495 acc: 91.4062
[70,     1] loss: 0.1476 acc: 100.0000
[70,     2] loss: 0.0898 acc: 100.0000
[70,     3] loss: 0.1377 acc: 100.0000
[70,     4] loss: 0.1528 acc: 100.0000
[70,     5] loss: 0.1507 acc: 100.0000
[70,     6] loss: 0.0707 acc: 100.0000
[70,     7] loss: 0.0339 acc: 100.0000
[70,     8] loss: 0.3039 acc: 100.0000
[70,     9] loss: 0.1401 acc: 100.0000
[70,    10] loss: 0.0500 acc: 100.0000
[70,    11] loss: 0.3290 acc: 100.0000
[70,    12] loss: 0.1078 acc: 100.0000
[70,    13] loss: 0.3913 acc: 98.0769
[70,    14] loss: 0.2102 acc: 98.2143
[70,    15] loss: 0.1710 acc: 98.3333
[70,    16] loss: 0.0462 acc: 98.4375
[70,    17] loss: 0.0567 acc: 98.5294
[70,    18] loss: 0.0641 acc: 98.6111
[70,    19] loss: 0.4030 acc: 97.3684
[70,    20] loss: 0.0346 acc: 97.5000
[70,    21] loss: 0.0209 acc: 97.6190
[70,    22] loss: 0.0713 acc: 97.7273
[70,    23] loss: 1.2535 acc: 96.7391
[70,    24] loss: 0.3699 acc: 95.8333
[70,    25] loss: 1.3234 acc: 95.0000
[70,    26] loss: 0.4198 acc: 94.2308
[70,    27] loss: 0.0194 acc: 94.4444
[70,    28] loss: 0.0173 acc: 94.6429
[70,    29] loss: 0.1984 acc: 94.8276
[70,    30] loss: 0.0101 acc: 95.0000
[70,    31] loss: 1.5725 acc: 93.5484
[70,    32] loss: 0.0360 acc: 93.7500
[71,     1] loss: 0.1936 acc: 100.0000
[71,     2] loss: 0.0721 acc: 100.0000
[71,     3] loss: 0.8716 acc: 91.6667
[71,     4] loss: 1.1117 acc: 87.5000
[71,     5] loss: 0.1135 acc: 90.0000
[71,     6] loss: 0.6292 acc: 87.5000
[71,     7] loss: 0.8945 acc: 85.7143
[71,     8] loss: 0.3588 acc: 87.5000
[71,     9] loss: 0.1910 acc: 88.8889
[71,    10] loss: 0.3775 acc: 87.5000
[71,    11] loss: 0.2937 acc: 88.6364
[71,    12] loss: 0.0216 acc: 89.5833
[71,    13] loss: 1.3322 acc: 88.4615
[71,    14] loss: 0.4352 acc: 87.5000
[71,    15] loss: 0.4167 acc: 86.6667
[71,    16] loss: 1.1306 acc: 85.9375
[71,    17] loss: 0.8581 acc: 85.2941
[71,    18] loss: 0.0179 acc: 86.1111
[71,    19] loss: 0.0171 acc: 86.8421
[71,    20] loss: 0.6236 acc: 86.2500
[71,    21] loss: 0.2211 acc: 86.9048
[71,    22] loss: 0.0287 acc: 87.5000
[71,    23] loss: 0.1684 acc: 88.0435
[71,    24] loss: 0.1311 acc: 88.5417
[71,    25] loss: 0.2088 acc: 89.0000
[71,    26] loss: 0.2978 acc: 88.4615
[71,    27] loss: 0.1568 acc: 88.8889
[71,    28] loss: 0.6922 acc: 87.5000
[71,    29] loss: 0.5905 acc: 87.0690
[71,    30] loss: 2.1486 acc: 85.8333
[71,    31] loss: 0.9529 acc: 85.4839
[71,    32] loss: 0.0248 acc: 85.9375
[72,     1] loss: 0.0303 acc: 100.0000
[72,     2] loss: 0.2724 acc: 100.0000
[72,     3] loss: 0.3669 acc: 91.6667
[72,     4] loss: 0.3920 acc: 87.5000
[72,     5] loss: 0.0577 acc: 90.0000
[72,     6] loss: 0.2793 acc: 91.6667
[72,     7] loss: 0.0340 acc: 92.8571
[72,     8] loss: 0.0870 acc: 93.7500
[72,     9] loss: 2.4480 acc: 86.1111
[72,    10] loss: 0.1144 acc: 87.5000
[72,    11] loss: 0.1239 acc: 88.6364
[72,    12] loss: 0.5394 acc: 87.5000
[72,    13] loss: 0.8948 acc: 84.6154
[72,    14] loss: 0.4997 acc: 83.9286
[72,    15] loss: 0.7277 acc: 81.6667
[72,    16] loss: 0.0619 acc: 82.8125
[72,    17] loss: 0.1852 acc: 83.8235
[72,    18] loss: 0.0728 acc: 84.7222
[72,    19] loss: 0.0368 acc: 85.5263
[72,    20] loss: 0.0290 acc: 86.2500
[72,    21] loss: 0.5492 acc: 85.7143
[72,    22] loss: 0.1169 acc: 86.3636
[72,    23] loss: 0.1626 acc: 86.9565
[72,    24] loss: 0.1859 acc: 87.5000
[72,    25] loss: 0.2121 acc: 88.0000
[72,    26] loss: 0.0683 acc: 88.4615
[72,    27] loss: 0.2411 acc: 88.8889
[72,    28] loss: 0.8650 acc: 87.5000
[72,    29] loss: 0.0390 acc: 87.9310
[72,    30] loss: 0.2459 acc: 87.5000
[72,    31] loss: 0.1023 acc: 87.9032
[72,    32] loss: 0.4096 acc: 87.5000
[73,     1] loss: 0.4035 acc: 100.0000
[73,     2] loss: 0.0408 acc: 100.0000
[73,     3] loss: 1.8603 acc: 75.0000
[73,     4] loss: 0.2954 acc: 81.2500
[73,     5] loss: 0.2289 acc: 85.0000
[73,     6] loss: 0.1955 acc: 87.5000
[73,     7] loss: 0.3545 acc: 85.7143
[73,     8] loss: 1.7139 acc: 81.2500
[73,     9] loss: 0.6616 acc: 80.5556
[73,    10] loss: 0.0678 acc: 82.5000
[73,    11] loss: 0.0673 acc: 84.0909
[73,    12] loss: 0.4947 acc: 83.3333
[73,    13] loss: 0.5409 acc: 82.6923
[73,    14] loss: 0.0761 acc: 83.9286
[73,    15] loss: 0.2623 acc: 83.3333
[73,    16] loss: 0.2917 acc: 84.3750
[73,    17] loss: 1.1109 acc: 83.8235
[73,    18] loss: 0.8306 acc: 83.3333
[73,    19] loss: 1.3258 acc: 82.8947
[73,    20] loss: 0.7016 acc: 82.5000
[73,    21] loss: 0.1535 acc: 83.3333
[73,    22] loss: 0.1351 acc: 84.0909
[73,    23] loss: 0.2714 acc: 84.7826
[73,    24] loss: 0.1129 acc: 85.4167
[73,    25] loss: 0.2583 acc: 86.0000
[73,    26] loss: 0.0374 acc: 86.5385
[73,    27] loss: 0.1357 acc: 87.0370
[73,    28] loss: 0.0404 acc: 87.5000
[73,    29] loss: 0.2060 acc: 87.9310
[73,    30] loss: 0.0147 acc: 88.3333
[73,    31] loss: 0.2410 acc: 88.7097
[73,    32] loss: 1.3232 acc: 88.2812
[74,     1] loss: 0.3095 acc: 75.0000
[74,     2] loss: 0.3708 acc: 75.0000
[74,     3] loss: 0.3156 acc: 83.3333
[74,     4] loss: 0.1918 acc: 87.5000
[74,     5] loss: 0.1145 acc: 90.0000
[74,     6] loss: 0.7162 acc: 87.5000
[74,     7] loss: 0.0755 acc: 89.2857
[74,     8] loss: 1.2123 acc: 84.3750
[74,     9] loss: 0.0323 acc: 86.1111
[74,    10] loss: 1.0753 acc: 85.0000
[74,    11] loss: 0.9254 acc: 84.0909
[74,    12] loss: 0.1342 acc: 85.4167
[74,    13] loss: 0.3796 acc: 84.6154
[74,    14] loss: 0.0496 acc: 85.7143
[74,    15] loss: 0.0224 acc: 86.6667
[74,    16] loss: 0.2080 acc: 87.5000
[74,    17] loss: 0.4491 acc: 86.7647
[74,    18] loss: 0.2553 acc: 87.5000
[74,    19] loss: 0.0287 acc: 88.1579
[74,    20] loss: 0.0536 acc: 88.7500
[74,    21] loss: 0.2224 acc: 89.2857
[74,    22] loss: 0.1076 acc: 89.7727
[74,    23] loss: 1.4962 acc: 88.0435
[74,    24] loss: 0.7507 acc: 87.5000
[74,    25] loss: 0.9161 acc: 87.0000
[74,    26] loss: 0.0419 acc: 87.5000
[74,    27] loss: 0.3939 acc: 87.0370
[74,    28] loss: 0.4941 acc: 86.6071
[74,    29] loss: 0.0822 acc: 87.0690
[74,    30] loss: 0.0470 acc: 87.5000
[74,    31] loss: 0.1516 acc: 87.9032
[74,    32] loss: 0.2171 acc: 88.2812
[75,     1] loss: 0.3397 acc: 100.0000
[75,     2] loss: 0.0927 acc: 100.0000
[75,     3] loss: 1.1247 acc: 83.3333
[75,     4] loss: 0.0573 acc: 87.5000
[75,     5] loss: 1.3703 acc: 85.0000
[75,     6] loss: 0.1023 acc: 87.5000
[75,     7] loss: 1.3245 acc: 85.7143
[75,     8] loss: 0.1760 acc: 87.5000
[75,     9] loss: 0.0100 acc: 88.8889
[75,    10] loss: 0.3465 acc: 87.5000
[75,    11] loss: 0.3567 acc: 88.6364
[75,    12] loss: 0.0386 acc: 89.5833
[75,    13] loss: 0.1091 acc: 90.3846
[75,    14] loss: 0.7965 acc: 89.2857
[75,    15] loss: 0.0636 acc: 90.0000
[75,    16] loss: 0.0727 acc: 90.6250
[75,    17] loss: 0.5669 acc: 89.7059
[75,    18] loss: 1.1255 acc: 88.8889
[75,    19] loss: 0.2299 acc: 89.4737
[75,    20] loss: 0.1166 acc: 90.0000
[75,    21] loss: 0.3399 acc: 90.4762
[75,    22] loss: 0.0324 acc: 90.9091
[75,    23] loss: 0.6313 acc: 90.2174
[75,    24] loss: 0.7996 acc: 89.5833
[75,    25] loss: 0.0682 acc: 90.0000
[75,    26] loss: 0.1199 acc: 90.3846
[75,    27] loss: 0.0251 acc: 90.7407
[75,    28] loss: 0.1527 acc: 91.0714
[75,    29] loss: 0.0862 acc: 91.3793
[75,    30] loss: 0.3609 acc: 90.8333
[75,    31] loss: 0.0916 acc: 91.1290
[75,    32] loss: 0.1254 acc: 91.4062
[76,     1] loss: 0.0446 acc: 100.0000
[76,     2] loss: 0.1773 acc: 100.0000
[76,     3] loss: 0.5640 acc: 91.6667
[76,     4] loss: 0.0527 acc: 93.7500
[76,     5] loss: 0.1985 acc: 95.0000
[76,     6] loss: 0.0340 acc: 95.8333
[76,     7] loss: 0.0923 acc: 96.4286
[76,     8] loss: 0.3925 acc: 93.7500
[76,     9] loss: 0.0529 acc: 94.4444
[76,    10] loss: 0.0340 acc: 95.0000
[76,    11] loss: 1.5202 acc: 90.9091
[76,    12] loss: 0.2200 acc: 91.6667
[76,    13] loss: 0.0179 acc: 92.3077
[76,    14] loss: 0.0527 acc: 92.8571
[76,    15] loss: 0.1130 acc: 93.3333
[76,    16] loss: 0.3109 acc: 93.7500
[76,    17] loss: 0.6906 acc: 92.6471
[76,    18] loss: 0.2108 acc: 91.6667
[76,    19] loss: 1.0124 acc: 90.7895
[76,    20] loss: 4.7183 acc: 87.5000
[76,    21] loss: 0.1613 acc: 88.0952
[76,    22] loss: 0.7314 acc: 87.5000
[76,    23] loss: 0.0300 acc: 88.0435
[76,    24] loss: 0.4491 acc: 87.5000
[76,    25] loss: 0.0600 acc: 88.0000
[76,    26] loss: 0.3221 acc: 88.4615
[76,    27] loss: 0.0623 acc: 88.8889
[76,    28] loss: 0.0544 acc: 89.2857
[76,    29] loss: 0.1131 acc: 89.6552
[76,    30] loss: 1.4655 acc: 89.1667
[76,    31] loss: 0.0260 acc: 89.5161
[76,    32] loss: 0.2932 acc: 89.8438
[77,     1] loss: 0.5986 acc: 75.0000
[77,     2] loss: 0.0259 acc: 87.5000
[77,     3] loss: 1.0902 acc: 75.0000
[77,     4] loss: 0.3479 acc: 81.2500
[77,     5] loss: 0.5993 acc: 80.0000
[77,     6] loss: 0.0951 acc: 83.3333
[77,     7] loss: 0.0277 acc: 85.7143
[77,     8] loss: 0.9947 acc: 84.3750
[77,     9] loss: 0.4599 acc: 83.3333
[77,    10] loss: 0.0169 acc: 85.0000
[77,    11] loss: 0.0829 acc: 86.3636
[77,    12] loss: 0.1735 acc: 87.5000
[77,    13] loss: 0.0125 acc: 88.4615
[77,    14] loss: 0.0347 acc: 89.2857
[77,    15] loss: 1.7719 acc: 88.3333
[77,    16] loss: 0.2763 acc: 89.0625
[77,    17] loss: 0.0468 acc: 89.7059
[77,    18] loss: 1.4845 acc: 88.8889
[77,    19] loss: 0.5096 acc: 88.1579
[77,    20] loss: 1.4306 acc: 86.2500
[77,    21] loss: 0.7172 acc: 85.7143
[77,    22] loss: 0.0352 acc: 86.3636
[77,    23] loss: 0.0612 acc: 86.9565
[77,    24] loss: 0.7370 acc: 86.4583
[77,    25] loss: 0.0682 acc: 87.0000
[77,    26] loss: 0.0257 acc: 87.5000
[77,    27] loss: 0.3932 acc: 87.0370
[77,    28] loss: 0.1991 acc: 87.5000
[77,    29] loss: 1.1835 acc: 86.2069
[77,    30] loss: 0.1229 acc: 86.6667
[77,    31] loss: 0.1040 acc: 87.0968
[77,    32] loss: 0.1062 acc: 87.5000
[78,     1] loss: 0.7900 acc: 75.0000
[78,     2] loss: 0.7963 acc: 75.0000
[78,     3] loss: 0.4813 acc: 75.0000
[78,     4] loss: 0.0517 acc: 81.2500
[78,     5] loss: 1.0405 acc: 80.0000
[78,     6] loss: 0.1144 acc: 83.3333
[78,     7] loss: 0.0432 acc: 85.7143
[78,     8] loss: 0.1142 acc: 87.5000
[78,     9] loss: 0.3724 acc: 86.1111
[78,    10] loss: 0.2548 acc: 85.0000
[78,    11] loss: 0.4291 acc: 84.0909
[78,    12] loss: 0.2533 acc: 85.4167
[78,    13] loss: 0.0340 acc: 86.5385
[78,    14] loss: 0.0848 acc: 87.5000
[78,    15] loss: 0.5611 acc: 86.6667
[78,    16] loss: 0.0720 acc: 87.5000
[78,    17] loss: 0.6120 acc: 86.7647
[78,    18] loss: 1.0034 acc: 86.1111
[78,    19] loss: 0.3001 acc: 85.5263
[78,    20] loss: 0.2432 acc: 85.0000
[78,    21] loss: 0.0199 acc: 85.7143
[78,    22] loss: 1.5296 acc: 85.2273
[78,    23] loss: 0.2292 acc: 85.8696
[78,    24] loss: 0.2393 acc: 86.4583
[78,    25] loss: 0.3421 acc: 86.0000
[78,    26] loss: 0.0770 acc: 86.5385
[78,    27] loss: 0.8731 acc: 86.1111
[78,    28] loss: 0.4882 acc: 85.7143
[78,    29] loss: 0.0238 acc: 86.2069
[78,    30] loss: 0.0558 acc: 86.6667
[78,    31] loss: 0.6409 acc: 86.2903
[78,    32] loss: 0.2209 acc: 86.7188
[79,     1] loss: 0.3237 acc: 100.0000
[79,     2] loss: 1.2146 acc: 87.5000
[79,     3] loss: 0.0544 acc: 91.6667
[79,     4] loss: 0.0306 acc: 93.7500
[79,     5] loss: 0.2752 acc: 95.0000
[79,     6] loss: 0.0190 acc: 95.8333
[79,     7] loss: 0.8502 acc: 92.8571
[79,     8] loss: 0.1498 acc: 93.7500
[79,     9] loss: 0.0790 acc: 94.4444
[79,    10] loss: 0.7650 acc: 92.5000
[79,    11] loss: 0.0479 acc: 93.1818
[79,    12] loss: 0.0681 acc: 93.7500
[79,    13] loss: 0.9836 acc: 92.3077
[79,    14] loss: 0.1867 acc: 92.8571
[79,    15] loss: 0.1276 acc: 93.3333
[79,    16] loss: 0.2068 acc: 93.7500
[79,    17] loss: 0.3896 acc: 92.6471
[79,    18] loss: 0.0763 acc: 93.0556
[79,    19] loss: 0.4086 acc: 92.1053
[79,    20] loss: 0.1890 acc: 92.5000
[79,    21] loss: 1.6234 acc: 91.6667
[79,    22] loss: 0.4036 acc: 90.9091
[79,    23] loss: 0.2063 acc: 91.3043
[79,    24] loss: 1.1245 acc: 90.6250
[79,    25] loss: 3.3010 acc: 87.0000
[79,    26] loss: 0.2623 acc: 87.5000
[79,    27] loss: 0.8158 acc: 87.0370
[79,    28] loss: 0.2860 acc: 87.5000
[79,    29] loss: 0.0892 acc: 87.9310
[79,    30] loss: 0.7381 acc: 87.5000
[79,    31] loss: 0.0416 acc: 87.9032
[79,    32] loss: 0.2961 acc: 88.2812
[80,     1] loss: 0.0829 acc: 100.0000
[80,     2] loss: 0.0677 acc: 100.0000
[80,     3] loss: 1.3351 acc: 83.3333
[80,     4] loss: 0.1371 acc: 87.5000
[80,     5] loss: 0.1286 acc: 90.0000
[80,     6] loss: 0.0233 acc: 91.6667
[80,     7] loss: 0.3063 acc: 89.2857
[80,     8] loss: 0.7286 acc: 87.5000
[80,     9] loss: 0.2773 acc: 88.8889
[80,    10] loss: 0.2209 acc: 90.0000
[80,    11] loss: 0.5034 acc: 88.6364
[80,    12] loss: 0.7820 acc: 87.5000
[80,    13] loss: 0.2215 acc: 88.4615
[80,    14] loss: 0.1883 acc: 89.2857
[80,    15] loss: 0.1783 acc: 90.0000
[80,    16] loss: 1.1472 acc: 89.0625
[80,    17] loss: 0.4437 acc: 88.2353
[80,    18] loss: 0.0361 acc: 88.8889
[80,    19] loss: 0.0189 acc: 89.4737
[80,    20] loss: 0.7213 acc: 88.7500
[80,    21] loss: 0.5723 acc: 88.0952
[80,    22] loss: 1.1407 acc: 87.5000
[80,    23] loss: 0.1333 acc: 88.0435
[80,    24] loss: 0.1132 acc: 88.5417
[80,    25] loss: 0.1106 acc: 89.0000
[80,    26] loss: 1.1446 acc: 88.4615
[80,    27] loss: 0.5979 acc: 87.9630
[80,    28] loss: 0.0922 acc: 88.3929
[80,    29] loss: 0.1131 acc: 88.7931
[80,    30] loss: 1.1400 acc: 88.3333
[80,    31] loss: 2.0781 acc: 87.0968
[80,    32] loss: 0.0141 acc: 87.5000
[81,     1] loss: 0.1647 acc: 100.0000
[81,     2] loss: 0.0374 acc: 100.0000
[81,     3] loss: 0.0461 acc: 100.0000
[81,     4] loss: 0.9277 acc: 93.7500
[81,     5] loss: 0.1941 acc: 95.0000
[81,     6] loss: 1.0742 acc: 87.5000
[81,     7] loss: 0.0483 acc: 89.2857
[81,     8] loss: 0.1875 acc: 90.6250
[81,     9] loss: 0.1636 acc: 91.6667
[81,    10] loss: 0.0970 acc: 92.5000
[81,    11] loss: 0.1190 acc: 93.1818
[81,    12] loss: 0.5202 acc: 91.6667
[81,    13] loss: 0.0434 acc: 92.3077
[81,    14] loss: 0.0666 acc: 92.8571
[81,    15] loss: 0.2998 acc: 91.6667
[81,    16] loss: 0.0329 acc: 92.1875
[81,    17] loss: 0.4216 acc: 91.1765
[81,    18] loss: 0.0569 acc: 91.6667
[81,    19] loss: 0.1190 acc: 92.1053
[81,    20] loss: 0.0446 acc: 92.5000
[81,    21] loss: 0.4407 acc: 91.6667
[81,    22] loss: 0.0606 acc: 92.0455
[81,    23] loss: 0.0887 acc: 92.3913
[81,    24] loss: 1.8198 acc: 90.6250
[81,    25] loss: 0.1004 acc: 91.0000
[81,    26] loss: 0.1053 acc: 91.3462
[81,    27] loss: 0.5459 acc: 90.7407
[81,    28] loss: 0.3307 acc: 91.0714
[81,    29] loss: 0.9314 acc: 90.5172
[81,    30] loss: 0.3040 acc: 90.8333
[81,    31] loss: 1.0673 acc: 90.3226
[81,    32] loss: 0.1572 acc: 90.6250
[82,     1] loss: 0.3787 acc: 100.0000
[82,     2] loss: 0.7929 acc: 87.5000
[82,     3] loss: 0.0292 acc: 91.6667
[82,     4] loss: 0.2974 acc: 93.7500
[82,     5] loss: 0.0118 acc: 95.0000
[82,     6] loss: 0.6365 acc: 91.6667
[82,     7] loss: 0.1150 acc: 92.8571
[82,     8] loss: 0.0352 acc: 93.7500
[82,     9] loss: 0.0158 acc: 94.4444
[82,    10] loss: 0.0957 acc: 95.0000
[82,    11] loss: 0.0514 acc: 95.4545
[82,    12] loss: 0.1692 acc: 95.8333
[82,    13] loss: 1.5667 acc: 92.3077
[82,    14] loss: 0.0751 acc: 92.8571
[82,    15] loss: 0.5157 acc: 91.6667
[82,    16] loss: 0.4229 acc: 90.6250
[82,    17] loss: 0.2258 acc: 91.1765
[82,    18] loss: 0.0890 acc: 91.6667
[82,    19] loss: 0.1241 acc: 92.1053
[82,    20] loss: 0.4036 acc: 92.5000
[82,    21] loss: 0.0583 acc: 92.8571
[82,    22] loss: 0.1382 acc: 93.1818
[82,    23] loss: 0.1533 acc: 93.4783
[82,    24] loss: 0.0277 acc: 93.7500
[82,    25] loss: 0.2290 acc: 94.0000
[82,    26] loss: 0.0551 acc: 94.2308
[82,    27] loss: 0.4075 acc: 93.5185
[82,    28] loss: 0.1127 acc: 93.7500
[82,    29] loss: 0.2674 acc: 93.9655
[82,    30] loss: 0.2744 acc: 94.1667
[82,    31] loss: 0.1271 acc: 94.3548
[82,    32] loss: 0.0727 acc: 94.5312
[83,     1] loss: 1.1040 acc: 75.0000
[83,     2] loss: 1.2180 acc: 62.5000
[83,     3] loss: 0.4475 acc: 66.6667
[83,     4] loss: 0.0593 acc: 75.0000
[83,     5] loss: 0.1052 acc: 80.0000
[83,     6] loss: 0.1060 acc: 83.3333
[83,     7] loss: 0.5125 acc: 82.1429
[83,     8] loss: 0.4946 acc: 81.2500
[83,     9] loss: 0.1707 acc: 83.3333
[83,    10] loss: 0.4497 acc: 82.5000
[83,    11] loss: 0.1234 acc: 84.0909
[83,    12] loss: 0.6969 acc: 81.2500
[83,    13] loss: 0.1460 acc: 82.6923
[83,    14] loss: 0.1125 acc: 83.9286
[83,    15] loss: 0.6364 acc: 83.3333
[83,    16] loss: 0.0997 acc: 84.3750
[83,    17] loss: 0.6503 acc: 83.8235
[83,    18] loss: 1.5962 acc: 81.9444
[83,    19] loss: 0.0171 acc: 82.8947
[83,    20] loss: 1.0802 acc: 82.5000
[83,    21] loss: 1.3156 acc: 80.9524
[83,    22] loss: 0.0600 acc: 81.8182
[83,    23] loss: 0.2975 acc: 81.5217
[83,    24] loss: 0.0364 acc: 82.2917
[83,    25] loss: 0.7453 acc: 82.0000
[83,    26] loss: 0.0345 acc: 82.6923
[83,    27] loss: 0.0848 acc: 83.3333
[83,    28] loss: 0.0170 acc: 83.9286
[83,    29] loss: 0.2739 acc: 83.6207
[83,    30] loss: 0.5309 acc: 83.3333
[83,    31] loss: 0.0685 acc: 83.8710
[83,    32] loss: 0.1135 acc: 84.3750
[84,     1] loss: 0.0436 acc: 100.0000
[84,     2] loss: 0.2362 acc: 100.0000
[84,     3] loss: 0.4944 acc: 91.6667
[84,     4] loss: 0.2091 acc: 93.7500
[84,     5] loss: 1.3004 acc: 90.0000
[84,     6] loss: 0.0787 acc: 91.6667
[84,     7] loss: 0.3867 acc: 92.8571
[84,     8] loss: 0.3638 acc: 90.6250
[84,     9] loss: 0.2507 acc: 91.6667
[84,    10] loss: 1.0141 acc: 90.0000
[84,    11] loss: 0.6153 acc: 86.3636
[84,    12] loss: 1.6722 acc: 85.4167
[84,    13] loss: 0.1286 acc: 86.5385
[84,    14] loss: 0.0386 acc: 87.5000
[84,    15] loss: 0.4253 acc: 86.6667
[84,    16] loss: 0.5097 acc: 85.9375
[84,    17] loss: 1.3571 acc: 85.2941
[84,    18] loss: 0.1481 acc: 86.1111
[84,    19] loss: 0.7383 acc: 85.5263
[84,    20] loss: 0.0475 acc: 86.2500
[84,    21] loss: 0.5814 acc: 85.7143
[84,    22] loss: 0.2164 acc: 86.3636
[84,    23] loss: 0.6665 acc: 84.7826
[84,    24] loss: 0.7188 acc: 84.3750
[84,    25] loss: 0.0326 acc: 85.0000
[84,    26] loss: 0.0392 acc: 85.5769
[84,    27] loss: 0.0169 acc: 86.1111
[84,    28] loss: 0.4237 acc: 85.7143
[84,    29] loss: 1.7909 acc: 84.4828
[84,    30] loss: 0.2244 acc: 84.1667
[84,    31] loss: 0.0293 acc: 84.6774
[84,    32] loss: 0.0307 acc: 85.1562
[85,     1] loss: 0.2359 acc: 100.0000
[85,     2] loss: 0.6333 acc: 87.5000
[85,     3] loss: 0.4095 acc: 83.3333
[85,     4] loss: 0.1206 acc: 87.5000
[85,     5] loss: 0.5733 acc: 85.0000
[85,     6] loss: 0.6098 acc: 83.3333
[85,     7] loss: 0.3931 acc: 82.1429
[85,     8] loss: 0.0491 acc: 84.3750
[85,     9] loss: 0.1722 acc: 86.1111
[85,    10] loss: 0.0255 acc: 87.5000
[85,    11] loss: 0.0636 acc: 88.6364
[85,    12] loss: 0.0865 acc: 89.5833
[85,    13] loss: 0.1646 acc: 90.3846
[85,    14] loss: 0.2759 acc: 91.0714
[85,    15] loss: 0.2798 acc: 90.0000
[85,    16] loss: 0.5329 acc: 89.0625
[85,    17] loss: 1.1608 acc: 85.2941
[85,    18] loss: 0.4613 acc: 84.7222
[85,    19] loss: 0.5849 acc: 84.2105
[85,    20] loss: 0.5989 acc: 83.7500
[85,    21] loss: 0.5296 acc: 84.5238
[85,    22] loss: 0.2559 acc: 84.0909
[85,    23] loss: 1.4120 acc: 82.6087
[85,    24] loss: 0.6612 acc: 82.2917
[85,    25] loss: 0.5056 acc: 82.0000
[85,    26] loss: 0.4974 acc: 81.7308
[85,    27] loss: 0.7742 acc: 81.4815
[85,    28] loss: 0.0636 acc: 82.1429
[85,    29] loss: 0.2841 acc: 81.8966
[85,    30] loss: 0.7893 acc: 81.6667
[85,    31] loss: 1.1773 acc: 81.4516
[85,    32] loss: 0.6396 acc: 81.2500
[86,     1] loss: 0.9883 acc: 50.0000
[86,     2] loss: 0.7067 acc: 62.5000
[86,     3] loss: 0.0755 acc: 75.0000
[86,     4] loss: 0.0953 acc: 81.2500
[86,     5] loss: 1.7785 acc: 75.0000
[86,     6] loss: 0.2405 acc: 79.1667
[86,     7] loss: 0.0241 acc: 82.1429
[86,     8] loss: 0.0259 acc: 84.3750
[86,     9] loss: 0.0793 acc: 86.1111
[86,    10] loss: 0.1021 acc: 87.5000
[86,    11] loss: 0.0776 acc: 88.6364
[86,    12] loss: 0.3814 acc: 87.5000
[86,    13] loss: 1.1041 acc: 86.5385
[86,    14] loss: 0.6760 acc: 85.7143
[86,    15] loss: 0.2680 acc: 86.6667
[86,    16] loss: 0.1519 acc: 87.5000
[86,    17] loss: 0.9937 acc: 86.7647
[86,    18] loss: 0.2252 acc: 87.5000
[86,    19] loss: 0.1904 acc: 88.1579
[86,    20] loss: 0.1541 acc: 88.7500
[86,    21] loss: 0.6066 acc: 88.0952
[86,    22] loss: 0.0263 acc: 88.6364
[86,    23] loss: 0.3325 acc: 88.0435
[86,    24] loss: 0.1887 acc: 88.5417
[86,    25] loss: 0.3263 acc: 88.0000
[86,    26] loss: 0.3466 acc: 87.5000
[86,    27] loss: 0.1552 acc: 87.9630
[86,    28] loss: 0.5595 acc: 87.5000
[86,    29] loss: 1.4421 acc: 85.3448
[86,    30] loss: 0.0644 acc: 85.8333
[86,    31] loss: 0.1938 acc: 86.2903
[86,    32] loss: 0.3599 acc: 86.7188
[87,     1] loss: 0.1073 acc: 100.0000
[87,     2] loss: 0.7274 acc: 75.0000
[87,     3] loss: 0.9961 acc: 75.0000
[87,     4] loss: 0.1544 acc: 81.2500
[87,     5] loss: 1.4402 acc: 75.0000
[87,     6] loss: 0.3961 acc: 75.0000
[87,     7] loss: 0.2111 acc: 78.5714
[87,     8] loss: 0.3438 acc: 78.1250
[87,     9] loss: 1.0509 acc: 77.7778
[87,    10] loss: 0.0218 acc: 80.0000
[87,    11] loss: 0.0308 acc: 81.8182
[87,    12] loss: 0.6662 acc: 81.2500
[87,    13] loss: 0.4818 acc: 80.7692
[87,    14] loss: 0.9679 acc: 78.5714
[87,    15] loss: 0.1334 acc: 80.0000
[87,    16] loss: 0.0144 acc: 81.2500
[87,    17] loss: 0.0188 acc: 82.3529
[87,    18] loss: 0.4167 acc: 83.3333
[87,    19] loss: 0.5869 acc: 82.8947
[87,    20] loss: 0.1111 acc: 83.7500
[87,    21] loss: 0.1499 acc: 84.5238
[87,    22] loss: 0.0213 acc: 85.2273
[87,    23] loss: 0.7113 acc: 84.7826
[87,    24] loss: 0.0142 acc: 85.4167
[87,    25] loss: 0.0252 acc: 86.0000
[87,    26] loss: 0.0819 acc: 86.5385
[87,    27] loss: 0.2129 acc: 87.0370
[87,    28] loss: 0.7032 acc: 85.7143
[87,    29] loss: 0.2344 acc: 85.3448
[87,    30] loss: 0.3301 acc: 85.8333
[87,    31] loss: 0.9833 acc: 85.4839
[87,    32] loss: 0.8703 acc: 85.1562
[88,     1] loss: 0.1045 acc: 100.0000
[88,     2] loss: 0.4467 acc: 87.5000
[88,     3] loss: 0.3205 acc: 83.3333
[88,     4] loss: 0.1032 acc: 87.5000
[88,     5] loss: 0.8154 acc: 80.0000
[88,     6] loss: 1.7071 acc: 75.0000
[88,     7] loss: 0.0822 acc: 78.5714
[88,     8] loss: 2.3916 acc: 71.8750
[88,     9] loss: 0.1095 acc: 75.0000
[88,    10] loss: 0.1319 acc: 77.5000
[88,    11] loss: 0.2312 acc: 79.5455
[88,    12] loss: 0.1509 acc: 81.2500
[88,    13] loss: 0.1603 acc: 82.6923
[88,    14] loss: 0.0253 acc: 83.9286
[88,    15] loss: 0.0655 acc: 85.0000
[88,    16] loss: 0.0327 acc: 85.9375
[88,    17] loss: 0.5737 acc: 85.2941
[88,    18] loss: 1.2677 acc: 84.7222
[88,    19] loss: 0.1316 acc: 85.5263
[88,    20] loss: 0.3738 acc: 86.2500
[88,    21] loss: 1.2373 acc: 85.7143
[88,    22] loss: 0.3305 acc: 86.3636
[88,    23] loss: 0.0331 acc: 86.9565
[88,    24] loss: 1.0079 acc: 86.4583
[88,    25] loss: 0.1225 acc: 87.0000
[88,    26] loss: 0.3123 acc: 87.5000
[88,    27] loss: 0.0329 acc: 87.9630
[88,    28] loss: 0.3759 acc: 88.3929
[88,    29] loss: 0.6809 acc: 87.9310
[88,    30] loss: 0.0270 acc: 88.3333
[88,    31] loss: 1.0628 acc: 87.9032
[88,    32] loss: 0.2308 acc: 88.2812
[89,     1] loss: 0.0471 acc: 100.0000
[89,     2] loss: 0.7447 acc: 87.5000
[89,     3] loss: 0.1569 acc: 91.6667
[89,     4] loss: 1.0947 acc: 87.5000
[89,     5] loss: 0.1596 acc: 90.0000
[89,     6] loss: 0.0346 acc: 91.6667
[89,     7] loss: 0.3438 acc: 92.8571
[89,     8] loss: 0.1728 acc: 93.7500
[89,     9] loss: 0.0861 acc: 94.4444
[89,    10] loss: 0.1570 acc: 95.0000
[89,    11] loss: 0.0194 acc: 95.4545
[89,    12] loss: 0.1882 acc: 95.8333
[89,    13] loss: 0.0203 acc: 96.1538
[89,    14] loss: 0.3434 acc: 96.4286
[89,    15] loss: 0.3704 acc: 95.0000
[89,    16] loss: 0.1811 acc: 95.3125
[89,    17] loss: 1.3355 acc: 92.6471
[89,    18] loss: 0.0895 acc: 93.0556
[89,    19] loss: 0.2097 acc: 93.4211
[89,    20] loss: 0.1995 acc: 93.7500
[89,    21] loss: 1.1078 acc: 91.6667
[89,    22] loss: 0.3485 acc: 92.0455
[89,    23] loss: 1.0033 acc: 90.2174
[89,    24] loss: 1.8015 acc: 88.5417
[89,    25] loss: 0.0458 acc: 89.0000
[89,    26] loss: 1.5617 acc: 87.5000
[89,    27] loss: 2.0039 acc: 87.0370
[89,    28] loss: 0.2201 acc: 87.5000
[89,    29] loss: 0.0801 acc: 87.9310
[89,    30] loss: 0.0330 acc: 88.3333
[89,    31] loss: 0.0521 acc: 88.7097
[89,    32] loss: 0.1269 acc: 89.0625
[90,     1] loss: 1.0042 acc: 75.0000
[90,     2] loss: 0.4029 acc: 75.0000
[90,     3] loss: 0.5539 acc: 75.0000
[90,     4] loss: 0.1971 acc: 81.2500
[90,     5] loss: 0.7049 acc: 80.0000
[90,     6] loss: 0.0832 acc: 83.3333
[90,     7] loss: 0.5060 acc: 82.1429
[90,     8] loss: 0.0939 acc: 84.3750
[90,     9] loss: 0.1134 acc: 86.1111
[90,    10] loss: 0.3478 acc: 85.0000
[90,    11] loss: 0.2897 acc: 86.3636
[90,    12] loss: 0.1680 acc: 87.5000
[90,    13] loss: 0.6591 acc: 86.5385
[90,    14] loss: 0.3960 acc: 85.7143
[90,    15] loss: 1.4431 acc: 83.3333
[90,    16] loss: 0.1804 acc: 84.3750
[90,    17] loss: 0.5612 acc: 83.8235
[90,    18] loss: 0.6758 acc: 83.3333
[90,    19] loss: 0.0907 acc: 84.2105
[90,    20] loss: 0.2578 acc: 83.7500
[90,    21] loss: 0.0205 acc: 84.5238
[90,    22] loss: 0.0799 acc: 85.2273
[90,    23] loss: 0.4391 acc: 85.8696
[90,    24] loss: 1.5168 acc: 84.3750
[90,    25] loss: 0.2623 acc: 85.0000
[90,    26] loss: 0.0702 acc: 85.5769
[90,    27] loss: 0.3172 acc: 85.1852
[90,    28] loss: 0.8266 acc: 84.8214
[90,    29] loss: 2.2023 acc: 83.6207
[90,    30] loss: 0.9894 acc: 82.5000
[90,    31] loss: 0.0157 acc: 83.0645
[90,    32] loss: 1.5764 acc: 82.8125
[91,     1] loss: 0.0830 acc: 100.0000
[91,     2] loss: 1.2884 acc: 75.0000
[91,     3] loss: 0.1111 acc: 83.3333
[91,     4] loss: 0.0866 acc: 87.5000
[91,     5] loss: 0.8629 acc: 80.0000
[91,     6] loss: 0.0788 acc: 83.3333
[91,     7] loss: 1.1808 acc: 78.5714
[91,     8] loss: 1.3692 acc: 75.0000
[91,     9] loss: 0.0595 acc: 77.7778
[91,    10] loss: 0.0867 acc: 80.0000
[91,    11] loss: 0.3559 acc: 79.5455
[91,    12] loss: 0.1362 acc: 81.2500
[91,    13] loss: 0.2752 acc: 82.6923
[91,    14] loss: 0.4665 acc: 82.1429
[91,    15] loss: 0.1716 acc: 83.3333
[91,    16] loss: 1.4128 acc: 81.2500
[91,    17] loss: 0.0479 acc: 82.3529
[91,    18] loss: 1.1650 acc: 81.9444
[91,    19] loss: 2.2771 acc: 80.2632
[91,    20] loss: 0.0426 acc: 81.2500
[91,    21] loss: 0.0512 acc: 82.1429
[91,    22] loss: 1.0024 acc: 81.8182
[91,    23] loss: 0.3127 acc: 81.5217
[91,    24] loss: 0.1356 acc: 82.2917
[91,    25] loss: 0.6323 acc: 82.0000
[91,    26] loss: 0.0477 acc: 82.6923
[91,    27] loss: 0.5183 acc: 83.3333
[91,    28] loss: 0.1373 acc: 83.9286
[91,    29] loss: 0.0178 acc: 84.4828
[91,    30] loss: 0.0589 acc: 85.0000
[91,    31] loss: 0.0329 acc: 85.4839
[91,    32] loss: 0.0892 acc: 85.9375
[92,     1] loss: 0.9806 acc: 75.0000
[92,     2] loss: 0.1128 acc: 87.5000
[92,     3] loss: 0.0550 acc: 91.6667
[92,     4] loss: 0.6413 acc: 87.5000
[92,     5] loss: 1.0133 acc: 85.0000
[92,     6] loss: 1.2851 acc: 83.3333
[92,     7] loss: 0.5329 acc: 82.1429
[92,     8] loss: 0.0756 acc: 84.3750
[92,     9] loss: 0.2308 acc: 86.1111
[92,    10] loss: 0.0410 acc: 87.5000
[92,    11] loss: 0.7769 acc: 86.3636
[92,    12] loss: 0.2307 acc: 87.5000
[92,    13] loss: 0.1073 acc: 88.4615
[92,    14] loss: 0.3157 acc: 87.5000
[92,    15] loss: 0.5946 acc: 86.6667
[92,    16] loss: 1.8014 acc: 84.3750
[92,    17] loss: 0.6149 acc: 83.8235
[92,    18] loss: 2.9042 acc: 81.9444
[92,    19] loss: 0.0184 acc: 82.8947
[92,    20] loss: 0.0887 acc: 83.7500
[92,    21] loss: 0.0605 acc: 84.5238
[92,    22] loss: 0.0238 acc: 85.2273
[92,    23] loss: 0.0355 acc: 85.8696
[92,    24] loss: 2.2305 acc: 84.3750
[92,    25] loss: 0.6406 acc: 84.0000
[92,    26] loss: 0.0886 acc: 84.6154
[92,    27] loss: 0.7864 acc: 84.2593
[92,    28] loss: 0.7324 acc: 83.9286
[92,    29] loss: 0.0290 acc: 84.4828
[92,    30] loss: 0.8291 acc: 84.1667
[92,    31] loss: 0.0601 acc: 84.6774
[92,    32] loss: 0.0392 acc: 85.1562
[93,     1] loss: 2.2197 acc: 75.0000
[93,     2] loss: 0.4624 acc: 75.0000
[93,     3] loss: 0.2575 acc: 83.3333
[93,     4] loss: 0.5823 acc: 81.2500
[93,     5] loss: 0.1964 acc: 85.0000
[93,     6] loss: 0.0318 acc: 87.5000
[93,     7] loss: 0.0336 acc: 89.2857
[93,     8] loss: 0.2328 acc: 90.6250
[93,     9] loss: 0.3470 acc: 88.8889
[93,    10] loss: 0.1382 acc: 90.0000
[93,    11] loss: 0.2467 acc: 90.9091
[93,    12] loss: 0.6853 acc: 89.5833
[93,    13] loss: 0.5490 acc: 88.4615
[93,    14] loss: 0.5778 acc: 89.2857
[93,    15] loss: 0.0316 acc: 90.0000
[93,    16] loss: 0.1935 acc: 90.6250
[93,    17] loss: 0.2972 acc: 91.1765
[93,    18] loss: 0.0182 acc: 91.6667
[93,    19] loss: 0.0803 acc: 92.1053
[93,    20] loss: 0.0435 acc: 92.5000
[93,    21] loss: 0.2808 acc: 92.8571
[93,    22] loss: 0.0337 acc: 93.1818
[93,    23] loss: 0.2345 acc: 93.4783
[93,    24] loss: 0.3244 acc: 92.7083
[93,    25] loss: 1.5346 acc: 91.0000
[93,    26] loss: 0.0610 acc: 91.3462
[93,    27] loss: 0.0683 acc: 91.6667
[93,    28] loss: 0.3782 acc: 91.0714
[93,    29] loss: 0.0186 acc: 91.3793
[93,    30] loss: 0.0828 acc: 91.6667
[93,    31] loss: 0.0190 acc: 91.9355
[93,    32] loss: 0.1873 acc: 92.1875
[94,     1] loss: 0.7486 acc: 75.0000
[94,     2] loss: 1.0668 acc: 75.0000
[94,     3] loss: 0.2533 acc: 83.3333
[94,     4] loss: 0.0346 acc: 87.5000
[94,     5] loss: 1.4454 acc: 80.0000
[94,     6] loss: 0.0908 acc: 83.3333
[94,     7] loss: 0.3947 acc: 82.1429
[94,     8] loss: 0.1193 acc: 84.3750
[94,     9] loss: 0.4852 acc: 83.3333
[94,    10] loss: 0.2986 acc: 82.5000
[94,    11] loss: 0.0391 acc: 84.0909
[94,    12] loss: 0.0454 acc: 85.4167
[94,    13] loss: 0.0705 acc: 86.5385
[94,    14] loss: 0.0329 acc: 87.5000
[94,    15] loss: 0.0813 acc: 88.3333
[94,    16] loss: 0.6300 acc: 87.5000
[94,    17] loss: 0.0572 acc: 88.2353
[94,    18] loss: 0.1068 acc: 88.8889
[94,    19] loss: 0.6747 acc: 88.1579
[94,    20] loss: 0.3835 acc: 87.5000
[94,    21] loss: 0.0369 acc: 88.0952
[94,    22] loss: 0.0976 acc: 88.6364
[94,    23] loss: 0.1313 acc: 89.1304
[94,    24] loss: 0.4187 acc: 88.5417
[94,    25] loss: 0.2405 acc: 89.0000
[94,    26] loss: 0.1259 acc: 89.4231
[94,    27] loss: 0.1559 acc: 89.8148
[94,    28] loss: 0.5037 acc: 89.2857
[94,    29] loss: 0.3887 acc: 88.7931
[94,    30] loss: 0.5460 acc: 88.3333
[94,    31] loss: 0.1004 acc: 88.7097
[94,    32] loss: 0.0755 acc: 89.0625
[95,     1] loss: 0.2116 acc: 100.0000
[95,     2] loss: 0.4601 acc: 87.5000
[95,     3] loss: 0.7036 acc: 83.3333
[95,     4] loss: 0.8494 acc: 75.0000
[95,     5] loss: 0.5191 acc: 75.0000
[95,     6] loss: 0.0405 acc: 79.1667
[95,     7] loss: 0.3768 acc: 78.5714
[95,     8] loss: 0.0993 acc: 81.2500
[95,     9] loss: 0.0224 acc: 83.3333
[95,    10] loss: 0.0382 acc: 85.0000
[95,    11] loss: 1.8147 acc: 84.0909
[95,    12] loss: 0.1370 acc: 85.4167
[95,    13] loss: 0.0260 acc: 86.5385
[95,    14] loss: 1.5661 acc: 82.1429
[95,    15] loss: 0.0472 acc: 83.3333
[95,    16] loss: 0.4720 acc: 82.8125
[95,    17] loss: 0.5460 acc: 82.3529
[95,    18] loss: 0.1736 acc: 83.3333
[95,    19] loss: 0.5161 acc: 82.8947
[95,    20] loss: 0.9962 acc: 82.5000
[95,    21] loss: 1.3707 acc: 80.9524
[95,    22] loss: 1.1181 acc: 80.6818
[95,    23] loss: 0.0788 acc: 81.5217
[95,    24] loss: 0.0852 acc: 82.2917
[95,    25] loss: 0.0763 acc: 83.0000
[95,    26] loss: 1.7386 acc: 80.7692
[95,    27] loss: 0.0344 acc: 81.4815
[95,    28] loss: 0.0322 acc: 82.1429
[95,    29] loss: 0.0393 acc: 82.7586
[95,    30] loss: 0.0982 acc: 83.3333
[95,    31] loss: 0.1176 acc: 83.8710
[95,    32] loss: 0.0755 acc: 84.3750
[96,     1] loss: 1.3395 acc: 75.0000
[96,     2] loss: 0.0450 acc: 87.5000
[96,     3] loss: 0.2643 acc: 91.6667
[96,     4] loss: 0.0435 acc: 93.7500
[96,     5] loss: 0.1223 acc: 95.0000
[96,     6] loss: 0.3029 acc: 91.6667
[96,     7] loss: 0.6555 acc: 89.2857
[96,     8] loss: 0.1313 acc: 90.6250
[96,     9] loss: 0.1140 acc: 91.6667
[96,    10] loss: 1.1632 acc: 87.5000
[96,    11] loss: 1.1744 acc: 84.0909
[96,    12] loss: 0.0724 acc: 85.4167
[96,    13] loss: 0.0556 acc: 86.5385
[96,    14] loss: 0.0441 acc: 87.5000
[96,    15] loss: 0.0986 acc: 88.3333
[96,    16] loss: 0.1685 acc: 89.0625
[96,    17] loss: 0.1921 acc: 89.7059
[96,    18] loss: 0.0522 acc: 90.2778
[96,    19] loss: 0.4759 acc: 88.1579
[96,    20] loss: 0.1619 acc: 88.7500
[96,    21] loss: 0.0556 acc: 89.2857
[96,    22] loss: 0.0500 acc: 89.7727
[96,    23] loss: 0.0699 acc: 90.2174
[96,    24] loss: 0.0515 acc: 90.6250
[96,    25] loss: 0.2142 acc: 91.0000
[96,    26] loss: 0.2365 acc: 91.3462
[96,    27] loss: 0.0199 acc: 91.6667
[96,    28] loss: 0.3395 acc: 91.0714
[96,    29] loss: 0.0375 acc: 91.3793
[96,    30] loss: 0.0766 acc: 91.6667
[96,    31] loss: 0.0408 acc: 91.9355
[96,    32] loss: 0.0182 acc: 92.1875
[97,     1] loss: 0.0967 acc: 100.0000
[97,     2] loss: 0.6661 acc: 87.5000
[97,     3] loss: 1.1183 acc: 83.3333
[97,     4] loss: 0.4723 acc: 81.2500
[97,     5] loss: 0.0930 acc: 85.0000
[97,     6] loss: 0.0637 acc: 87.5000
[97,     7] loss: 0.0331 acc: 89.2857
[97,     8] loss: 1.5638 acc: 84.3750
[97,     9] loss: 0.2475 acc: 83.3333
[97,    10] loss: 0.0616 acc: 85.0000
[97,    11] loss: 0.6824 acc: 84.0909
[97,    12] loss: 0.0397 acc: 85.4167
[97,    13] loss: 0.0191 acc: 86.5385
[97,    14] loss: 0.0202 acc: 87.5000
[97,    15] loss: 0.2820 acc: 88.3333
[97,    16] loss: 1.2347 acc: 87.5000
[97,    17] loss: 0.0958 acc: 88.2353
[97,    18] loss: 0.1207 acc: 88.8889
[97,    19] loss: 0.1166 acc: 89.4737
[97,    20] loss: 0.0735 acc: 90.0000
[97,    21] loss: 0.1688 acc: 90.4762
[97,    22] loss: 0.0248 acc: 90.9091
[97,    23] loss: 1.5586 acc: 89.1304
[97,    24] loss: 0.0281 acc: 89.5833
[97,    25] loss: 0.0814 acc: 90.0000
[97,    26] loss: 0.1025 acc: 90.3846
[97,    27] loss: 0.0725 acc: 90.7407
[97,    28] loss: 0.0397 acc: 91.0714
[97,    29] loss: 0.4660 acc: 90.5172
[97,    30] loss: 0.6578 acc: 90.0000
[97,    31] loss: 0.4936 acc: 90.3226
[97,    32] loss: 0.3810 acc: 90.6250
[98,     1] loss: 0.5043 acc: 75.0000
[98,     2] loss: 0.0409 acc: 87.5000
[98,     3] loss: 2.7137 acc: 75.0000
[98,     4] loss: 0.0936 acc: 81.2500
[98,     5] loss: 0.0590 acc: 85.0000
[98,     6] loss: 0.3895 acc: 83.3333
[98,     7] loss: 0.6023 acc: 82.1429
[98,     8] loss: 0.0939 acc: 84.3750
[98,     9] loss: 0.1581 acc: 86.1111
[98,    10] loss: 0.2434 acc: 87.5000
[98,    11] loss: 0.0184 acc: 88.6364
[98,    12] loss: 0.4647 acc: 87.5000
[98,    13] loss: 0.0403 acc: 88.4615
[98,    14] loss: 0.1205 acc: 89.2857
[98,    15] loss: 0.0104 acc: 90.0000
[98,    16] loss: 0.1231 acc: 90.6250
[98,    17] loss: 1.2181 acc: 89.7059
[98,    18] loss: 0.1179 acc: 90.2778
[98,    19] loss: 0.9490 acc: 88.1579
[98,    20] loss: 0.3061 acc: 88.7500
[98,    21] loss: 0.3037 acc: 89.2857
[98,    22] loss: 0.2064 acc: 89.7727
[98,    23] loss: 0.1277 acc: 90.2174
[98,    24] loss: 0.0401 acc: 90.6250
[98,    25] loss: 0.2487 acc: 91.0000
[98,    26] loss: 0.1311 acc: 91.3462
[98,    27] loss: 0.0654 acc: 91.6667
[98,    28] loss: 0.8724 acc: 91.0714
[98,    29] loss: 0.0751 acc: 91.3793
[98,    30] loss: 0.0309 acc: 91.6667
[98,    31] loss: 1.3049 acc: 90.3226
[98,    32] loss: 0.0182 acc: 90.6250
[99,     1] loss: 0.8657 acc: 50.0000
[99,     2] loss: 0.3978 acc: 62.5000
[99,     3] loss: 0.1383 acc: 75.0000
[99,     4] loss: 2.0097 acc: 68.7500
[99,     5] loss: 0.2795 acc: 75.0000
[99,     6] loss: 0.0867 acc: 79.1667
[99,     7] loss: 0.0401 acc: 82.1429
[99,     8] loss: 0.5421 acc: 81.2500
[99,     9] loss: 1.2986 acc: 80.5556
[99,    10] loss: 0.1295 acc: 82.5000
[99,    11] loss: 0.4860 acc: 81.8182
[99,    12] loss: 1.2223 acc: 81.2500
[99,    13] loss: 0.1547 acc: 82.6923
[99,    14] loss: 0.0815 acc: 83.9286
[99,    15] loss: 2.7407 acc: 80.0000
[99,    16] loss: 2.0472 acc: 78.1250
[99,    17] loss: 0.9855 acc: 77.9412
[99,    18] loss: 0.0320 acc: 79.1667
[99,    19] loss: 0.0998 acc: 80.2632
[99,    20] loss: 0.5648 acc: 80.0000
[99,    21] loss: 0.3218 acc: 80.9524
[99,    22] loss: 0.0786 acc: 81.8182
[99,    23] loss: 0.5512 acc: 81.5217
[99,    24] loss: 0.5715 acc: 81.2500
[99,    25] loss: 0.0230 acc: 82.0000
[99,    26] loss: 0.7618 acc: 81.7308
[99,    27] loss: 0.1658 acc: 82.4074
[99,    28] loss: 0.0892 acc: 83.0357
[99,    29] loss: 1.0588 acc: 82.7586
[99,    30] loss: 0.0243 acc: 83.3333
[99,    31] loss: 0.0677 acc: 83.8710
[99,    32] loss: 0.0761 acc: 84.3750
[100,     1] loss: 0.4709 acc: 75.0000
[100,     2] loss: 0.0170 acc: 87.5000
[100,     3] loss: 1.0721 acc: 83.3333
[100,     4] loss: 0.4633 acc: 81.2500
[100,     5] loss: 1.1265 acc: 80.0000
[100,     6] loss: 0.3456 acc: 79.1667
[100,     7] loss: 0.1166 acc: 82.1429
[100,     8] loss: 0.1720 acc: 84.3750
[100,     9] loss: 0.0405 acc: 86.1111
[100,    10] loss: 0.0435 acc: 87.5000
[100,    11] loss: 1.2284 acc: 86.3636
[100,    12] loss: 0.2972 acc: 87.5000
[100,    13] loss: 0.1873 acc: 88.4615
[100,    14] loss: 0.4299 acc: 87.5000
[100,    15] loss: 0.2809 acc: 86.6667
[100,    16] loss: 0.0734 acc: 87.5000
[100,    17] loss: 0.2116 acc: 88.2353
[100,    18] loss: 0.1298 acc: 88.8889
[100,    19] loss: 0.0777 acc: 89.4737
[100,    20] loss: 0.1502 acc: 90.0000
[100,    21] loss: 0.3379 acc: 90.4762
[100,    22] loss: 0.1062 acc: 90.9091
[100,    23] loss: 0.1537 acc: 91.3043
[100,    24] loss: 0.1294 acc: 91.6667
[100,    25] loss: 0.0255 acc: 92.0000
[100,    26] loss: 0.1261 acc: 92.3077
[100,    27] loss: 0.2019 acc: 92.5926
[100,    28] loss: 0.2606 acc: 92.8571
[100,    29] loss: 0.0346 acc: 93.1034
[100,    30] loss: 0.0208 acc: 93.3333
[100,    31] loss: 0.0401 acc: 93.5484
[100,    32] loss: 0.2405 acc: 93.7500
93.45238095238095
[1,     1] loss: 2.6900 acc: 0.0000
[1,     2] loss: 2.3026 acc: 12.5000
[1,     3] loss: 6.3873 acc: 8.3333
[1,     4] loss: 2.1910 acc: 12.5000
[1,     5] loss: 2.3026 acc: 15.0000
[1,     6] loss: 2.3026 acc: 12.5000
[1,     7] loss: 3.5153 acc: 10.7143
[1,     8] loss: 5.3148 acc: 9.3750
[1,     9] loss: 2.7560 acc: 11.1111
[1,    10] loss: 2.2762 acc: 10.0000
[1,    11] loss: 2.2499 acc: 11.3636
[1,    12] loss: 4.7022 acc: 10.4167
[1,    13] loss: 2.2468 acc: 11.5385
[1,    14] loss: 2.3026 acc: 10.7143
[1,    15] loss: 2.3026 acc: 11.6667
[1,    16] loss: 2.2499 acc: 10.9375
[1,    17] loss: 2.3026 acc: 10.2941
[1,    18] loss: 2.3026 acc: 11.1111
[1,    19] loss: 2.2762 acc: 10.5263
[1,    20] loss: 2.2762 acc: 10.0000
[1,    21] loss: 2.2762 acc: 9.5238
[1,    22] loss: 2.2762 acc: 9.0909
[1,    23] loss: 2.2762 acc: 8.6957
[1,    24] loss: 14.4059 acc: 8.3333
[1,    25] loss: 2.2468 acc: 9.0000
[1,    26] loss: 2.3026 acc: 9.6154
[1,    27] loss: 1.7006 acc: 11.1111
[1,    28] loss: 6.7815 acc: 10.7143
[1,    29] loss: 2.3026 acc: 10.3448
[1,    30] loss: 2.2762 acc: 11.6667
[1,    31] loss: 2.2762 acc: 11.2903
[1,    32] loss: 2.3026 acc: 10.9375
[2,     1] loss: 8.0565 acc: 25.0000
[2,     2] loss: 2.2762 acc: 12.5000
[2,     3] loss: 8.0883 acc: 8.3333
[2,     4] loss: 8.5194 acc: 6.2500
[2,     5] loss: 2.3026 acc: 5.0000
[2,     6] loss: 2.2762 acc: 4.1667
[2,     7] loss: 2.2499 acc: 3.5714
[2,     8] loss: 8.0771 acc: 3.1250
[2,     9] loss: 2.2762 acc: 2.7778
[2,    10] loss: 8.0600 acc: 2.5000
[2,    11] loss: 2.2762 acc: 2.2727
[2,    12] loss: 8.6176 acc: 2.0833
[2,    13] loss: 7.4175 acc: 1.9231
[2,    14] loss: 2.2499 acc: 3.5714
[2,    15] loss: 2.2762 acc: 3.3333
[2,    16] loss: 6.6061 acc: 3.1250
[2,    17] loss: 2.2762 acc: 4.4118
[2,    18] loss: 2.2762 acc: 5.5556
[2,    19] loss: 2.2762 acc: 6.5789
[2,    20] loss: 2.3026 acc: 6.2500
[2,    21] loss: 2.2762 acc: 5.9524
[2,    22] loss: 2.2468 acc: 7.9545
[2,    23] loss: 7.4955 acc: 8.6957
[2,    24] loss: 2.3026 acc: 9.3750
[2,    25] loss: 2.4211 acc: 9.0000
[2,    26] loss: 2.3026 acc: 8.6538
[2,    27] loss: 8.0292 acc: 8.3333
[2,    28] loss: 2.2499 acc: 8.0357
[2,    29] loss: 2.2762 acc: 7.7586
[2,    30] loss: 2.2271 acc: 7.5000
[2,    31] loss: 2.3026 acc: 7.2581
[2,    32] loss: 2.2468 acc: 7.0312
[3,     1] loss: 2.2762 acc: 25.0000
[3,     2] loss: 2.2762 acc: 12.5000
[3,     3] loss: 2.3026 acc: 8.3333
[3,     4] loss: 7.9964 acc: 6.2500
[3,     5] loss: 7.9000 acc: 5.0000
[3,     6] loss: 2.3026 acc: 8.3333
[3,     7] loss: 2.3026 acc: 7.1429
[3,     8] loss: 8.6001 acc: 6.2500
[3,     9] loss: 2.2762 acc: 5.5556
[3,    10] loss: 8.0576 acc: 7.5000
[3,    11] loss: 2.2762 acc: 6.8182
[3,    12] loss: 2.2762 acc: 8.3333
[3,    13] loss: 2.3026 acc: 7.6923
[3,    14] loss: 2.2499 acc: 10.7143
[3,    15] loss: 8.0869 acc: 10.0000
[3,    16] loss: 2.2762 acc: 9.3750
[3,    17] loss: 7.6921 acc: 8.8235
[3,    18] loss: 2.2499 acc: 8.3333
[3,    19] loss: 8.0490 acc: 9.2105
[3,    20] loss: 2.3026 acc: 10.0000
[3,    21] loss: 2.3026 acc: 9.5238
[3,    22] loss: 2.2762 acc: 9.0909
[3,    23] loss: 2.2762 acc: 8.6957
[3,    24] loss: 3.8275 acc: 8.3333
[3,    25] loss: 2.2762 acc: 8.0000
[3,    26] loss: 2.2762 acc: 7.6923
[3,    27] loss: 2.3026 acc: 7.4074
[3,    28] loss: 7.4162 acc: 7.1429
[3,    29] loss: 8.6323 acc: 7.7586
[3,    30] loss: 2.2762 acc: 7.5000
[3,    31] loss: 2.3026 acc: 7.2581
[3,    32] loss: 2.2205 acc: 7.0312
[4,     1] loss: 2.2236 acc: 0.0000
[4,     2] loss: 8.6642 acc: 0.0000
[4,     3] loss: 2.2762 acc: 0.0000
[4,     4] loss: 8.0536 acc: 0.0000
[4,     5] loss: 2.2762 acc: 0.0000
[4,     6] loss: 2.1941 acc: 0.0000
[4,     7] loss: 8.6067 acc: 3.5714
[4,     8] loss: 2.2762 acc: 6.2500
[4,     9] loss: 2.2499 acc: 8.3333
[4,    10] loss: 8.0489 acc: 10.0000
[4,    11] loss: 2.2762 acc: 9.0909
[4,    12] loss: 2.2499 acc: 8.3333
[4,    13] loss: 2.2468 acc: 9.6154
[4,    14] loss: 2.3026 acc: 8.9286
[4,    15] loss: 2.2762 acc: 8.3333
[4,    16] loss: 2.3026 acc: 7.8125
[4,    17] loss: 2.2499 acc: 7.3529
[4,    18] loss: 2.3026 acc: 6.9444
[4,    19] loss: 2.3026 acc: 7.8947
[4,    20] loss: 2.2762 acc: 7.5000
[4,    21] loss: 4.5626 acc: 7.1429
[4,    22] loss: 2.2499 acc: 6.8182
[4,    23] loss: 2.3026 acc: 6.5217
[4,    24] loss: 2.2499 acc: 8.3333
[4,    25] loss: 7.7282 acc: 8.0000
[4,    26] loss: 5.2127 acc: 7.6923
[4,    27] loss: 2.2236 acc: 8.3333
[4,    28] loss: 1.7269 acc: 8.9286
[4,    29] loss: 2.2205 acc: 9.4828
[4,    30] loss: 2.2762 acc: 9.1667
[4,    31] loss: 2.2762 acc: 8.8710
[4,    32] loss: 2.3026 acc: 8.5938
[5,     1] loss: 2.2499 acc: 25.0000
[5,     2] loss: 7.2899 acc: 12.5000
[5,     3] loss: 2.2762 acc: 16.6667
[5,     4] loss: 2.2762 acc: 12.5000
[5,     5] loss: 2.2244 acc: 10.0000
[5,     6] loss: 2.2762 acc: 8.3333
[5,     7] loss: 1.7270 acc: 14.2857
[5,     8] loss: 6.0540 acc: 12.5000
[5,     9] loss: 2.2499 acc: 16.6667
[5,    10] loss: 2.2468 acc: 17.5000
[5,    11] loss: 11.3736 acc: 15.9091
[5,    12] loss: 2.2762 acc: 14.5833
[5,    13] loss: 2.2499 acc: 15.3846
[5,    14] loss: 2.3026 acc: 14.2857
[5,    15] loss: 2.2205 acc: 13.3333
[5,    16] loss: 2.2762 acc: 12.5000
[5,    17] loss: 2.2762 acc: 11.7647
[5,    18] loss: 2.2762 acc: 11.1111
[5,    19] loss: 8.5806 acc: 11.8421
[5,    20] loss: 2.2762 acc: 11.2500
[5,    21] loss: 2.2763 acc: 10.7143
[5,    22] loss: 2.2762 acc: 11.3636
[5,    23] loss: 2.2205 acc: 13.0435
[5,    24] loss: 2.2499 acc: 12.5000
[5,    25] loss: 2.3026 acc: 13.0000
[5,    26] loss: 8.5126 acc: 12.5000
[5,    27] loss: 2.2499 acc: 12.0370
[5,    28] loss: 2.2762 acc: 11.6071
[5,    29] loss: 2.2205 acc: 12.9310
[5,    30] loss: 2.3026 acc: 12.5000
[5,    31] loss: 2.2236 acc: 12.0968
[5,    32] loss: 2.2762 acc: 11.7188
[6,     1] loss: 2.2762 acc: 25.0000
[6,     2] loss: 1.6458 acc: 25.0000
[6,     3] loss: 8.3297 acc: 25.0000
[6,     4] loss: 2.2499 acc: 18.7500
[6,     5] loss: 2.2765 acc: 20.0000
[6,     6] loss: 2.1941 acc: 20.8333
[6,     7] loss: 2.2499 acc: 17.8571
[6,     8] loss: 2.2499 acc: 15.6250
[6,     9] loss: 2.2762 acc: 13.8889
[6,    10] loss: 2.2762 acc: 12.5000
[6,    11] loss: 2.2409 acc: 11.3636
[6,    12] loss: 2.1941 acc: 12.5000
[6,    13] loss: 2.2205 acc: 11.5385
[6,    14] loss: 2.1941 acc: 10.7143
[6,    15] loss: 2.2468 acc: 10.0000
[6,    16] loss: 2.2762 acc: 9.3750
[6,    17] loss: 2.2499 acc: 11.7647
[6,    18] loss: 2.2762 acc: 12.5000
[6,    19] loss: 2.2499 acc: 11.8421
[6,    20] loss: 2.2468 acc: 12.5000
[6,    21] loss: 2.3026 acc: 11.9048
[6,    22] loss: 2.2468 acc: 12.5000
[6,    23] loss: 2.2762 acc: 11.9565
[6,    24] loss: 6.9380 acc: 12.5000
[6,    25] loss: 2.2762 acc: 13.0000
[6,    26] loss: 7.6844 acc: 13.4615
[6,    27] loss: 2.2236 acc: 12.9630
[6,    28] loss: 2.2762 acc: 12.5000
[6,    29] loss: 2.2762 acc: 12.9310
[6,    30] loss: 12.2092 acc: 13.3333
[6,    31] loss: 7.6089 acc: 12.9032
[6,    32] loss: 2.2205 acc: 12.5000
[7,     1] loss: 2.3026 acc: 0.0000
[7,     2] loss: 2.2762 acc: 0.0000
[7,     3] loss: 2.2762 acc: 8.3333
[7,     4] loss: 2.2499 acc: 6.2500
[7,     5] loss: 2.3026 acc: 10.0000
[7,     6] loss: 7.7884 acc: 8.3333
[7,     7] loss: 2.2236 acc: 7.1429
[7,     8] loss: 2.2762 acc: 9.3750
[7,     9] loss: 2.1871 acc: 11.1111
[7,    10] loss: 2.2499 acc: 10.0000
[7,    11] loss: 2.2499 acc: 11.3636
[7,    12] loss: 2.2205 acc: 12.5000
[7,    13] loss: 2.2499 acc: 11.5385
[7,    14] loss: 2.3026 acc: 12.5000
[7,    15] loss: 8.6598 acc: 11.6667
[7,    16] loss: 2.3026 acc: 14.0625
[7,    17] loss: 2.2763 acc: 13.2353
[7,    18] loss: 2.2762 acc: 12.5000
[7,    19] loss: 2.2762 acc: 13.1579
[7,    20] loss: 4.0613 acc: 12.5000
[7,    21] loss: 2.2762 acc: 11.9048
[7,    22] loss: 4.4742 acc: 11.3636
[7,    23] loss: 2.2762 acc: 10.8696
[7,    24] loss: 2.2762 acc: 10.4167
[7,    25] loss: 8.6520 acc: 10.0000
[7,    26] loss: 2.3026 acc: 9.6154
[7,    27] loss: 8.5892 acc: 9.2593
[7,    28] loss: 2.2762 acc: 8.9286
[7,    29] loss: 2.2762 acc: 9.4828
[7,    30] loss: 2.2205 acc: 10.0000
[7,    31] loss: 2.3026 acc: 9.6774
[7,    32] loss: 2.3026 acc: 9.3750
[8,     1] loss: 8.0584 acc: 25.0000
[8,     2] loss: 2.3026 acc: 12.5000
[8,     3] loss: 2.2762 acc: 33.3333
[8,     4] loss: 2.1941 acc: 31.2500
[8,     5] loss: 2.2499 acc: 30.0000
[8,     6] loss: 2.2205 acc: 25.0000
[8,     7] loss: 2.2762 acc: 21.4286
[8,     8] loss: 2.2205 acc: 25.0000
[8,     9] loss: 13.0462 acc: 22.2222
[8,    10] loss: 3.1724 acc: 20.0000
[8,    11] loss: 2.2762 acc: 18.1818
[8,    12] loss: 4.9199 acc: 16.6667
[8,    13] loss: 2.2205 acc: 15.3846
[8,    14] loss: 8.0042 acc: 16.0714
[8,    15] loss: 2.2468 acc: 15.0000
[8,    16] loss: 2.2499 acc: 14.0625
[8,    17] loss: 2.2499 acc: 14.7059
[8,    18] loss: 2.2762 acc: 13.8889
[8,    19] loss: 8.5654 acc: 13.1579
[8,    20] loss: 2.2468 acc: 12.5000
[8,    21] loss: 8.4700 acc: 11.9048
[8,    22] loss: 2.3026 acc: 12.5000
[8,    23] loss: 2.2205 acc: 11.9565
[8,    24] loss: 2.1941 acc: 11.4583
[8,    25] loss: 2.2205 acc: 12.0000
[8,    26] loss: 2.2762 acc: 12.5000
[8,    27] loss: 2.2762 acc: 12.9630
[8,    28] loss: 2.2205 acc: 12.5000
[8,    29] loss: 2.2762 acc: 12.0690
[8,    30] loss: 2.2236 acc: 11.6667
[8,    31] loss: 2.3026 acc: 11.2903
[8,    32] loss: 2.2499 acc: 10.9375
[9,     1] loss: 2.2762 acc: 25.0000
[9,     2] loss: 2.2499 acc: 25.0000
[9,     3] loss: 2.2762 acc: 16.6667
[9,     4] loss: 2.3026 acc: 18.7500
[9,     5] loss: 2.2499 acc: 25.0000
[9,     6] loss: 2.2499 acc: 20.8333
[9,     7] loss: 2.2762 acc: 17.8571
[9,     8] loss: 2.2499 acc: 15.6250
[9,     9] loss: 2.2499 acc: 13.8889
[9,    10] loss: 2.3026 acc: 12.5000
[9,    11] loss: 2.3026 acc: 11.3636
[9,    12] loss: 2.2762 acc: 12.5000
[9,    13] loss: 2.2762 acc: 13.4615
[9,    14] loss: 2.2499 acc: 12.5000
[9,    15] loss: 2.2762 acc: 11.6667
[9,    16] loss: 2.1647 acc: 10.9375
[9,    17] loss: 2.2762 acc: 10.2941
[9,    18] loss: 7.1681 acc: 11.1111
[9,    19] loss: 2.2762 acc: 11.8421
[9,    20] loss: 2.2762 acc: 12.5000
[9,    21] loss: 7.0923 acc: 13.0952
[9,    22] loss: 2.3026 acc: 12.5000
[9,    23] loss: 8.5804 acc: 11.9565
[9,    24] loss: 2.2205 acc: 11.4583
[9,    25] loss: 2.3026 acc: 11.0000
[9,    26] loss: 2.2781 acc: 11.5385
[9,    27] loss: 2.3026 acc: 11.1111
[9,    28] loss: 2.2205 acc: 10.7143
[9,    29] loss: 2.3026 acc: 11.2069
[9,    30] loss: 2.3026 acc: 11.6667
[9,    31] loss: 2.2499 acc: 11.2903
[9,    32] loss: 2.2500 acc: 10.9375
[10,     1] loss: 2.2236 acc: 25.0000
[10,     2] loss: 2.2205 acc: 12.5000
[10,     3] loss: 2.2499 acc: 8.3333
[10,     4] loss: 2.2762 acc: 6.2500
[10,     5] loss: 2.2499 acc: 5.0000
[10,     6] loss: 2.3026 acc: 4.1667
[10,     7] loss: 2.2205 acc: 3.5714
[10,     8] loss: 2.2278 acc: 3.1250
[10,     9] loss: 8.0303 acc: 2.7778
[10,    10] loss: 8.6638 acc: 2.5000
[10,    11] loss: 8.5834 acc: 2.2727
[10,    12] loss: 2.1941 acc: 4.1667
[10,    13] loss: 2.2499 acc: 3.8462
[10,    14] loss: 2.2205 acc: 5.3571
[10,    15] loss: 2.2763 acc: 5.0000
[10,    16] loss: 2.2763 acc: 4.6875
[10,    17] loss: 2.2762 acc: 5.8824
[10,    18] loss: 2.2762 acc: 5.5556
[10,    19] loss: 2.9299 acc: 5.2632
[10,    20] loss: 2.2499 acc: 5.0000
[10,    21] loss: 2.2762 acc: 4.7619
[10,    22] loss: 8.6374 acc: 5.6818
[10,    23] loss: 2.2468 acc: 5.4348
[10,    24] loss: 2.2613 acc: 6.2500
[10,    25] loss: 2.2468 acc: 6.0000
[10,    26] loss: 2.2205 acc: 7.6923
[10,    27] loss: 2.3026 acc: 7.4074
[10,    28] loss: 2.2762 acc: 8.0357
[10,    29] loss: 2.2499 acc: 7.7586
[10,    30] loss: 2.2499 acc: 7.5000
[10,    31] loss: 2.2499 acc: 7.2581
[10,    32] loss: 8.6125 acc: 7.8125
[11,     1] loss: 2.3026 acc: 25.0000
[11,     2] loss: 2.2762 acc: 25.0000
[11,     3] loss: 2.2762 acc: 25.0000
[11,     4] loss: 2.2768 acc: 31.2500
[11,     5] loss: 2.2499 acc: 25.0000
[11,     6] loss: 2.2499 acc: 29.1667
[11,     7] loss: 2.2501 acc: 28.5714
[11,     8] loss: 2.2762 acc: 25.0000
[11,     9] loss: 2.2468 acc: 25.0000
[11,    10] loss: 8.6056 acc: 22.5000
[11,    11] loss: 8.6363 acc: 22.7273
[11,    12] loss: 2.3026 acc: 20.8333
[11,    13] loss: 2.2762 acc: 19.2308
[11,    14] loss: 2.2468 acc: 17.8571
[11,    15] loss: 2.2762 acc: 16.6667
[11,    16] loss: 2.2762 acc: 15.6250
[11,    17] loss: 2.3026 acc: 16.1765
[11,    18] loss: 2.2499 acc: 15.2778
[11,    19] loss: 2.2236 acc: 14.4737
[11,    20] loss: 2.3026 acc: 13.7500
[11,    21] loss: 2.2762 acc: 13.0952
[11,    22] loss: 2.3917 acc: 12.5000
[11,    23] loss: 2.2499 acc: 11.9565
[11,    24] loss: 2.3026 acc: 11.4583
[11,    25] loss: 2.2762 acc: 12.0000
[11,    26] loss: 8.6021 acc: 11.5385
[11,    27] loss: 2.2205 acc: 11.1111
[11,    28] loss: 2.3026 acc: 10.7143
[11,    29] loss: 2.1607 acc: 11.2069
[11,    30] loss: 2.1972 acc: 10.8333
[11,    31] loss: 8.6479 acc: 10.4839
[11,    32] loss: 2.2762 acc: 10.1562
[12,     1] loss: 2.2236 acc: 25.0000
[12,     2] loss: 2.2468 acc: 12.5000
[12,     3] loss: 8.5286 acc: 8.3333
[12,     4] loss: 2.2499 acc: 6.2500
[12,     5] loss: 2.2762 acc: 5.0000
[12,     6] loss: 2.2762 acc: 4.1667
[12,     7] loss: 2.2499 acc: 7.1429
[12,     8] loss: 2.3026 acc: 9.3750
[12,     9] loss: 2.3026 acc: 8.3333
[12,    10] loss: 2.2762 acc: 12.5000
[12,    11] loss: 2.2762 acc: 11.3636
[12,    12] loss: 2.2205 acc: 12.5000
[12,    13] loss: 2.2762 acc: 11.5385
[12,    14] loss: 2.2236 acc: 10.7143
[12,    15] loss: 2.2762 acc: 10.0000
[12,    16] loss: 2.3026 acc: 9.3750
[12,    17] loss: 2.2236 acc: 8.8235
[12,    18] loss: 2.2762 acc: 9.7222
[12,    19] loss: 2.3026 acc: 10.5263
[12,    20] loss: 2.2468 acc: 11.2500
[12,    21] loss: 2.2762 acc: 10.7143
[12,    22] loss: 2.1910 acc: 10.2273
[12,    23] loss: 2.2762 acc: 9.7826
[12,    24] loss: 2.3026 acc: 9.3750
[12,    25] loss: 2.3026 acc: 9.0000
[12,    26] loss: 2.2762 acc: 8.6538
[12,    27] loss: 2.2762 acc: 8.3333
[12,    28] loss: 3.2842 acc: 8.0357
[12,    29] loss: 8.6316 acc: 8.6207
[12,    30] loss: 2.2762 acc: 9.1667
[12,    31] loss: 2.2762 acc: 8.8710
[12,    32] loss: 8.6380 acc: 9.3750
[13,     1] loss: 2.2468 acc: 25.0000
[13,     2] loss: 2.2499 acc: 25.0000
[13,     3] loss: 8.6385 acc: 16.6667
[13,     4] loss: 8.5787 acc: 18.7500
[13,     5] loss: 2.2762 acc: 20.0000
[13,     6] loss: 2.3026 acc: 16.6667
[13,     7] loss: 2.2762 acc: 14.2857
[13,     8] loss: 8.6653 acc: 15.6250
[13,     9] loss: 2.2205 acc: 13.8889
[13,    10] loss: 8.2533 acc: 12.5000
[13,    11] loss: 2.3026 acc: 13.6364
[13,    12] loss: 2.2762 acc: 12.5000
[13,    13] loss: 2.3026 acc: 13.4615
[13,    14] loss: 2.3026 acc: 14.2857
[13,    15] loss: 2.2499 acc: 15.0000
[13,    16] loss: 2.1313 acc: 14.0625
[13,    17] loss: 2.2762 acc: 16.1765
[13,    18] loss: 8.6087 acc: 15.2778
[13,    19] loss: 2.2205 acc: 14.4737
[13,    20] loss: 2.2499 acc: 15.0000
[13,    21] loss: 8.4833 acc: 14.2857
[13,    22] loss: 2.3026 acc: 14.7727
[13,    23] loss: 2.2236 acc: 14.1304
[13,    24] loss: 2.3026 acc: 14.5833
[13,    25] loss: 2.2762 acc: 15.0000
[13,    26] loss: 8.5393 acc: 14.4231
[13,    27] loss: 2.1678 acc: 13.8889
[13,    28] loss: 2.2762 acc: 14.2857
[13,    29] loss: 8.6359 acc: 13.7931
[13,    30] loss: 2.3026 acc: 13.3333
[13,    31] loss: 2.2762 acc: 13.7097
[13,    32] loss: 3.0549 acc: 14.0625
[14,     1] loss: 2.1941 acc: 25.0000
[14,     2] loss: 14.7441 acc: 12.5000
[14,     3] loss: 2.2762 acc: 16.6667
[14,     4] loss: 2.2762 acc: 12.5000
[14,     5] loss: 2.2499 acc: 10.0000
[14,     6] loss: 2.3026 acc: 12.5000
[14,     7] loss: 2.2468 acc: 14.2857
[14,     8] loss: 2.3026 acc: 12.5000
[14,     9] loss: 2.2762 acc: 13.8889
[14,    10] loss: 2.2236 acc: 15.0000
[14,    11] loss: 2.3026 acc: 13.6364
[14,    12] loss: 2.2499 acc: 12.5000
[14,    13] loss: 2.2762 acc: 11.5385
[14,    14] loss: 2.2468 acc: 10.7143
[14,    15] loss: 2.3026 acc: 10.0000
[14,    16] loss: 2.2762 acc: 9.3750
[14,    17] loss: 8.6026 acc: 8.8235
[14,    18] loss: 2.1871 acc: 8.3333
[14,    19] loss: 2.2762 acc: 9.2105
[14,    20] loss: 2.3026 acc: 11.2500
[14,    21] loss: 2.3026 acc: 10.7143
[14,    22] loss: 2.2762 acc: 10.2273
[14,    23] loss: 2.3026 acc: 9.7826
[14,    24] loss: 8.6166 acc: 10.4167
[14,    25] loss: 2.2762 acc: 10.0000
[14,    26] loss: 2.3026 acc: 10.5769
[14,    27] loss: 2.2762 acc: 10.1852
[14,    28] loss: 2.2762 acc: 9.8214
[14,    29] loss: 2.2499 acc: 9.4828
[14,    30] loss: 2.2762 acc: 10.8333
[14,    31] loss: 2.3026 acc: 11.2903
[14,    32] loss: 8.6096 acc: 10.9375
[15,     1] loss: 2.2236 acc: 25.0000
[15,     2] loss: 2.2762 acc: 12.5000
[15,     3] loss: 8.3820 acc: 8.3333
[15,     4] loss: 2.2762 acc: 6.2500
[15,     5] loss: 2.3026 acc: 5.0000
[15,     6] loss: 8.6292 acc: 4.1667
[15,     7] loss: 2.2499 acc: 3.5714
[15,     8] loss: 2.3026 acc: 6.2500
[15,     9] loss: 2.2499 acc: 5.5556
[15,    10] loss: 2.3026 acc: 5.0000
[15,    11] loss: 8.5738 acc: 4.5455
[15,    12] loss: 2.2762 acc: 4.1667
[15,    13] loss: 2.2499 acc: 5.7692
[15,    14] loss: 2.3026 acc: 7.1429
[15,    15] loss: 2.1683 acc: 8.3333
[15,    16] loss: 2.2468 acc: 7.8125
[15,    17] loss: 2.3026 acc: 7.3529
[15,    18] loss: 2.2499 acc: 8.3333
[15,    19] loss: 2.2499 acc: 7.8947
[15,    20] loss: 2.2762 acc: 7.5000
[15,    21] loss: 2.2762 acc: 7.1429
[15,    22] loss: 2.2468 acc: 6.8182
[15,    23] loss: 2.2205 acc: 6.5217
[15,    24] loss: 2.2762 acc: 7.2917
[15,    25] loss: 8.6352 acc: 7.0000
[15,    26] loss: 2.1941 acc: 7.6923
[15,    27] loss: 2.2468 acc: 7.4074
[15,    28] loss: 2.2762 acc: 7.1429
[15,    29] loss: 8.6648 acc: 6.8966
[15,    30] loss: 2.2762 acc: 6.6667
[15,    31] loss: 2.2205 acc: 8.0645
[15,    32] loss: 2.2468 acc: 8.5938
[16,     1] loss: 2.3026 acc: 0.0000
[16,     2] loss: 2.3026 acc: 0.0000
[16,     3] loss: 2.2499 acc: 0.0000
[16,     4] loss: 2.2236 acc: 0.0000
[16,     5] loss: 2.2499 acc: 0.0000
[16,     6] loss: 8.6101 acc: 0.0000
[16,     7] loss: 2.2762 acc: 0.0000
[16,     8] loss: 7.8897 acc: 0.0000
[16,     9] loss: 2.3026 acc: 0.0000
[16,    10] loss: 2.2762 acc: 0.0000
[16,    11] loss: 2.2208 acc: 0.0000
[16,    12] loss: 2.3026 acc: 0.0000
[16,    13] loss: 2.2499 acc: 0.0000
[16,    14] loss: 2.2768 acc: 1.7857
[16,    15] loss: 2.3026 acc: 1.6667
[16,    16] loss: 2.2499 acc: 3.1250
[16,    17] loss: 2.2499 acc: 2.9412
[16,    18] loss: 2.2762 acc: 2.7778
[16,    19] loss: 2.2499 acc: 3.9474
[16,    20] loss: 2.2762 acc: 5.0000
[16,    21] loss: 8.6653 acc: 4.7619
[16,    22] loss: 2.3026 acc: 5.6818
[16,    23] loss: 2.2236 acc: 5.4348
[16,    24] loss: 1.7269 acc: 6.2500
[16,    25] loss: 2.2762 acc: 6.0000
[16,    26] loss: 2.3026 acc: 6.7308
[16,    27] loss: 2.1871 acc: 6.4815
[16,    28] loss: 2.2762 acc: 6.2500
[16,    29] loss: 2.2762 acc: 6.0345
[16,    30] loss: 2.2762 acc: 5.8333
[16,    31] loss: 2.2762 acc: 6.4516
[16,    32] loss: 2.2205 acc: 7.0312
[17,     1] loss: 2.2499 acc: 25.0000
[17,     2] loss: 2.2236 acc: 12.5000
[17,     3] loss: 2.2468 acc: 8.3333
[17,     4] loss: 2.2236 acc: 12.5000
[17,     5] loss: 2.2762 acc: 10.0000
[17,     6] loss: 1.7006 acc: 12.5000
[17,     7] loss: 2.2499 acc: 14.2857
[17,     8] loss: 14.5221 acc: 12.5000
[17,     9] loss: 2.2499 acc: 11.1111
[17,    10] loss: 2.2499 acc: 10.0000
[17,    11] loss: 2.2762 acc: 9.0909
[17,    12] loss: 2.2762 acc: 12.5000
[17,    13] loss: 2.2499 acc: 11.5385
[17,    14] loss: 2.2468 acc: 10.7143
[17,    15] loss: 2.2762 acc: 10.0000
[17,    16] loss: 2.2762 acc: 10.9375
[17,    17] loss: 2.3026 acc: 11.7647
[17,    18] loss: 2.2205 acc: 11.1111
[17,    19] loss: 2.2762 acc: 10.5263
[17,    20] loss: 2.1941 acc: 11.2500
[17,    21] loss: 2.2236 acc: 10.7143
[17,    22] loss: 2.1678 acc: 10.2273
[17,    23] loss: 2.3026 acc: 10.8696
[17,    24] loss: 2.3026 acc: 10.4167
[17,    25] loss: 8.7298 acc: 10.0000
[17,    26] loss: 8.6078 acc: 9.6154
[17,    27] loss: 2.2231 acc: 10.1852
[17,    28] loss: 2.3026 acc: 9.8214
[17,    29] loss: 2.2499 acc: 10.3448
[17,    30] loss: 2.2762 acc: 11.6667
[17,    31] loss: 2.3026 acc: 12.0968
[17,    32] loss: 2.2499 acc: 12.5000
[18,     1] loss: 2.2499 acc: 0.0000
[18,     2] loss: 2.2762 acc: 0.0000
[18,     3] loss: 8.5955 acc: 16.6667
[18,     4] loss: 2.2499 acc: 12.5000
[18,     5] loss: 8.6654 acc: 10.0000
[18,     6] loss: 2.2762 acc: 8.3333
[18,     7] loss: 2.3026 acc: 14.2857
[18,     8] loss: 2.2499 acc: 12.5000
[18,     9] loss: 2.2468 acc: 13.8889
[18,    10] loss: 2.1607 acc: 15.0000
[18,    11] loss: 2.3026 acc: 13.6364
[18,    12] loss: 2.3026 acc: 14.5833
[18,    13] loss: 2.2468 acc: 13.4615
[18,    14] loss: 2.3026 acc: 12.5000
[18,    15] loss: 2.3026 acc: 13.3333
[18,    16] loss: 8.5416 acc: 14.0625
[18,    17] loss: 2.2762 acc: 13.2353
[18,    18] loss: 2.2499 acc: 12.5000
[18,    19] loss: 2.3026 acc: 13.1579
[18,    20] loss: 2.2499 acc: 12.5000
[18,    21] loss: 2.2236 acc: 11.9048
[18,    22] loss: 2.2499 acc: 11.3636
[18,    23] loss: 2.3026 acc: 10.8696
[18,    24] loss: 8.6384 acc: 10.4167
[18,    25] loss: 2.2762 acc: 10.0000
[18,    26] loss: 2.2762 acc: 9.6154
[18,    27] loss: 2.2762 acc: 9.2593
[18,    28] loss: 2.2762 acc: 10.7143
[18,    29] loss: 2.2499 acc: 10.3448
[18,    30] loss: 2.2762 acc: 10.0000
[18,    31] loss: 8.6337 acc: 9.6774
[18,    32] loss: 2.2762 acc: 9.3750
[19,     1] loss: 8.5982 acc: 0.0000
[19,     2] loss: 2.1941 acc: 0.0000
[19,     3] loss: 2.2762 acc: 0.0000
[19,     4] loss: 2.3026 acc: 6.2500
[19,     5] loss: 8.6600 acc: 5.0000
[19,     6] loss: 2.2499 acc: 4.1667
[19,     7] loss: 2.2236 acc: 3.5714
[19,     8] loss: 2.2499 acc: 3.1250
[19,     9] loss: 8.3875 acc: 2.7778
[19,    10] loss: 2.2762 acc: 2.5000
[19,    11] loss: 2.2236 acc: 2.2727
[19,    12] loss: 2.2205 acc: 4.1667
[19,    13] loss: 8.5724 acc: 3.8462
[19,    14] loss: 2.2499 acc: 3.5714
[19,    15] loss: 2.2762 acc: 5.0000
[19,    16] loss: 2.1678 acc: 6.2500
[19,    17] loss: 2.2762 acc: 8.8235
[19,    18] loss: 2.2762 acc: 8.3333
[19,    19] loss: 2.2762 acc: 7.8947
[19,    20] loss: 2.3026 acc: 8.7500
[19,    21] loss: 2.2762 acc: 8.3333
[19,    22] loss: 2.3026 acc: 7.9545
[19,    23] loss: 2.2762 acc: 8.6957
[19,    24] loss: 2.2762 acc: 8.3333
[19,    25] loss: 8.5788 acc: 8.0000
[19,    26] loss: 2.2762 acc: 7.6923
[19,    27] loss: 2.2499 acc: 7.4074
[19,    28] loss: 8.5712 acc: 7.1429
[19,    29] loss: 2.2236 acc: 6.8966
[19,    30] loss: 2.1941 acc: 6.6667
[19,    31] loss: 2.1941 acc: 7.2581
[19,    32] loss: 2.2762 acc: 7.0312
[20,     1] loss: 8.5645 acc: 25.0000
[20,     2] loss: 2.2762 acc: 25.0000
[20,     3] loss: 2.2468 acc: 25.0000
[20,     4] loss: 2.2762 acc: 18.7500
[20,     5] loss: 2.3026 acc: 15.0000
[20,     6] loss: 2.2762 acc: 12.5000
[20,     7] loss: 2.3026 acc: 14.2857
[20,     8] loss: 2.2762 acc: 12.5000
[20,     9] loss: 2.2499 acc: 13.8889
[20,    10] loss: 2.3026 acc: 15.0000
[20,    11] loss: 2.2205 acc: 13.6364
[20,    12] loss: 2.3026 acc: 12.5000
[20,    13] loss: 2.3026 acc: 11.5385
[20,    14] loss: 2.2762 acc: 10.7143
[20,    15] loss: 2.3026 acc: 13.3333
[20,    16] loss: 2.2762 acc: 12.5000
[20,    17] loss: 2.3026 acc: 11.7647
[20,    18] loss: 2.2762 acc: 11.1111
[20,    19] loss: 2.2236 acc: 10.5263
[20,    20] loss: 2.3026 acc: 11.2500
[20,    21] loss: 2.2468 acc: 10.7143
[20,    22] loss: 2.2499 acc: 11.3636
[20,    23] loss: 2.2499 acc: 10.8696
[20,    24] loss: 2.2499 acc: 10.4167
[20,    25] loss: 2.2499 acc: 10.0000
[20,    26] loss: 2.3026 acc: 9.6154
[20,    27] loss: 2.3026 acc: 11.1111
[20,    28] loss: 7.6252 acc: 10.7143
[20,    29] loss: 2.2762 acc: 11.2069
[20,    30] loss: 2.3026 acc: 11.6667
[20,    31] loss: 2.2468 acc: 11.2903
[20,    32] loss: 2.2762 acc: 11.7188
[21,     1] loss: 2.2499 acc: 25.0000
[21,     2] loss: 2.2499 acc: 12.5000
[21,     3] loss: 2.3026 acc: 8.3333
[21,     4] loss: 2.2762 acc: 6.2500
[21,     5] loss: 2.2762 acc: 5.0000
[21,     6] loss: 2.3026 acc: 4.1667
[21,     7] loss: 1.7006 acc: 7.1429
[21,     8] loss: 2.2468 acc: 6.2500
[21,     9] loss: 2.2236 acc: 8.3333
[21,    10] loss: 2.2762 acc: 12.5000
[21,    11] loss: 8.6389 acc: 13.6364
[21,    12] loss: 2.2468 acc: 14.5833
[21,    13] loss: 2.1871 acc: 13.4615
[21,    14] loss: 2.2762 acc: 14.2857
[21,    15] loss: 2.2762 acc: 13.3333
[21,    16] loss: 2.2205 acc: 12.5000
[21,    17] loss: 2.2762 acc: 14.7059
[21,    18] loss: 2.3026 acc: 13.8889
[21,    19] loss: 2.2236 acc: 13.1579
[21,    20] loss: 2.2762 acc: 12.5000
[21,    21] loss: 2.2762 acc: 13.0952
[21,    22] loss: 2.2762 acc: 12.5000
[21,    23] loss: 2.2762 acc: 13.0435
[21,    24] loss: 2.3026 acc: 12.5000
[21,    25] loss: 2.2762 acc: 13.0000
[21,    26] loss: 2.3026 acc: 12.5000
[21,    27] loss: 2.1910 acc: 12.9630
[21,    28] loss: 2.2468 acc: 12.5000
[21,    29] loss: 2.2762 acc: 12.0690
[21,    30] loss: 2.3026 acc: 13.3333
[21,    31] loss: 2.3026 acc: 14.5161
[21,    32] loss: 2.2468 acc: 14.8438
[22,     1] loss: 2.2762 acc: 0.0000
[22,     2] loss: 2.3026 acc: 12.5000
[22,     3] loss: 2.2762 acc: 25.0000
[22,     4] loss: 2.2762 acc: 31.2500
[22,     5] loss: 2.2762 acc: 30.0000
[22,     6] loss: 2.3026 acc: 29.1667
[22,     7] loss: 2.2762 acc: 28.5714
[22,     8] loss: 2.2499 acc: 28.1250
[22,     9] loss: 2.2762 acc: 25.0000
[22,    10] loss: 2.2762 acc: 22.5000
[22,    11] loss: 2.3026 acc: 20.4545
[22,    12] loss: 2.3026 acc: 20.8333
[22,    13] loss: 2.2762 acc: 21.1538
[22,    14] loss: 2.3026 acc: 21.4286
[22,    15] loss: 8.1018 acc: 21.6667
[22,    16] loss: 3.6022 acc: 20.3125
[22,    17] loss: 1.7006 acc: 20.5882
[22,    18] loss: 8.6126 acc: 19.4444
[22,    19] loss: 2.2499 acc: 18.4211
[22,    20] loss: 2.2499 acc: 18.7500
[22,    21] loss: 2.3026 acc: 17.8571
[22,    22] loss: 2.3026 acc: 17.0455
[22,    23] loss: 2.2762 acc: 17.3913
[22,    24] loss: 7.7438 acc: 16.6667
[22,    25] loss: 2.3026 acc: 18.0000
[22,    26] loss: 8.5206 acc: 17.3077
[22,    27] loss: 3.4707 acc: 16.6667
[22,    28] loss: 2.2762 acc: 16.9643
[22,    29] loss: 2.3026 acc: 16.3793
[22,    30] loss: 2.2468 acc: 16.6667
[22,    31] loss: 2.3026 acc: 16.1290
[22,    32] loss: 2.2762 acc: 15.6250
[23,     1] loss: 2.2762 acc: 0.0000
[23,     2] loss: 8.6644 acc: 12.5000
[23,     3] loss: 2.2762 acc: 8.3333
[23,     4] loss: 8.6585 acc: 6.2500
[23,     5] loss: 2.2762 acc: 5.0000
[23,     6] loss: 2.2499 acc: 12.5000
[23,     7] loss: 2.2762 acc: 17.8571
[23,     8] loss: 8.5691 acc: 15.6250
[23,     9] loss: 2.2499 acc: 13.8889
[23,    10] loss: 2.2499 acc: 12.5000
[23,    11] loss: 2.3026 acc: 11.3636
[23,    12] loss: 2.2205 acc: 10.4167
[23,    13] loss: 2.2762 acc: 9.6154
[23,    14] loss: 2.3026 acc: 8.9286
[23,    15] loss: 2.2499 acc: 8.3333
[23,    16] loss: 7.9888 acc: 7.8125
[23,    17] loss: 2.3026 acc: 7.3529
[23,    18] loss: 2.3026 acc: 8.3333
[23,    19] loss: 2.3026 acc: 7.8947
[23,    20] loss: 2.2499 acc: 7.5000
[23,    21] loss: 8.6379 acc: 8.3333
[23,    22] loss: 2.2468 acc: 9.0909
[23,    23] loss: 2.3026 acc: 10.8696
[23,    24] loss: 2.3026 acc: 10.4167
[23,    25] loss: 2.3026 acc: 10.0000
[23,    26] loss: 2.2499 acc: 9.6154
[23,    27] loss: 2.2762 acc: 10.1852
[23,    28] loss: 2.3026 acc: 9.8214
[23,    29] loss: 8.4953 acc: 9.4828
[23,    30] loss: 2.1986 acc: 9.1667
[23,    31] loss: 2.2205 acc: 8.8710
[23,    32] loss: 2.3026 acc: 10.1562
[24,     1] loss: 2.3026 acc: 0.0000
[24,     2] loss: 2.2236 acc: 0.0000
[24,     3] loss: 2.3026 acc: 16.6667
[24,     4] loss: 2.3026 acc: 18.7500
[24,     5] loss: 2.2205 acc: 20.0000
[24,     6] loss: 2.3026 acc: 16.6667
[24,     7] loss: 2.1941 acc: 14.2857
[24,     8] loss: 8.6653 acc: 12.5000
[24,     9] loss: 2.2499 acc: 11.1111
[24,    10] loss: 2.2499 acc: 10.0000
[24,    11] loss: 2.2499 acc: 9.0909
[24,    12] loss: 2.3026 acc: 8.3333
[24,    13] loss: 2.2499 acc: 7.6923
[24,    14] loss: 8.6652 acc: 7.1429
[24,    15] loss: 2.3026 acc: 6.6667
[24,    16] loss: 1.6743 acc: 7.8125
[24,    17] loss: 2.2762 acc: 8.8235
[24,    18] loss: 2.2499 acc: 8.3333
[24,    19] loss: 2.2468 acc: 7.8947
[24,    20] loss: 2.2762 acc: 7.5000
[24,    21] loss: 2.2762 acc: 8.3333
[24,    22] loss: 2.3026 acc: 9.0909
[24,    23] loss: 2.3026 acc: 8.6957
[24,    24] loss: 1.7269 acc: 9.3750
[24,    25] loss: 1.7269 acc: 11.0000
[24,    26] loss: 2.1941 acc: 10.5769
[24,    27] loss: 2.3026 acc: 10.1852
[24,    28] loss: 8.6358 acc: 10.7143
[24,    29] loss: 2.2468 acc: 10.3448
[24,    30] loss: 2.2762 acc: 10.0000
[24,    31] loss: 2.1678 acc: 10.4839
[24,    32] loss: 2.2205 acc: 10.9375
[25,     1] loss: 2.2762 acc: 0.0000
[25,     2] loss: 8.5272 acc: 0.0000
[25,     3] loss: 2.2205 acc: 8.3333
[25,     4] loss: 2.2205 acc: 12.5000
[25,     5] loss: 8.4752 acc: 10.0000
[25,     6] loss: 2.2499 acc: 12.5000
[25,     7] loss: 2.2762 acc: 10.7143
[25,     8] loss: 8.2866 acc: 12.5000
[25,     9] loss: 2.2762 acc: 11.1111
[25,    10] loss: 2.2499 acc: 10.0000
[25,    11] loss: 2.3026 acc: 9.0909
[25,    12] loss: 2.3026 acc: 14.5833
[25,    13] loss: 2.2762 acc: 13.4615
[25,    14] loss: 2.2762 acc: 14.2857
[25,    15] loss: 2.2236 acc: 13.3333
[25,    16] loss: 2.2468 acc: 14.0625
[25,    17] loss: 2.1941 acc: 13.2353
[25,    18] loss: 1.7006 acc: 13.8889
[25,    19] loss: 2.3026 acc: 13.1579
[25,    20] loss: 2.2236 acc: 13.7500
[25,    21] loss: 2.2499 acc: 13.0952
[25,    22] loss: 2.2499 acc: 14.7727
[25,    23] loss: 2.1941 acc: 15.2174
[25,    24] loss: 2.2762 acc: 15.6250
[25,    25] loss: 2.2762 acc: 15.0000
[25,    26] loss: 2.2468 acc: 14.4231
[25,    27] loss: 2.1871 acc: 14.8148
[25,    28] loss: 2.2762 acc: 15.1786
[25,    29] loss: 2.3026 acc: 14.6552
[25,    30] loss: 2.2499 acc: 14.1667
[25,    31] loss: 2.2468 acc: 16.1290
[25,    32] loss: 2.2468 acc: 15.6250
[26,     1] loss: 2.2762 acc: 75.0000
[26,     2] loss: 2.3026 acc: 37.5000
[26,     3] loss: 2.2205 acc: 33.3333
[26,     4] loss: 2.3026 acc: 31.2500
[26,     5] loss: 2.2762 acc: 25.0000
[26,     6] loss: 2.2762 acc: 20.8333
[26,     7] loss: 2.1647 acc: 17.8571
[26,     8] loss: 2.2499 acc: 15.6250
[26,     9] loss: 2.2762 acc: 13.8889
[26,    10] loss: 8.6649 acc: 17.5000
[26,    11] loss: 2.2205 acc: 15.9091
[26,    12] loss: 2.2205 acc: 14.5833
[26,    13] loss: 2.3026 acc: 13.4615
[26,    14] loss: 2.2499 acc: 12.5000
[26,    15] loss: 2.2762 acc: 16.6667
[26,    16] loss: 7.6594 acc: 15.6250
[26,    17] loss: 2.2499 acc: 14.7059
[26,    18] loss: 8.6390 acc: 13.8889
[26,    19] loss: 2.2499 acc: 13.1579
[26,    20] loss: 2.2468 acc: 12.5000
[26,    21] loss: 8.6649 acc: 11.9048
[26,    22] loss: 2.3026 acc: 11.3636
[26,    23] loss: 2.2499 acc: 10.8696
[26,    24] loss: 2.2468 acc: 11.4583
[26,    25] loss: 2.3026 acc: 11.0000
[26,    26] loss: 2.3026 acc: 10.5769
[26,    27] loss: 2.2468 acc: 10.1852
[26,    28] loss: 2.5986 acc: 9.8214
[26,    29] loss: 2.2468 acc: 9.4828
[26,    30] loss: 2.3026 acc: 9.1667
[26,    31] loss: 2.3026 acc: 8.8710
[26,    32] loss: 2.2762 acc: 8.5938
[27,     1] loss: 2.2762 acc: 0.0000
[27,     2] loss: 2.2499 acc: 12.5000
[27,     3] loss: 2.2762 acc: 16.6667
[27,     4] loss: 2.2762 acc: 18.7500
[27,     5] loss: 2.2468 acc: 15.0000
[27,     6] loss: 2.2762 acc: 12.5000
[27,     7] loss: 2.3026 acc: 10.7143
[27,     8] loss: 2.2534 acc: 9.3750
[27,     9] loss: 2.2762 acc: 8.3333
[27,    10] loss: 2.2468 acc: 7.5000
[27,    11] loss: 2.2762 acc: 9.0909
[27,    12] loss: 2.2236 acc: 8.3333
[27,    13] loss: 2.2762 acc: 9.6154
[27,    14] loss: 2.2499 acc: 8.9286
[27,    15] loss: 2.1941 acc: 8.3333
[27,    16] loss: 2.2499 acc: 9.3750
[27,    17] loss: 2.2762 acc: 8.8235
[27,    18] loss: 2.2762 acc: 9.7222
[27,    19] loss: 2.2762 acc: 9.2105
[27,    20] loss: 2.3026 acc: 10.0000
[27,    21] loss: 2.3026 acc: 9.5238
[27,    22] loss: 8.6358 acc: 9.0909
[27,    23] loss: 2.2205 acc: 8.6957
[27,    24] loss: 2.2762 acc: 10.4167
[27,    25] loss: 2.2762 acc: 11.0000
[27,    26] loss: 8.6267 acc: 10.5769
[27,    27] loss: 2.2468 acc: 10.1852
[27,    28] loss: 2.3026 acc: 9.8214
[27,    29] loss: 2.2762 acc: 9.4828
[27,    30] loss: 2.2236 acc: 9.1667
[27,    31] loss: 2.2499 acc: 10.4839
[27,    32] loss: 2.2236 acc: 10.1562
[28,     1] loss: 2.2499 acc: 0.0000
[28,     2] loss: 2.2499 acc: 0.0000
[28,     3] loss: 2.2762 acc: 8.3333
[28,     4] loss: 2.3026 acc: 6.2500
[28,     5] loss: 2.2468 acc: 15.0000
[28,     6] loss: 2.2236 acc: 20.8333
[28,     7] loss: 2.2499 acc: 17.8571
[28,     8] loss: 2.2762 acc: 21.8750
[28,     9] loss: 2.2499 acc: 19.4444
[28,    10] loss: 2.2499 acc: 20.0000
[28,    11] loss: 2.2762 acc: 18.1818
[28,    12] loss: 14.9077 acc: 18.7500
[28,    13] loss: 2.2499 acc: 17.3077
[28,    14] loss: 2.3026 acc: 17.8571
[28,    15] loss: 2.2205 acc: 16.6667
[28,    16] loss: 2.3026 acc: 15.6250
[28,    17] loss: 2.2762 acc: 14.7059
[28,    18] loss: 2.2499 acc: 13.8889
[28,    19] loss: 2.1941 acc: 15.7895
[28,    20] loss: 2.2762 acc: 16.2500
[28,    21] loss: 2.2762 acc: 16.6667
[28,    22] loss: 2.2236 acc: 15.9091
[28,    23] loss: 2.3026 acc: 16.3043
[28,    24] loss: 2.1678 acc: 15.6250
[28,    25] loss: 2.2762 acc: 15.0000
[28,    26] loss: 2.3026 acc: 14.4231
[28,    27] loss: 2.2762 acc: 13.8889
[28,    28] loss: 2.1941 acc: 13.3929
[28,    29] loss: 2.2762 acc: 12.9310
[28,    30] loss: 2.3026 acc: 13.3333
[28,    31] loss: 2.2762 acc: 12.9032
[28,    32] loss: 8.4787 acc: 13.2812
[29,     1] loss: 2.2762 acc: 0.0000
[29,     2] loss: 2.2499 acc: 12.5000
[29,     3] loss: 2.2762 acc: 8.3333
[29,     4] loss: 2.2499 acc: 6.2500
[29,     5] loss: 8.4745 acc: 5.0000
[29,     6] loss: 2.2762 acc: 12.5000
[29,     7] loss: 2.3026 acc: 10.7143
[29,     8] loss: 2.3026 acc: 9.3750
[29,     9] loss: 2.2205 acc: 8.3333
[29,    10] loss: 2.1607 acc: 7.5000
[29,    11] loss: 2.2236 acc: 6.8182
[29,    12] loss: 2.2762 acc: 8.3333
[29,    13] loss: 3.2534 acc: 9.6154
[29,    14] loss: 2.2499 acc: 10.7143
[29,    15] loss: 2.3026 acc: 10.0000
[29,    16] loss: 2.2762 acc: 10.9375
[29,    17] loss: 2.2762 acc: 10.2941
[29,    18] loss: 2.2205 acc: 9.7222
[29,    19] loss: 2.3026 acc: 9.2105
[29,    20] loss: 2.3026 acc: 10.0000
[29,    21] loss: 2.3026 acc: 9.5238
[29,    22] loss: 2.2762 acc: 9.0909
[29,    23] loss: 2.2236 acc: 8.6957
[29,    24] loss: 2.2762 acc: 8.3333
[29,    25] loss: 2.3026 acc: 9.0000
[29,    26] loss: 2.3026 acc: 8.6538
[29,    27] loss: 2.2468 acc: 8.3333
[29,    28] loss: 2.3026 acc: 8.0357
[29,    29] loss: 8.6381 acc: 7.7586
[29,    30] loss: 2.2762 acc: 7.5000
[29,    31] loss: 2.2499 acc: 8.0645
[29,    32] loss: 2.2762 acc: 7.8125
[30,     1] loss: 2.3026 acc: 25.0000
[30,     2] loss: 8.6604 acc: 12.5000
[30,     3] loss: 13.2996 acc: 8.3333
[30,     4] loss: 2.2762 acc: 12.5000
[30,     5] loss: 2.1648 acc: 15.0000
[30,     6] loss: 2.2762 acc: 16.6667
[30,     7] loss: 2.2762 acc: 14.2857
[30,     8] loss: 2.3026 acc: 15.6250
[30,     9] loss: 2.3026 acc: 19.4444
[30,    10] loss: 2.2762 acc: 17.5000
[30,    11] loss: 2.2762 acc: 18.1818
[30,    12] loss: 2.2763 acc: 16.6667
[30,    13] loss: 2.3026 acc: 15.3846
[30,    14] loss: 2.3026 acc: 14.2857
[30,    15] loss: 2.1941 acc: 15.0000
[30,    16] loss: 2.3026 acc: 15.6250
[30,    17] loss: 2.2762 acc: 14.7059
[30,    18] loss: 2.2468 acc: 15.2778
[30,    19] loss: 2.2499 acc: 14.4737
[30,    20] loss: 2.2762 acc: 15.0000
[30,    21] loss: 2.3026 acc: 15.4762
[30,    22] loss: 2.3026 acc: 14.7727
[30,    23] loss: 2.3026 acc: 14.1304
[30,    24] loss: 2.2762 acc: 14.5833
[30,    25] loss: 2.2762 acc: 14.0000
[30,    26] loss: 2.1941 acc: 13.4615
[30,    27] loss: 7.8150 acc: 13.8889
[30,    28] loss: 2.3026 acc: 13.3929
[30,    29] loss: 1.7006 acc: 13.7931
[30,    30] loss: 6.5305 acc: 13.3333
[30,    31] loss: 2.3026 acc: 12.9032
[30,    32] loss: 2.2468 acc: 12.5000
[31,     1] loss: 2.2762 acc: 0.0000
[31,     2] loss: 2.2762 acc: 0.0000
[31,     3] loss: 1.7006 acc: 8.3333
[31,     4] loss: 6.0638 acc: 6.2500
[31,     5] loss: 2.2499 acc: 15.0000
[31,     6] loss: 2.2236 acc: 16.6667
[31,     7] loss: 2.3026 acc: 14.2857
[31,     8] loss: 2.2499 acc: 12.5000
[31,     9] loss: 2.2499 acc: 13.8889
[31,    10] loss: 2.2762 acc: 12.5000
[31,    11] loss: 2.2468 acc: 11.3636
[31,    12] loss: 2.2762 acc: 10.4167
[31,    13] loss: 2.2205 acc: 11.5385
[31,    14] loss: 2.2205 acc: 10.7143
[31,    15] loss: 8.6125 acc: 10.0000
[31,    16] loss: 2.3026 acc: 9.3750
[31,    17] loss: 4.5815 acc: 8.8235
[31,    18] loss: 8.1244 acc: 9.7222
[31,    19] loss: 2.3026 acc: 9.2105
[31,    20] loss: 2.3026 acc: 8.7500
[31,    21] loss: 2.2762 acc: 8.3333
[31,    22] loss: 2.2499 acc: 7.9545
[31,    23] loss: 2.2236 acc: 8.6957
[31,    24] loss: 2.2762 acc: 8.3333
[31,    25] loss: 2.3026 acc: 8.0000
[31,    26] loss: 1.7269 acc: 8.6538
[31,    27] loss: 6.3969 acc: 8.3333
[31,    28] loss: 2.3026 acc: 8.9286
[31,    29] loss: 2.2762 acc: 9.4828
[31,    30] loss: 2.3026 acc: 10.0000
[31,    31] loss: 2.2499 acc: 9.6774
[31,    32] loss: 8.6649 acc: 9.3750
[32,     1] loss: 2.3026 acc: 0.0000
[32,     2] loss: 2.2762 acc: 0.0000
[32,     3] loss: 2.2768 acc: 0.0000
[32,     4] loss: 7.4838 acc: 0.0000
[32,     5] loss: 2.3026 acc: 0.0000
[32,     6] loss: 2.3026 acc: 4.1667
[32,     7] loss: 2.3026 acc: 7.1429
[32,     8] loss: 2.2236 acc: 9.3750
[32,     9] loss: 7.6641 acc: 8.3333
[32,    10] loss: 2.2762 acc: 7.5000
[32,    11] loss: 2.1941 acc: 9.0909
[32,    12] loss: 2.2468 acc: 8.3333
[32,    13] loss: 2.3026 acc: 9.6154
[32,    14] loss: 2.1941 acc: 10.7143
[32,    15] loss: 2.2762 acc: 10.0000
[32,    16] loss: 2.3026 acc: 9.3750
[32,    17] loss: 8.6349 acc: 8.8235
[32,    18] loss: 2.2205 acc: 8.3333
[32,    19] loss: 2.3026 acc: 10.5263
[32,    20] loss: 1.7006 acc: 11.2500
[32,    21] loss: 2.2762 acc: 10.7143
[32,    22] loss: 2.3026 acc: 10.2273
[32,    23] loss: 2.3026 acc: 10.8696
[32,    24] loss: 2.1871 acc: 10.4167
[32,    25] loss: 7.8655 acc: 10.0000
[32,    26] loss: 2.2762 acc: 10.5769
[32,    27] loss: 2.3026 acc: 10.1852
[32,    28] loss: 2.3026 acc: 9.8214
[32,    29] loss: 2.2762 acc: 9.4828
[32,    30] loss: 6.2856 acc: 9.1667
[32,    31] loss: 2.2499 acc: 8.8710
[32,    32] loss: 2.2762 acc: 8.5938
[33,     1] loss: 2.2762 acc: 0.0000
[33,     2] loss: 2.2762 acc: 0.0000
[33,     3] loss: 2.2499 acc: 8.3333
[33,     4] loss: 2.2468 acc: 18.7500
[33,     5] loss: 4.1506 acc: 15.0000
[33,     6] loss: 2.3026 acc: 12.5000
[33,     7] loss: 2.2762 acc: 10.7143
[33,     8] loss: 15.0225 acc: 9.3750
[33,     9] loss: 2.3026 acc: 13.8889
[33,    10] loss: 8.2272 acc: 15.0000
[33,    11] loss: 7.6141 acc: 13.6364
[33,    12] loss: 2.3026 acc: 12.5000
[33,    13] loss: 1.7370 acc: 13.4615
[33,    14] loss: 2.2499 acc: 14.2857
[33,    15] loss: 2.2499 acc: 13.3333
[33,    16] loss: 2.2762 acc: 12.5000
[33,    17] loss: 2.2499 acc: 11.7647
[33,    18] loss: 7.0482 acc: 11.1111
[33,    19] loss: 2.3026 acc: 11.8421
[33,    20] loss: 2.2762 acc: 11.2500
[33,    21] loss: 2.2762 acc: 11.9048
[33,    22] loss: 8.4642 acc: 12.5000
[33,    23] loss: 2.2205 acc: 11.9565
[33,    24] loss: 3.8653 acc: 11.4583
[33,    25] loss: 8.6631 acc: 12.0000
[33,    26] loss: 2.2762 acc: 11.5385
[33,    27] loss: 2.2762 acc: 11.1111
[33,    28] loss: 8.5403 acc: 11.6071
[33,    29] loss: 2.2468 acc: 11.2069
[33,    30] loss: 2.2499 acc: 10.8333
[33,    31] loss: 2.3026 acc: 10.4839
[33,    32] loss: 5.9915 acc: 10.1562
[34,     1] loss: 2.2499 acc: 0.0000
[34,     2] loss: 2.2762 acc: 0.0000
[34,     3] loss: 2.2499 acc: 8.3333
[34,     4] loss: 2.2762 acc: 6.2500
[34,     5] loss: 2.2205 acc: 5.0000
[34,     6] loss: 2.3026 acc: 4.1667
[34,     7] loss: 2.2236 acc: 3.5714
[34,     8] loss: 2.2762 acc: 3.1250
[34,     9] loss: 2.2468 acc: 5.5556
[34,    10] loss: 2.2762 acc: 5.0000
[34,    11] loss: 2.2762 acc: 9.0909
[34,    12] loss: 2.2236 acc: 10.4167
[34,    13] loss: 2.3026 acc: 9.6154
[34,    14] loss: 2.2499 acc: 10.7143
[34,    15] loss: 2.3026 acc: 10.0000
[34,    16] loss: 2.2236 acc: 9.3750
[34,    17] loss: 2.1941 acc: 10.2941
[34,    18] loss: 2.2499 acc: 11.1111
[34,    19] loss: 2.2205 acc: 10.5263
[34,    20] loss: 2.2762 acc: 10.0000
[34,    21] loss: 2.2468 acc: 10.7143
[34,    22] loss: 8.6385 acc: 13.6364
[34,    23] loss: 2.2762 acc: 14.1304
[34,    24] loss: 2.2762 acc: 13.5417
[34,    25] loss: 2.2762 acc: 13.0000
[34,    26] loss: 2.2499 acc: 12.5000
[34,    27] loss: 2.3026 acc: 12.9630
[34,    28] loss: 2.2499 acc: 13.3929
[34,    29] loss: 2.2762 acc: 12.9310
[34,    30] loss: 2.2762 acc: 12.5000
[34,    31] loss: 2.2205 acc: 12.0968
[34,    32] loss: 2.3026 acc: 12.5000
[35,     1] loss: 2.2205 acc: 0.0000
[35,     2] loss: 2.2762 acc: 0.0000
[35,     3] loss: 2.2762 acc: 0.0000
[35,     4] loss: 8.5500 acc: 0.0000
[35,     5] loss: 2.2236 acc: 0.0000
[35,     6] loss: 2.3026 acc: 4.1667
[35,     7] loss: 2.2468 acc: 7.1429
[35,     8] loss: 2.2205 acc: 6.2500
[35,     9] loss: 8.6272 acc: 5.5556
[35,    10] loss: 2.2762 acc: 5.0000
[35,    11] loss: 2.2236 acc: 4.5455
[35,    12] loss: 2.2762 acc: 4.1667
[35,    13] loss: 2.2762 acc: 5.7692
[35,    14] loss: 2.2205 acc: 5.3571
[35,    15] loss: 2.2762 acc: 6.6667
[35,    16] loss: 2.2762 acc: 6.2500
[35,    17] loss: 2.2236 acc: 5.8824
[35,    18] loss: 2.2762 acc: 5.5556
[35,    19] loss: 2.2499 acc: 5.2632
[35,    20] loss: 2.2762 acc: 6.2500
[35,    21] loss: 2.2762 acc: 5.9524
[35,    22] loss: 2.2236 acc: 5.6818
[35,    23] loss: 2.3026 acc: 5.4348
[35,    24] loss: 2.3026 acc: 5.2083
[35,    25] loss: 2.2205 acc: 5.0000
[35,    26] loss: 2.2762 acc: 4.8077
[35,    27] loss: 2.2762 acc: 4.6296
[35,    28] loss: 2.2499 acc: 4.4643
[35,    29] loss: 2.1647 acc: 4.3103
[35,    30] loss: 2.3026 acc: 4.1667
[35,    31] loss: 2.2762 acc: 4.0323
[35,    32] loss: 2.2762 acc: 3.9062
[36,     1] loss: 2.2762 acc: 0.0000
[36,     2] loss: 2.2499 acc: 12.5000
[36,     3] loss: 8.5741 acc: 8.3333
[36,     4] loss: 2.3026 acc: 6.2500
[36,     5] loss: 2.2762 acc: 5.0000
[36,     6] loss: 2.2762 acc: 4.1667
[36,     7] loss: 2.2468 acc: 7.1429
[36,     8] loss: 2.1941 acc: 6.2500
[36,     9] loss: 2.2762 acc: 5.5556
[36,    10] loss: 8.6654 acc: 5.0000
[36,    11] loss: 2.3026 acc: 6.8182
[36,    12] loss: 2.2468 acc: 8.3333
[36,    13] loss: 2.2762 acc: 7.6923
[36,    14] loss: 2.2762 acc: 8.9286
[36,    15] loss: 2.2468 acc: 10.0000
[36,    16] loss: 2.2499 acc: 9.3750
[36,    17] loss: 2.2762 acc: 8.8235
[36,    18] loss: 2.2762 acc: 9.7222
[36,    19] loss: 2.1678 acc: 9.2105
[36,    20] loss: 2.2762 acc: 10.0000
[36,    21] loss: 2.1871 acc: 11.9048
[36,    22] loss: 14.9135 acc: 11.3636
[36,    23] loss: 2.2762 acc: 10.8696
[36,    24] loss: 4.1112 acc: 10.4167
[36,    25] loss: 6.1459 acc: 10.0000
[36,    26] loss: 8.5831 acc: 9.6154
[36,    27] loss: 2.2762 acc: 10.1852
[36,    28] loss: 8.6213 acc: 10.7143
[36,    29] loss: 2.2499 acc: 11.2069
[36,    30] loss: 2.3026 acc: 12.5000
[36,    31] loss: 8.6372 acc: 12.0968
[36,    32] loss: 2.3026 acc: 12.5000
[37,     1] loss: 2.2762 acc: 25.0000
[37,     2] loss: 2.2762 acc: 12.5000
[37,     3] loss: 2.3026 acc: 16.6667
[37,     4] loss: 2.3026 acc: 12.5000
[37,     5] loss: 8.0897 acc: 15.0000
[37,     6] loss: 2.2762 acc: 16.6667
[37,     7] loss: 1.7269 acc: 17.8571
[37,     8] loss: 2.2762 acc: 15.6250
[37,     9] loss: 2.2762 acc: 13.8889
[37,    10] loss: 2.2499 acc: 15.0000
[37,    11] loss: 2.2468 acc: 15.9091
[37,    12] loss: 2.2468 acc: 14.5833
[37,    13] loss: 2.2468 acc: 15.3846
[37,    14] loss: 2.3026 acc: 14.2857
[37,    15] loss: 2.2236 acc: 13.3333
[37,    16] loss: 2.2762 acc: 12.5000
[37,    17] loss: 2.2499 acc: 13.2353
[37,    18] loss: 2.2499 acc: 12.5000
[37,    19] loss: 8.4894 acc: 11.8421
[37,    20] loss: 2.2762 acc: 11.2500
[37,    21] loss: 2.2762 acc: 10.7143
[37,    22] loss: 2.2499 acc: 11.3636
[37,    23] loss: 2.3026 acc: 10.8696
[37,    24] loss: 2.2499 acc: 10.4167
[37,    25] loss: 2.2762 acc: 11.0000
[37,    26] loss: 2.3026 acc: 10.5769
[37,    27] loss: 8.5929 acc: 10.1852
[37,    28] loss: 2.2468 acc: 9.8214
[37,    29] loss: 2.2499 acc: 9.4828
[37,    30] loss: 4.4248 acc: 10.0000
[37,    31] loss: 2.2499 acc: 9.6774
[37,    32] loss: 2.2762 acc: 9.3750
[38,     1] loss: 2.2762 acc: 0.0000
[38,     2] loss: 2.2762 acc: 0.0000
[38,     3] loss: 2.2762 acc: 16.6667
[38,     4] loss: 2.2499 acc: 12.5000
[38,     5] loss: 2.2499 acc: 10.0000
[38,     6] loss: 2.2762 acc: 8.3333
[38,     7] loss: 2.2762 acc: 10.7143
[38,     8] loss: 2.2468 acc: 9.3750
[38,     9] loss: 2.2762 acc: 8.3333
[38,    10] loss: 7.7878 acc: 10.0000
[38,    11] loss: 8.6096 acc: 9.0909
[38,    12] loss: 2.2499 acc: 8.3333
[38,    13] loss: 8.6385 acc: 9.6154
[38,    14] loss: 2.3026 acc: 8.9286
[38,    15] loss: 2.2499 acc: 8.3333
[38,    16] loss: 2.3072 acc: 7.8125
[38,    17] loss: 2.2762 acc: 8.8235
[38,    18] loss: 2.2762 acc: 8.3333
[38,    19] loss: 2.2468 acc: 9.2105
[38,    20] loss: 8.6605 acc: 8.7500
[38,    21] loss: 3.5508 acc: 8.3333
[38,    22] loss: 2.2762 acc: 10.2273
[38,    23] loss: 2.2762 acc: 9.7826
[38,    24] loss: 2.2236 acc: 9.3750
[38,    25] loss: 2.3026 acc: 9.0000
[38,    26] loss: 2.1647 acc: 8.6538
[38,    27] loss: 2.2762 acc: 9.2593
[38,    28] loss: 2.3026 acc: 9.8214
[38,    29] loss: 2.2499 acc: 9.4828
[38,    30] loss: 14.8236 acc: 9.1667
[38,    31] loss: 2.2762 acc: 8.8710
[38,    32] loss: 2.2205 acc: 8.5938
[39,     1] loss: 2.2762 acc: 25.0000
[39,     2] loss: 2.2205 acc: 12.5000
[39,     3] loss: 2.3026 acc: 8.3333
[39,     4] loss: 2.2468 acc: 12.5000
[39,     5] loss: 2.2762 acc: 15.0000
[39,     6] loss: 2.2134 acc: 12.5000
[39,     7] loss: 2.2205 acc: 14.2857
[39,     8] loss: 2.2762 acc: 12.5000
[39,     9] loss: 2.3026 acc: 11.1111
[39,    10] loss: 2.2762 acc: 10.0000
[39,    11] loss: 2.2236 acc: 9.0909
[39,    12] loss: 2.2762 acc: 8.3333
[39,    13] loss: 2.2499 acc: 7.6923
[39,    14] loss: 8.6654 acc: 10.7143
[39,    15] loss: 2.2762 acc: 10.0000
[39,    16] loss: 2.2205 acc: 9.3750
[39,    17] loss: 2.2762 acc: 8.8235
[39,    18] loss: 2.3026 acc: 8.3333
[39,    19] loss: 2.2762 acc: 7.8947
[39,    20] loss: 2.2499 acc: 8.7500
[39,    21] loss: 2.3026 acc: 8.3333
[39,    22] loss: 2.3026 acc: 7.9545
[39,    23] loss: 2.1678 acc: 7.6087
[39,    24] loss: 2.3026 acc: 7.2917
[39,    25] loss: 2.3026 acc: 8.0000
[39,    26] loss: 2.3026 acc: 7.6923
[39,    27] loss: 2.3026 acc: 8.3333
[39,    28] loss: 2.2236 acc: 8.9286
[39,    29] loss: 2.2499 acc: 10.3448
[39,    30] loss: 2.2236 acc: 10.0000
[39,    31] loss: 2.3026 acc: 9.6774
[39,    32] loss: 2.2499 acc: 9.3750
[40,     1] loss: 2.3026 acc: 25.0000
[40,     2] loss: 2.2468 acc: 12.5000
[40,     3] loss: 2.2499 acc: 8.3333
[40,     4] loss: 2.3026 acc: 12.5000
[40,     5] loss: 2.3026 acc: 10.0000
[40,     6] loss: 2.2468 acc: 12.5000
[40,     7] loss: 2.2499 acc: 10.7143
[40,     8] loss: 2.2205 acc: 12.5000
[40,     9] loss: 2.2499 acc: 11.1111
[40,    10] loss: 2.3026 acc: 12.5000
[40,    11] loss: 2.2499 acc: 11.3636
[40,    12] loss: 8.5737 acc: 12.5000
[40,    13] loss: 2.2499 acc: 15.3846
[40,    14] loss: 2.2499 acc: 16.0714
[40,    15] loss: 2.2762 acc: 16.6667
[40,    16] loss: 2.3026 acc: 18.7500
[40,    17] loss: 2.3026 acc: 17.6471
[40,    18] loss: 2.3026 acc: 18.0556
[40,    19] loss: 2.2205 acc: 17.1053
[40,    20] loss: 2.2499 acc: 16.2500
[40,    21] loss: 2.1941 acc: 16.6667
[40,    22] loss: 2.2762 acc: 15.9091
[40,    23] loss: 2.2762 acc: 16.3043
[40,    24] loss: 2.2499 acc: 15.6250
[40,    25] loss: 2.1647 acc: 15.0000
[40,    26] loss: 2.3026 acc: 17.3077
[40,    27] loss: 2.2762 acc: 16.6667
[40,    28] loss: 2.2499 acc: 16.9643
[40,    29] loss: 2.2499 acc: 17.2414
[40,    30] loss: 2.3026 acc: 17.5000
[40,    31] loss: 2.2499 acc: 17.7419
[40,    32] loss: 8.5338 acc: 17.1875
[41,     1] loss: 2.2205 acc: 0.0000
[41,     2] loss: 2.3026 acc: 0.0000
[41,     3] loss: 2.2236 acc: 0.0000
[41,     4] loss: 2.3026 acc: 6.2500
[41,     5] loss: 2.2762 acc: 5.0000
[41,     6] loss: 2.3026 acc: 4.1667
[41,     7] loss: 2.3026 acc: 3.5714
[41,     8] loss: 2.3026 acc: 3.1250
[41,     9] loss: 2.2236 acc: 2.7778
[41,    10] loss: 2.3026 acc: 2.5000
[41,    11] loss: 2.2762 acc: 2.2727
[41,    12] loss: 2.3026 acc: 4.1667
[41,    13] loss: 2.2499 acc: 5.7692
[41,    14] loss: 2.2762 acc: 7.1429
[41,    15] loss: 2.3026 acc: 8.3333
[41,    16] loss: 2.2236 acc: 7.8125
[41,    17] loss: 2.2499 acc: 7.3529
[41,    18] loss: 2.2762 acc: 6.9444
[41,    19] loss: 2.2762 acc: 7.8947
[41,    20] loss: 8.6127 acc: 8.7500
[41,    21] loss: 2.3026 acc: 9.5238
[41,    22] loss: 2.2762 acc: 9.0909
[41,    23] loss: 2.2499 acc: 8.6957
[41,    24] loss: 2.2762 acc: 8.3333
[41,    25] loss: 14.9963 acc: 8.0000
[41,    26] loss: 2.2762 acc: 8.6538
[41,    27] loss: 2.2205 acc: 8.3333
[41,    28] loss: 2.2762 acc: 8.9286
[41,    29] loss: 2.2499 acc: 8.6207
[41,    30] loss: 2.2499 acc: 8.3333
[41,    31] loss: 14.5092 acc: 8.0645
[41,    32] loss: 2.2762 acc: 7.8125
[42,     1] loss: 2.1910 acc: 0.0000
[42,     2] loss: 2.3026 acc: 0.0000
[42,     3] loss: 6.3203 acc: 0.0000
[42,     4] loss: 2.2236 acc: 6.2500
[42,     5] loss: 2.2134 acc: 10.0000
[42,     6] loss: 2.2499 acc: 8.3333
[42,     7] loss: 8.6346 acc: 7.1429
[42,     8] loss: 8.6653 acc: 6.2500
[42,     9] loss: 8.6652 acc: 5.5556
[42,    10] loss: 2.3026 acc: 7.5000
[42,    11] loss: 8.0380 acc: 13.6364
[42,    12] loss: 2.3026 acc: 12.5000
[42,    13] loss: 2.3026 acc: 11.5385
[42,    14] loss: 2.2762 acc: 10.7143
[42,    15] loss: 2.3026 acc: 10.0000
[42,    16] loss: 2.2762 acc: 9.3750
[42,    17] loss: 2.3026 acc: 8.8235
[42,    18] loss: 2.2762 acc: 8.3333
[42,    19] loss: 2.3026 acc: 9.2105
[42,    20] loss: 2.2762 acc: 8.7500
[42,    21] loss: 2.2762 acc: 8.3333
[42,    22] loss: 2.3026 acc: 7.9545
[42,    23] loss: 2.2499 acc: 7.6087
[42,    24] loss: 2.2499 acc: 7.2917
[42,    25] loss: 7.7320 acc: 7.0000
[42,    26] loss: 2.2762 acc: 6.7308
[42,    27] loss: 2.2762 acc: 6.4815
[42,    28] loss: 7.6156 acc: 8.0357
[42,    29] loss: 2.3026 acc: 7.7586
[42,    30] loss: 2.2762 acc: 7.5000
[42,    31] loss: 2.2499 acc: 8.0645
[42,    32] loss: 2.2762 acc: 7.8125
[43,     1] loss: 2.3026 acc: 0.0000
[43,     2] loss: 4.1369 acc: 0.0000
[43,     3] loss: 2.2762 acc: 8.3333
[43,     4] loss: 2.2762 acc: 12.5000
[43,     5] loss: 2.3026 acc: 15.0000
[43,     6] loss: 4.9944 acc: 12.5000
[43,     7] loss: 2.2762 acc: 10.7143
[43,     8] loss: 2.2762 acc: 15.6250
[43,     9] loss: 2.2205 acc: 13.8889
[43,    10] loss: 7.2958 acc: 12.5000
[43,    11] loss: 2.2762 acc: 15.9091
[43,    12] loss: 2.2236 acc: 14.5833
[43,    13] loss: 2.2499 acc: 13.4615
[43,    14] loss: 2.2762 acc: 14.2857
[43,    15] loss: 9.9884 acc: 13.3333
[43,    16] loss: 2.2762 acc: 12.5000
[43,    17] loss: 8.5814 acc: 11.7647
[43,    18] loss: 2.2236 acc: 13.8889
[43,    19] loss: 2.2762 acc: 13.1579
[43,    20] loss: 2.2762 acc: 12.5000
[43,    21] loss: 2.2236 acc: 11.9048
[43,    22] loss: 2.2762 acc: 11.3636
[43,    23] loss: 5.2906 acc: 10.8696
[43,    24] loss: 2.2762 acc: 10.4167
[43,    25] loss: 2.2499 acc: 11.0000
[43,    26] loss: 2.2762 acc: 10.5769
[43,    27] loss: 2.3026 acc: 10.1852
[43,    28] loss: 2.2604 acc: 9.8214
[43,    29] loss: 2.2762 acc: 9.4828
[43,    30] loss: 2.2762 acc: 9.1667
[43,    31] loss: 2.3026 acc: 8.8710
[43,    32] loss: 2.3026 acc: 8.5938
[44,     1] loss: 2.2499 acc: 25.0000
[44,     2] loss: 2.2762 acc: 12.5000
[44,     3] loss: 8.5747 acc: 8.3333
[44,     4] loss: 2.2499 acc: 6.2500
[44,     5] loss: 2.2499 acc: 5.0000
[44,     6] loss: 2.2762 acc: 4.1667
[44,     7] loss: 2.2762 acc: 3.5714
[44,     8] loss: 1.7006 acc: 9.3750
[44,     9] loss: 2.2762 acc: 11.1111
[44,    10] loss: 2.2762 acc: 10.0000
[44,    11] loss: 2.3026 acc: 9.0909
[44,    12] loss: 2.3026 acc: 8.3333
[44,    13] loss: 2.2499 acc: 7.6923
[44,    14] loss: 2.3026 acc: 7.1429
[44,    15] loss: 2.2762 acc: 8.3333
[44,    16] loss: 2.2762 acc: 7.8125
[44,    17] loss: 2.2762 acc: 7.3529
[44,    18] loss: 8.5737 acc: 6.9444
[44,    19] loss: 2.2468 acc: 6.5789
[44,    20] loss: 2.2762 acc: 7.5000
[44,    21] loss: 2.1941 acc: 7.1429
[44,    22] loss: 2.2762 acc: 6.8182
[44,    23] loss: 2.2762 acc: 6.5217
[44,    24] loss: 2.2468 acc: 6.2500
[44,    25] loss: 2.1647 acc: 7.0000
[44,    26] loss: 2.3026 acc: 7.6923
[44,    27] loss: 2.2134 acc: 8.3333
[44,    28] loss: 2.1941 acc: 8.0357
[44,    29] loss: 2.2762 acc: 7.7586
[44,    30] loss: 2.2499 acc: 7.5000
[44,    31] loss: 2.2499 acc: 8.0645
[44,    32] loss: 2.2205 acc: 7.8125
[45,     1] loss: 2.2205 acc: 25.0000
[45,     2] loss: 1.7006 acc: 25.0000
[45,     3] loss: 2.2762 acc: 16.6667
[45,     4] loss: 9.1968 acc: 18.7500
[45,     5] loss: 2.3026 acc: 15.0000
[45,     6] loss: 2.2499 acc: 12.5000
[45,     7] loss: 2.2762 acc: 10.7143
[45,     8] loss: 2.2236 acc: 9.3750
[45,     9] loss: 2.3026 acc: 8.3333
[45,    10] loss: 2.3026 acc: 7.5000
[45,    11] loss: 2.2762 acc: 6.8182
[45,    12] loss: 2.2468 acc: 8.3333
[45,    13] loss: 2.3026 acc: 7.6923
[45,    14] loss: 2.2499 acc: 8.9286
[45,    15] loss: 2.2205 acc: 10.0000
[45,    16] loss: 2.2762 acc: 10.9375
[45,    17] loss: 2.2762 acc: 10.2941
[45,    18] loss: 2.2205 acc: 9.7222
[45,    19] loss: 2.3026 acc: 10.5263
[45,    20] loss: 2.1941 acc: 10.0000
[45,    21] loss: 2.3026 acc: 9.5238
[45,    22] loss: 2.2762 acc: 9.0909
[45,    23] loss: 2.2499 acc: 10.8696
[45,    24] loss: 2.3026 acc: 10.4167
[45,    25] loss: 2.2499 acc: 11.0000
[45,    26] loss: 2.2499 acc: 10.5769
[45,    27] loss: 2.2205 acc: 10.1852
[45,    28] loss: 2.3026 acc: 10.7143
[45,    29] loss: 14.0011 acc: 10.3448
[45,    30] loss: 8.5832 acc: 10.0000
[45,    31] loss: 2.3026 acc: 10.4839
[45,    32] loss: 2.2762 acc: 11.7188
[46,     1] loss: 2.2205 acc: 25.0000
[46,     2] loss: 2.2762 acc: 25.0000
[46,     3] loss: 2.2762 acc: 25.0000
[46,     4] loss: 2.2499 acc: 25.0000
[46,     5] loss: 2.3026 acc: 30.0000
[46,     6] loss: 8.5943 acc: 25.0000
[46,     7] loss: 8.6390 acc: 21.4286
[46,     8] loss: 2.2236 acc: 21.8750
[46,     9] loss: 2.2236 acc: 22.2222
[46,    10] loss: 2.2205 acc: 20.0000
[46,    11] loss: 2.2236 acc: 20.4545
[46,    12] loss: 2.2762 acc: 18.7500
[46,    13] loss: 2.3026 acc: 17.3077
[46,    14] loss: 2.3026 acc: 16.0714
[46,    15] loss: 2.2762 acc: 15.0000
[46,    16] loss: 2.2499 acc: 15.6250
[46,    17] loss: 8.6654 acc: 16.1765
[46,    18] loss: 2.2205 acc: 15.2778
[46,    19] loss: 2.2468 acc: 15.7895
[46,    20] loss: 2.2762 acc: 15.0000
[46,    21] loss: 2.1941 acc: 16.6667
[46,    22] loss: 2.2762 acc: 17.0455
[46,    23] loss: 1.7006 acc: 18.4783
[46,    24] loss: 8.6646 acc: 17.7083
[46,    25] loss: 2.3026 acc: 17.0000
[46,    26] loss: 2.2205 acc: 16.3462
[46,    27] loss: 8.6096 acc: 16.6667
[46,    28] loss: 2.2762 acc: 17.8571
[46,    29] loss: 2.1941 acc: 18.1034
[46,    30] loss: 2.2762 acc: 18.3333
[46,    31] loss: 2.2236 acc: 18.5484
[46,    32] loss: 2.2762 acc: 19.5312
[47,     1] loss: 2.3026 acc: 25.0000
[47,     2] loss: 3.6543 acc: 12.5000
[47,     3] loss: 2.2236 acc: 16.6667
[47,     4] loss: 2.2762 acc: 12.5000
[47,     5] loss: 2.3026 acc: 10.0000
[47,     6] loss: 2.2762 acc: 16.6667
[47,     7] loss: 2.3026 acc: 17.8571
[47,     8] loss: 2.2205 acc: 15.6250
[47,     9] loss: 2.3026 acc: 13.8889
[47,    10] loss: 2.2762 acc: 15.0000
[47,    11] loss: 2.2762 acc: 13.6364
[47,    12] loss: 2.2762 acc: 12.5000
[47,    13] loss: 2.2499 acc: 13.4615
[47,    14] loss: 2.2134 acc: 12.5000
[47,    15] loss: 2.3026 acc: 13.3333
[47,    16] loss: 8.6349 acc: 14.0625
[47,    17] loss: 2.2205 acc: 14.7059
[47,    18] loss: 2.1941 acc: 13.8889
[47,    19] loss: 2.2762 acc: 14.4737
[47,    20] loss: 2.3026 acc: 13.7500
[47,    21] loss: 2.3026 acc: 13.0952
[47,    22] loss: 2.3026 acc: 12.5000
[47,    23] loss: 2.2762 acc: 13.0435
[47,    24] loss: 2.2762 acc: 12.5000
[47,    25] loss: 8.6358 acc: 12.0000
[47,    26] loss: 2.3026 acc: 11.5385
[47,    27] loss: 2.2762 acc: 12.0370
[47,    28] loss: 2.2468 acc: 11.6071
[47,    29] loss: 8.2477 acc: 11.2069
[47,    30] loss: 2.2499 acc: 10.8333
[47,    31] loss: 2.2499 acc: 10.4839
[47,    32] loss: 8.3033 acc: 10.1562
[48,     1] loss: 2.2499 acc: 0.0000
[48,     2] loss: 2.3026 acc: 0.0000
[48,     3] loss: 2.3026 acc: 0.0000
[48,     4] loss: 2.2762 acc: 6.2500
[48,     5] loss: 2.2762 acc: 10.0000
[48,     6] loss: 2.2205 acc: 8.3333
[48,     7] loss: 2.2762 acc: 7.1429
[48,     8] loss: 2.2236 acc: 6.2500
[48,     9] loss: 2.3026 acc: 5.5556
[48,    10] loss: 2.3026 acc: 7.5000
[48,    11] loss: 2.3026 acc: 6.8182
[48,    12] loss: 2.2205 acc: 8.3333
[48,    13] loss: 2.3026 acc: 7.6923
[48,    14] loss: 2.2762 acc: 10.7143
[48,    15] loss: 2.3026 acc: 10.0000
[48,    16] loss: 2.2762 acc: 9.3750
[48,    17] loss: 8.6126 acc: 10.2941
[48,    18] loss: 1.7006 acc: 11.1111
[48,    19] loss: 2.2762 acc: 10.5263
[48,    20] loss: 2.2762 acc: 10.0000
[48,    21] loss: 2.2499 acc: 10.7143
[48,    22] loss: 2.2499 acc: 11.3636
[48,    23] loss: 2.3026 acc: 11.9565
[48,    24] loss: 2.2762 acc: 13.5417
[48,    25] loss: 2.2762 acc: 14.0000
[48,    26] loss: 2.2762 acc: 15.3846
[48,    27] loss: 2.3026 acc: 15.7407
[48,    28] loss: 2.2762 acc: 15.1786
[48,    29] loss: 2.3026 acc: 14.6552
[48,    30] loss: 2.2762 acc: 15.0000
[48,    31] loss: 2.2762 acc: 14.5161
[48,    32] loss: 2.1910 acc: 14.8438
[49,     1] loss: 8.4025 acc: 0.0000
[49,     2] loss: 2.2762 acc: 12.5000
[49,     3] loss: 2.2762 acc: 8.3333
[49,     4] loss: 2.2762 acc: 12.5000
[49,     5] loss: 2.2468 acc: 10.0000
[49,     6] loss: 2.3026 acc: 8.3333
[49,     7] loss: 2.3026 acc: 7.1429
[49,     8] loss: 2.3026 acc: 9.3750
[49,     9] loss: 8.6280 acc: 8.3333
[49,    10] loss: 2.2499 acc: 10.0000
[49,    11] loss: 2.2762 acc: 9.0909
[49,    12] loss: 2.3026 acc: 8.3333
[49,    13] loss: 1.7269 acc: 9.6154
[49,    14] loss: 8.4957 acc: 8.9286
[49,    15] loss: 2.3026 acc: 8.3333
[49,    16] loss: 2.3026 acc: 7.8125
[49,    17] loss: 2.2499 acc: 7.3529
[49,    18] loss: 2.2762 acc: 8.3333
[49,    19] loss: 2.2499 acc: 7.8947
[49,    20] loss: 2.2763 acc: 7.5000
[49,    21] loss: 2.3026 acc: 7.1429
[49,    22] loss: 8.5698 acc: 6.8182
[49,    23] loss: 2.2205 acc: 6.5217
[49,    24] loss: 2.3026 acc: 7.2917
[49,    25] loss: 2.2499 acc: 8.0000
[49,    26] loss: 2.2762 acc: 7.6923
[49,    27] loss: 2.2236 acc: 7.4074
[49,    28] loss: 2.2762 acc: 7.1429
[49,    29] loss: 2.2499 acc: 6.8966
[49,    30] loss: 8.6390 acc: 7.5000
[49,    31] loss: 2.3026 acc: 7.2581
[49,    32] loss: 2.1871 acc: 7.8125
[50,     1] loss: 8.6628 acc: 25.0000
[50,     2] loss: 8.6268 acc: 12.5000
[50,     3] loss: 2.2499 acc: 8.3333
[50,     4] loss: 2.2205 acc: 12.5000
[50,     5] loss: 2.3026 acc: 15.0000
[50,     6] loss: 8.5659 acc: 12.5000
[50,     7] loss: 2.2499 acc: 10.7143
[50,     8] loss: 2.2762 acc: 18.7500
[50,     9] loss: 2.2762 acc: 16.6667
[50,    10] loss: 2.1910 acc: 15.0000
[50,    11] loss: 8.6253 acc: 13.6364
[50,    12] loss: 2.2236 acc: 14.5833
[50,    13] loss: 2.2499 acc: 13.4615
[50,    14] loss: 2.2499 acc: 14.2857
[50,    15] loss: 2.2499 acc: 15.0000
[50,    16] loss: 2.3026 acc: 17.1875
[50,    17] loss: 2.2499 acc: 16.1765
[50,    18] loss: 2.3026 acc: 15.2778
[50,    19] loss: 2.3026 acc: 15.7895
[50,    20] loss: 2.2762 acc: 15.0000
[50,    21] loss: 2.2762 acc: 14.2857
[50,    22] loss: 2.2499 acc: 13.6364
[50,    23] loss: 2.1871 acc: 14.1304
[50,    24] loss: 2.2762 acc: 15.6250
[50,    25] loss: 2.2762 acc: 15.0000
[50,    26] loss: 2.2205 acc: 15.3846
[50,    27] loss: 2.2499 acc: 14.8148
[50,    28] loss: 2.2762 acc: 15.1786
[50,    29] loss: 2.3026 acc: 14.6552
[50,    30] loss: 6.7993 acc: 14.1667
[50,    31] loss: 2.2499 acc: 13.7097
[50,    32] loss: 2.2762 acc: 13.2812
[51,     1] loss: 2.1941 acc: 0.0000
[51,     2] loss: 2.2468 acc: 0.0000
[51,     3] loss: 2.2236 acc: 0.0000
[51,     4] loss: 2.2499 acc: 0.0000
[51,     5] loss: 8.5899 acc: 5.0000
[51,     6] loss: 2.2762 acc: 4.1667
[51,     7] loss: 2.3026 acc: 7.1429
[51,     8] loss: 2.2205 acc: 6.2500
[51,     9] loss: 8.6654 acc: 8.3333
[51,    10] loss: 2.3026 acc: 10.0000
[51,    11] loss: 8.0917 acc: 9.0909
[51,    12] loss: 2.2236 acc: 10.4167
[51,    13] loss: 2.3026 acc: 11.5385
[51,    14] loss: 2.2762 acc: 10.7143
[51,    15] loss: 2.2499 acc: 10.0000
[51,    16] loss: 2.2762 acc: 9.3750
[51,    17] loss: 2.3026 acc: 8.8235
[51,    18] loss: 2.3026 acc: 9.7222
[51,    19] loss: 2.2762 acc: 10.5263
[51,    20] loss: 2.2499 acc: 11.2500
[51,    21] loss: 8.6068 acc: 10.7143
[51,    22] loss: 2.1941 acc: 10.2273
[51,    23] loss: 6.1406 acc: 9.7826
[51,    24] loss: 8.6065 acc: 10.4167
[51,    25] loss: 2.2762 acc: 11.0000
[51,    26] loss: 2.2499 acc: 11.5385
[51,    27] loss: 2.3026 acc: 11.1111
[51,    28] loss: 2.3026 acc: 11.6071
[51,    29] loss: 2.2762 acc: 12.0690
[51,    30] loss: 2.3026 acc: 11.6667
[51,    31] loss: 13.1908 acc: 12.0968
[51,    32] loss: 2.2499 acc: 11.7188
[52,     1] loss: 2.2499 acc: 25.0000
[52,     2] loss: 2.2236 acc: 12.5000
[52,     3] loss: 2.1910 acc: 16.6667
[52,     4] loss: 2.2499 acc: 18.7500
[52,     5] loss: 8.0339 acc: 25.0000
[52,     6] loss: 8.6127 acc: 20.8333
[52,     7] loss: 2.2762 acc: 17.8571
[52,     8] loss: 2.2762 acc: 18.7500
[52,     9] loss: 2.2468 acc: 19.4444
[52,    10] loss: 2.2762 acc: 17.5000
[52,    11] loss: 2.2499 acc: 20.4545
[52,    12] loss: 2.2762 acc: 18.7500
[52,    13] loss: 2.3026 acc: 17.3077
[52,    14] loss: 2.3026 acc: 16.0714
[52,    15] loss: 2.2499 acc: 15.0000
[52,    16] loss: 2.2762 acc: 14.0625
[52,    17] loss: 2.3026 acc: 13.2353
[52,    18] loss: 2.2499 acc: 12.5000
[52,    19] loss: 2.3026 acc: 11.8421
[52,    20] loss: 2.2499 acc: 11.2500
[52,    21] loss: 2.2762 acc: 10.7143
[52,    22] loss: 8.6453 acc: 10.2273
[52,    23] loss: 2.2499 acc: 10.8696
[52,    24] loss: 2.2762 acc: 10.4167
[52,    25] loss: 8.6652 acc: 10.0000
[52,    26] loss: 2.2499 acc: 10.5769
[52,    27] loss: 2.2205 acc: 10.1852
[52,    28] loss: 2.2762 acc: 10.7143
[52,    29] loss: 2.2499 acc: 10.3448
[52,    30] loss: 2.2762 acc: 10.8333
[52,    31] loss: 2.2762 acc: 10.4839
[52,    32] loss: 2.2499 acc: 10.1562
[53,     1] loss: 2.2468 acc: 25.0000
[53,     2] loss: 2.2499 acc: 12.5000
[53,     3] loss: 2.1647 acc: 16.6667
[53,     4] loss: 2.2468 acc: 25.0000
[53,     5] loss: 2.3026 acc: 20.0000
[53,     6] loss: 2.2499 acc: 16.6667
[53,     7] loss: 2.2468 acc: 14.2857
[53,     8] loss: 2.1607 acc: 12.5000
[53,     9] loss: 2.2762 acc: 11.1111
[53,    10] loss: 2.1607 acc: 12.5000
[53,    11] loss: 8.3075 acc: 13.6364
[53,    12] loss: 2.3026 acc: 12.5000
[53,    13] loss: 2.3026 acc: 11.5385
[53,    14] loss: 2.3026 acc: 10.7143
[53,    15] loss: 2.2762 acc: 11.6667
[53,    16] loss: 2.2468 acc: 12.5000
[53,    17] loss: 2.2762 acc: 11.7647
[53,    18] loss: 2.1941 acc: 11.1111
[53,    19] loss: 2.2499 acc: 10.5263
[53,    20] loss: 2.2205 acc: 10.0000
[53,    21] loss: 2.3026 acc: 10.7143
[53,    22] loss: 2.2205 acc: 10.2273
[53,    23] loss: 2.2499 acc: 9.7826
[53,    24] loss: 2.2762 acc: 9.3750
[53,    25] loss: 2.2762 acc: 11.0000
[53,    26] loss: 14.9537 acc: 10.5769
[53,    27] loss: 2.3026 acc: 11.1111
[53,    28] loss: 2.2762 acc: 11.6071
[53,    29] loss: 2.3026 acc: 12.9310
[53,    30] loss: 2.3026 acc: 14.1667
[53,    31] loss: 2.3026 acc: 13.7097
[53,    32] loss: 2.2762 acc: 14.0625
[54,     1] loss: 2.2762 acc: 50.0000
[54,     2] loss: 2.2499 acc: 25.0000
[54,     3] loss: 2.2762 acc: 16.6667
[54,     4] loss: 2.1910 acc: 12.5000
[54,     5] loss: 2.1018 acc: 15.0000
[54,     6] loss: 2.2205 acc: 16.6667
[54,     7] loss: 8.6390 acc: 17.8571
[54,     8] loss: 2.3026 acc: 18.7500
[54,     9] loss: 2.3026 acc: 19.4444
[54,    10] loss: 2.3026 acc: 20.0000
[54,    11] loss: 2.2205 acc: 18.1818
[54,    12] loss: 2.3026 acc: 16.6667
[54,    13] loss: 2.2205 acc: 15.3846
[54,    14] loss: 2.2205 acc: 14.2857
[54,    15] loss: 2.2205 acc: 15.0000
[54,    16] loss: 2.2499 acc: 14.0625
[54,    17] loss: 8.6543 acc: 13.2353
[54,    18] loss: 2.2762 acc: 12.5000
[54,    19] loss: 2.2762 acc: 14.4737
[54,    20] loss: 2.3026 acc: 15.0000
[54,    21] loss: 2.3026 acc: 15.4762
[54,    22] loss: 8.5096 acc: 15.9091
[54,    23] loss: 2.3026 acc: 15.2174
[54,    24] loss: 2.2499 acc: 14.5833
[54,    25] loss: 8.6566 acc: 14.0000
[54,    26] loss: 7.6226 acc: 13.4615
[54,    27] loss: 2.3026 acc: 12.9630
[54,    28] loss: 2.3026 acc: 13.3929
[54,    29] loss: 2.2762 acc: 13.7931
[54,    30] loss: 2.3026 acc: 14.1667
[54,    31] loss: 2.2499 acc: 14.5161
[54,    32] loss: 2.3026 acc: 14.0625
[55,     1] loss: 2.3026 acc: 0.0000
[55,     2] loss: 2.2762 acc: 12.5000
[55,     3] loss: 8.6094 acc: 16.6667
[55,     4] loss: 2.2762 acc: 12.5000
[55,     5] loss: 2.3026 acc: 15.0000
[55,     6] loss: 2.2205 acc: 12.5000
[55,     7] loss: 8.3532 acc: 10.7143
[55,     8] loss: 2.2499 acc: 9.3750
[55,     9] loss: 2.2205 acc: 8.3333
[55,    10] loss: 2.2762 acc: 7.5000
[55,    11] loss: 2.3026 acc: 6.8182
[55,    12] loss: 2.2762 acc: 6.2500
[55,    13] loss: 2.2499 acc: 9.6154
[55,    14] loss: 8.5854 acc: 8.9286
[55,    15] loss: 2.1941 acc: 8.3333
[55,    16] loss: 2.2499 acc: 7.8125
[55,    17] loss: 2.2205 acc: 7.3529
[55,    18] loss: 2.2499 acc: 9.7222
[55,    19] loss: 8.6125 acc: 10.5263
[55,    20] loss: 10.3812 acc: 10.0000
[55,    21] loss: 2.2762 acc: 9.5238
[55,    22] loss: 2.2468 acc: 9.0909
[55,    23] loss: 2.2762 acc: 8.6957
[55,    24] loss: 2.3026 acc: 9.3750
[55,    25] loss: 2.1972 acc: 9.0000
[55,    26] loss: 2.2762 acc: 9.6154
[55,    27] loss: 2.2499 acc: 9.2593
[55,    28] loss: 2.2762 acc: 8.9286
[55,    29] loss: 2.2762 acc: 8.6207
[55,    30] loss: 6.2437 acc: 8.3333
[55,    31] loss: 13.2760 acc: 8.0645
[55,    32] loss: 2.2499 acc: 7.8125
[56,     1] loss: 8.6390 acc: 0.0000
[56,     2] loss: 2.2468 acc: 0.0000
[56,     3] loss: 2.2499 acc: 8.3333
[56,     4] loss: 2.2499 acc: 6.2500
[56,     5] loss: 2.1941 acc: 5.0000
[56,     6] loss: 8.6389 acc: 4.1667
[56,     7] loss: 2.2499 acc: 7.1429
[56,     8] loss: 2.3026 acc: 9.3750
[56,     9] loss: 2.2237 acc: 8.3333
[56,    10] loss: 2.1941 acc: 7.5000
[56,    11] loss: 2.2468 acc: 9.0909
[56,    12] loss: 8.6092 acc: 8.3333
[56,    13] loss: 2.3026 acc: 7.6923
[56,    14] loss: 2.2499 acc: 8.9286
[56,    15] loss: 2.2205 acc: 8.3333
[56,    16] loss: 2.2762 acc: 7.8125
[56,    17] loss: 2.3026 acc: 8.8235
[56,    18] loss: 2.2762 acc: 9.7222
[56,    19] loss: 2.3026 acc: 9.2105
[56,    20] loss: 2.2762 acc: 8.7500
[56,    21] loss: 2.3026 acc: 8.3333
[56,    22] loss: 8.5512 acc: 7.9545
[56,    23] loss: 2.3026 acc: 7.6087
[56,    24] loss: 2.2939 acc: 7.2917
[56,    25] loss: 2.2236 acc: 7.0000
[56,    26] loss: 2.2205 acc: 6.7308
[56,    27] loss: 2.2762 acc: 6.4815
[56,    28] loss: 2.2499 acc: 6.2500
[56,    29] loss: 2.3026 acc: 6.8966
[56,    30] loss: 2.2499 acc: 6.6667
[56,    31] loss: 2.2205 acc: 7.2581
[56,    32] loss: 2.2499 acc: 7.0312
[57,     1] loss: 2.2205 acc: 25.0000
[57,     2] loss: 2.2762 acc: 37.5000
[57,     3] loss: 2.2468 acc: 41.6667
[57,     4] loss: 2.3026 acc: 37.5000
[57,     5] loss: 2.2205 acc: 35.0000
[57,     6] loss: 2.3120 acc: 29.1667
[57,     7] loss: 8.5863 acc: 25.0000
[57,     8] loss: 2.2236 acc: 21.8750
[57,     9] loss: 8.6390 acc: 19.4444
[57,    10] loss: 2.3026 acc: 20.0000
[57,    11] loss: 2.3026 acc: 18.1818
[57,    12] loss: 2.2762 acc: 16.6667
[57,    13] loss: 2.2762 acc: 17.3077
[57,    14] loss: 2.2763 acc: 16.0714
[57,    15] loss: 8.5898 acc: 15.0000
[57,    16] loss: 8.6375 acc: 14.0625
[57,    17] loss: 2.2499 acc: 13.2353
[57,    18] loss: 2.2499 acc: 12.5000
[57,    19] loss: 2.3026 acc: 11.8421
[57,    20] loss: 2.3026 acc: 11.2500
[57,    21] loss: 2.1871 acc: 10.7143
[57,    22] loss: 8.5573 acc: 10.2273
[57,    23] loss: 6.2073 acc: 9.7826
[57,    24] loss: 2.2499 acc: 9.3750
[57,    25] loss: 8.5544 acc: 10.0000
[57,    26] loss: 8.6271 acc: 9.6154
[57,    27] loss: 2.3026 acc: 10.1852
[57,    28] loss: 2.2762 acc: 10.7143
[57,    29] loss: 2.2205 acc: 10.3448
[57,    30] loss: 2.2134 acc: 10.0000
[57,    31] loss: 1.7352 acc: 10.4839
[57,    32] loss: 2.1941 acc: 10.9375
[58,     1] loss: 1.7269 acc: 25.0000
[58,     2] loss: 2.2762 acc: 12.5000
[58,     3] loss: 2.2762 acc: 8.3333
[58,     4] loss: 8.5582 acc: 18.7500
[58,     5] loss: 2.2762 acc: 15.0000
[58,     6] loss: 2.2762 acc: 16.6667
[58,     7] loss: 2.3026 acc: 14.2857
[58,     8] loss: 2.2762 acc: 15.6250
[58,     9] loss: 2.2468 acc: 19.4444
[58,    10] loss: 9.6484 acc: 20.0000
[58,    11] loss: 2.2499 acc: 18.1818
[58,    12] loss: 2.3026 acc: 16.6667
[58,    13] loss: 2.3026 acc: 15.3846
[58,    14] loss: 2.2236 acc: 14.2857
[58,    15] loss: 2.2205 acc: 13.3333
[58,    16] loss: 8.6347 acc: 12.5000
[58,    17] loss: 2.2499 acc: 13.2353
[58,    18] loss: 2.2762 acc: 13.8889
[58,    19] loss: 3.4968 acc: 13.1579
[58,    20] loss: 2.3026 acc: 15.0000
[58,    21] loss: 2.3026 acc: 14.2857
[58,    22] loss: 2.2236 acc: 13.6364
[58,    23] loss: 2.2762 acc: 13.0435
[58,    24] loss: 2.2762 acc: 15.6250
[58,    25] loss: 2.2762 acc: 15.0000
[58,    26] loss: 2.2236 acc: 14.4231
[58,    27] loss: 14.9364 acc: 13.8889
[58,    28] loss: 2.2838 acc: 14.2857
[58,    29] loss: 2.3026 acc: 13.7931
[58,    30] loss: 2.2767 acc: 13.3333
[58,    31] loss: 2.1576 acc: 15.3226
[58,    32] loss: 2.2762 acc: 15.6250
[59,     1] loss: 2.2762 acc: 50.0000
[59,     2] loss: 2.2762 acc: 37.5000
[59,     3] loss: 2.3026 acc: 33.3333
[59,     4] loss: 2.2236 acc: 25.0000
[59,     5] loss: 2.2499 acc: 20.0000
[59,     6] loss: 2.2499 acc: 16.6667
[59,     7] loss: 2.3026 acc: 14.2857
[59,     8] loss: 8.5950 acc: 12.5000
[59,     9] loss: 8.6371 acc: 11.1111
[59,    10] loss: 2.3026 acc: 10.0000
[59,    11] loss: 2.3026 acc: 9.0909
[59,    12] loss: 2.2762 acc: 8.3333
[59,    13] loss: 2.2762 acc: 7.6923
[59,    14] loss: 2.3026 acc: 8.9286
[59,    15] loss: 2.3026 acc: 10.0000
[59,    16] loss: 2.3026 acc: 9.3750
[59,    17] loss: 2.3026 acc: 8.8235
[59,    18] loss: 2.2468 acc: 8.3333
[59,    19] loss: 2.3026 acc: 7.8947
[59,    20] loss: 2.2499 acc: 7.5000
[59,    21] loss: 2.2762 acc: 8.3333
[59,    22] loss: 2.2499 acc: 7.9545
[59,    23] loss: 2.2499 acc: 8.6957
[59,    24] loss: 2.2762 acc: 10.4167
[59,    25] loss: 2.2205 acc: 10.0000
[59,    26] loss: 2.3026 acc: 9.6154
[59,    27] loss: 2.2762 acc: 9.2593
[59,    28] loss: 8.6235 acc: 9.8214
[59,    29] loss: 8.1663 acc: 9.4828
[59,    30] loss: 2.2762 acc: 9.1667
[59,    31] loss: 2.2499 acc: 8.8710
[59,    32] loss: 2.3026 acc: 8.5938
[60,     1] loss: 2.2762 acc: 25.0000
[60,     2] loss: 8.5643 acc: 25.0000
[60,     3] loss: 2.2236 acc: 16.6667
[60,     4] loss: 2.2499 acc: 12.5000
[60,     5] loss: 8.5771 acc: 10.0000
[60,     6] loss: 2.2762 acc: 8.3333
[60,     7] loss: 2.3026 acc: 7.1429
[60,     8] loss: 6.8845 acc: 6.2500
[60,     9] loss: 8.6111 acc: 11.1111
[60,    10] loss: 2.2762 acc: 12.5000
[60,    11] loss: 2.3026 acc: 11.3636
[60,    12] loss: 2.2762 acc: 10.4167
[60,    13] loss: 2.2499 acc: 9.6154
[60,    14] loss: 2.2762 acc: 8.9286
[60,    15] loss: 1.6479 acc: 10.0000
[60,    16] loss: 2.2762 acc: 10.9375
[60,    17] loss: 2.2762 acc: 11.7647
[60,    18] loss: 2.2499 acc: 11.1111
[60,    19] loss: 2.2499 acc: 10.5263
[60,    20] loss: 2.2762 acc: 10.0000
[60,    21] loss: 2.3026 acc: 9.5238
[60,    22] loss: 3.2753 acc: 10.2273
[60,    23] loss: 8.6575 acc: 11.9565
[60,    24] loss: 2.2468 acc: 11.4583
[60,    25] loss: 8.5611 acc: 11.0000
[60,    26] loss: 2.2499 acc: 11.5385
[60,    27] loss: 2.3026 acc: 12.0370
[60,    28] loss: 2.2468 acc: 11.6071
[60,    29] loss: 2.2762 acc: 11.2069
[60,    30] loss: 8.5663 acc: 10.8333
[60,    31] loss: 2.1871 acc: 11.2903
[60,    32] loss: 2.2468 acc: 10.9375
[61,     1] loss: 2.3026 acc: 0.0000
[61,     2] loss: 8.6572 acc: 0.0000
[61,     3] loss: 2.3026 acc: 0.0000
[61,     4] loss: 2.3026 acc: 0.0000
[61,     5] loss: 2.2762 acc: 5.0000
[61,     6] loss: 2.2762 acc: 4.1667
[61,     7] loss: 2.2762 acc: 3.5714
[61,     8] loss: 2.3026 acc: 6.2500
[61,     9] loss: 8.6096 acc: 5.5556
[61,    10] loss: 2.2499 acc: 10.0000
[61,    11] loss: 2.1941 acc: 9.0909
[61,    12] loss: 2.2468 acc: 8.3333
[61,    13] loss: 2.2236 acc: 7.6923
[61,    14] loss: 2.2762 acc: 8.9286
[61,    15] loss: 8.6316 acc: 8.3333
[61,    16] loss: 2.2499 acc: 7.8125
[61,    17] loss: 2.2762 acc: 7.3529
[61,    18] loss: 2.3026 acc: 6.9444
[61,    19] loss: 8.7257 acc: 6.5789
[61,    20] loss: 8.6558 acc: 6.2500
[61,    21] loss: 2.2499 acc: 7.1429
[61,    22] loss: 8.6025 acc: 6.8182
[61,    23] loss: 2.2205 acc: 6.5217
[61,    24] loss: 8.5830 acc: 6.2500
[61,    25] loss: 2.2762 acc: 6.0000
[61,    26] loss: 2.2762 acc: 5.7692
[61,    27] loss: 8.6387 acc: 5.5556
[61,    28] loss: 2.2762 acc: 6.2500
[61,    29] loss: 2.2762 acc: 6.8966
[61,    30] loss: 2.1941 acc: 6.6667
[61,    31] loss: 2.3026 acc: 6.4516
[61,    32] loss: 2.2499 acc: 6.2500
[62,     1] loss: 2.3026 acc: 0.0000
[62,     2] loss: 2.2499 acc: 12.5000
[62,     3] loss: 2.2762 acc: 8.3333
[62,     4] loss: 2.2762 acc: 6.2500
[62,     5] loss: 2.2762 acc: 10.0000
[62,     6] loss: 2.2762 acc: 8.3333
[62,     7] loss: 8.6378 acc: 10.7143
[62,     8] loss: 2.3026 acc: 12.5000
[62,     9] loss: 2.3026 acc: 13.8889
[62,    10] loss: 2.2762 acc: 15.0000
[62,    11] loss: 2.3026 acc: 13.6364
[62,    12] loss: 2.2205 acc: 12.5000
[62,    13] loss: 2.2499 acc: 11.5385
[62,    14] loss: 2.3026 acc: 12.5000
[62,    15] loss: 2.1972 acc: 11.6667
[62,    16] loss: 1.6712 acc: 12.5000
[62,    17] loss: 2.3026 acc: 11.7647
[62,    18] loss: 2.2762 acc: 11.1111
[62,    19] loss: 2.2205 acc: 10.5263
[62,    20] loss: 2.3026 acc: 10.0000
[62,    21] loss: 2.2762 acc: 9.5238
[62,    22] loss: 2.2499 acc: 9.0909
[62,    23] loss: 2.2236 acc: 9.7826
[62,    24] loss: 2.2762 acc: 9.3750
[62,    25] loss: 2.2468 acc: 9.0000
[62,    26] loss: 2.2236 acc: 8.6538
[62,    27] loss: 2.1941 acc: 8.3333
[62,    28] loss: 2.2762 acc: 8.0357
[62,    29] loss: 2.3026 acc: 7.7586
[62,    30] loss: 2.2499 acc: 8.3333
[62,    31] loss: 2.2499 acc: 8.0645
[62,    32] loss: 2.2762 acc: 7.8125
[63,     1] loss: 2.3026 acc: 25.0000
[63,     2] loss: 4.2696 acc: 12.5000
[63,     3] loss: 8.5852 acc: 8.3333
[63,     4] loss: 2.2762 acc: 12.5000
[63,     5] loss: 2.2205 acc: 10.0000
[63,     6] loss: 8.4418 acc: 12.5000
[63,     7] loss: 2.2762 acc: 10.7143
[63,     8] loss: 2.3026 acc: 9.3750
[63,     9] loss: 2.2762 acc: 11.1111
[63,    10] loss: 2.1679 acc: 10.0000
[63,    11] loss: 2.2236 acc: 9.0909
[63,    12] loss: 2.2236 acc: 8.3333
[63,    13] loss: 2.2762 acc: 9.6154
[63,    14] loss: 2.2763 acc: 10.7143
[63,    15] loss: 2.2762 acc: 10.0000
[63,    16] loss: 8.5862 acc: 12.5000
[63,    17] loss: 2.1941 acc: 11.7647
[63,    18] loss: 2.2769 acc: 13.8889
[63,    19] loss: 2.3026 acc: 13.1579
[63,    20] loss: 2.2205 acc: 12.5000
[63,    21] loss: 2.2762 acc: 11.9048
[63,    22] loss: 2.2762 acc: 11.3636
[63,    23] loss: 2.2762 acc: 10.8696
[63,    24] loss: 2.2499 acc: 10.4167
[63,    25] loss: 2.2205 acc: 10.0000
[63,    26] loss: 8.6303 acc: 9.6154
[63,    27] loss: 2.1871 acc: 9.2593
[63,    28] loss: 2.2762 acc: 8.9286
[63,    29] loss: 2.3026 acc: 9.4828
[63,    30] loss: 2.3026 acc: 9.1667
[63,    31] loss: 2.2762 acc: 8.8710
[63,    32] loss: 2.2499 acc: 8.5938
[64,     1] loss: 2.2499 acc: 0.0000
[64,     2] loss: 2.2236 acc: 0.0000
[64,     3] loss: 2.3026 acc: 0.0000
[64,     4] loss: 2.2762 acc: 6.2500
[64,     5] loss: 2.2762 acc: 5.0000
[64,     6] loss: 2.2499 acc: 4.1667
[64,     7] loss: 2.3026 acc: 3.5714
[64,     8] loss: 2.3026 acc: 3.1250
[64,     9] loss: 2.1910 acc: 2.7778
[64,    10] loss: 2.3026 acc: 5.0000
[64,    11] loss: 2.2762 acc: 9.0909
[64,    12] loss: 2.2499 acc: 8.3333
[64,    13] loss: 2.3026 acc: 7.6923
[64,    14] loss: 2.2762 acc: 7.1429
[64,    15] loss: 2.3026 acc: 6.6667
[64,    16] loss: 2.2205 acc: 6.2500
[64,    17] loss: 2.3026 acc: 5.8824
[64,    18] loss: 2.3026 acc: 5.5556
[64,    19] loss: 14.8358 acc: 5.2632
[64,    20] loss: 2.2499 acc: 6.2500
[64,    21] loss: 2.2762 acc: 5.9524
[64,    22] loss: 2.2205 acc: 6.8182
[64,    23] loss: 2.3026 acc: 6.5217
[64,    24] loss: 2.2499 acc: 7.2917
[64,    25] loss: 2.2762 acc: 7.0000
[64,    26] loss: 2.2499 acc: 6.7308
[64,    27] loss: 2.2499 acc: 6.4815
[64,    28] loss: 2.2762 acc: 6.2500
[64,    29] loss: 2.2762 acc: 6.0345
[64,    30] loss: 2.2762 acc: 6.6667
[64,    31] loss: 2.2762 acc: 7.2581
[64,    32] loss: 2.2762 acc: 7.8125
[65,     1] loss: 2.3026 acc: 0.0000
[65,     2] loss: 2.3026 acc: 12.5000
[65,     3] loss: 2.2762 acc: 8.3333
[65,     4] loss: 2.2468 acc: 6.2500
[65,     5] loss: 2.2749 acc: 5.0000
[65,     6] loss: 2.2499 acc: 4.1667
[65,     7] loss: 2.2762 acc: 3.5714
[65,     8] loss: 2.2762 acc: 6.2500
[65,     9] loss: 2.3026 acc: 5.5556
[65,    10] loss: 11.6422 acc: 5.0000
[65,    11] loss: 2.2762 acc: 4.5455
[65,    12] loss: 2.2236 acc: 4.1667
[65,    13] loss: 2.2468 acc: 5.7692
[65,    14] loss: 2.2762 acc: 7.1429
[65,    15] loss: 13.8600 acc: 6.6667
[65,    16] loss: 2.2762 acc: 7.8125
[65,    17] loss: 2.2499 acc: 7.3529
[65,    18] loss: 2.2762 acc: 6.9444
[65,    19] loss: 2.2762 acc: 6.5789
[65,    20] loss: 2.2762 acc: 6.2500
[65,    21] loss: 2.3026 acc: 5.9524
[65,    22] loss: 2.3026 acc: 5.6818
[65,    23] loss: 8.5765 acc: 6.5217
[65,    24] loss: 2.2236 acc: 6.2500
[65,    25] loss: 2.3026 acc: 7.0000
[65,    26] loss: 2.2468 acc: 6.7308
[65,    27] loss: 2.2499 acc: 6.4815
[65,    28] loss: 2.2499 acc: 6.2500
[65,    29] loss: 2.2762 acc: 6.0345
[65,    30] loss: 2.2762 acc: 6.6667
[65,    31] loss: 2.4171 acc: 6.4516
[65,    32] loss: 2.2236 acc: 7.8125
[66,     1] loss: 8.3731 acc: 0.0000
[66,     2] loss: 2.2762 acc: 12.5000
[66,     3] loss: 2.2499 acc: 8.3333
[66,     4] loss: 8.6197 acc: 6.2500
[66,     5] loss: 2.2499 acc: 5.0000
[66,     6] loss: 2.2205 acc: 4.1667
[66,     7] loss: 2.2762 acc: 3.5714
[66,     8] loss: 1.6751 acc: 6.2500
[66,     9] loss: 2.3026 acc: 5.5556
[66,    10] loss: 2.3026 acc: 5.0000
[66,    11] loss: 2.2499 acc: 4.5455
[66,    12] loss: 2.2762 acc: 6.2500
[66,    13] loss: 2.3026 acc: 5.7692
[66,    14] loss: 2.3026 acc: 7.1429
[66,    15] loss: 2.2468 acc: 6.6667
[66,    16] loss: 8.5548 acc: 6.2500
[66,    17] loss: 2.2499 acc: 5.8824
[66,    18] loss: 2.2762 acc: 5.5556
[66,    19] loss: 2.2499 acc: 6.5789
[66,    20] loss: 2.2499 acc: 7.5000
[66,    21] loss: 1.6712 acc: 8.3333
[66,    22] loss: 2.2762 acc: 7.9545
[66,    23] loss: 2.3026 acc: 7.6087
[66,    24] loss: 2.2762 acc: 8.3333
[66,    25] loss: 2.2762 acc: 8.0000
[66,    26] loss: 2.3026 acc: 7.6923
[66,    27] loss: 2.2762 acc: 7.4074
[66,    28] loss: 2.2762 acc: 7.1429
[66,    29] loss: 2.2236 acc: 6.8966
[66,    30] loss: 8.6127 acc: 6.6667
[66,    31] loss: 2.2762 acc: 6.4516
[66,    32] loss: 1.6743 acc: 7.8125
[67,     1] loss: 2.3026 acc: 25.0000
[67,     2] loss: 2.2499 acc: 12.5000
[67,     3] loss: 2.2762 acc: 8.3333
[67,     4] loss: 2.2762 acc: 6.2500
[67,     5] loss: 2.2499 acc: 5.0000
[67,     6] loss: 2.2762 acc: 4.1667
[67,     7] loss: 2.2762 acc: 7.1429
[67,     8] loss: 6.8058 acc: 6.2500
[67,     9] loss: 2.2762 acc: 5.5556
[67,    10] loss: 2.2762 acc: 5.0000
[67,    11] loss: 1.6712 acc: 9.0909
[67,    12] loss: 2.2499 acc: 8.3333
[67,    13] loss: 2.2763 acc: 9.6154
[67,    14] loss: 8.6296 acc: 10.7143
[67,    15] loss: 2.2468 acc: 11.6667
[67,    16] loss: 2.2762 acc: 10.9375
[67,    17] loss: 2.2499 acc: 10.2941
[67,    18] loss: 8.5655 acc: 9.7222
[67,    19] loss: 2.3026 acc: 9.2105
[67,    20] loss: 2.3026 acc: 8.7500
[67,    21] loss: 2.2499 acc: 8.3333
[67,    22] loss: 2.2205 acc: 10.2273
[67,    23] loss: 2.2762 acc: 10.8696
[67,    24] loss: 2.2762 acc: 11.4583
[67,    25] loss: 2.2468 acc: 13.0000
[67,    26] loss: 2.2499 acc: 12.5000
[67,    27] loss: 2.1941 acc: 12.0370
[67,    28] loss: 2.2236 acc: 12.5000
[67,    29] loss: 2.2499 acc: 12.0690
[67,    30] loss: 2.2205 acc: 11.6667
[67,    31] loss: 2.2499 acc: 12.0968
[67,    32] loss: 2.3026 acc: 11.7188
[68,     1] loss: 2.2762 acc: 0.0000
[68,     2] loss: 2.2762 acc: 25.0000
[68,     3] loss: 2.2468 acc: 25.0000
[68,     4] loss: 2.3026 acc: 18.7500
[68,     5] loss: 7.9208 acc: 20.0000
[68,     6] loss: 2.3026 acc: 16.6667
[68,     7] loss: 2.2762 acc: 17.8571
[68,     8] loss: 1.6712 acc: 18.7500
[68,     9] loss: 2.2236 acc: 19.4444
[68,    10] loss: 2.2762 acc: 20.0000
[68,    11] loss: 2.2762 acc: 18.1818
[68,    12] loss: 2.3026 acc: 16.6667
[68,    13] loss: 2.2236 acc: 15.3846
[68,    14] loss: 2.3026 acc: 14.2857
[68,    15] loss: 2.2499 acc: 15.0000
[68,    16] loss: 8.4397 acc: 14.0625
[68,    17] loss: 6.5229 acc: 13.2353
[68,    18] loss: 2.2205 acc: 12.5000
[68,    19] loss: 2.3026 acc: 11.8421
[68,    20] loss: 2.2762 acc: 11.2500
[68,    21] loss: 1.6712 acc: 11.9048
[68,    22] loss: 2.2525 acc: 12.5000
[68,    23] loss: 1.6743 acc: 13.0435
[68,    24] loss: 2.2762 acc: 12.5000
[68,    25] loss: 2.2762 acc: 13.0000
[68,    26] loss: 2.3026 acc: 12.5000
[68,    27] loss: 2.3026 acc: 12.0370
[68,    28] loss: 8.5854 acc: 11.6071
[68,    29] loss: 1.7006 acc: 12.0690
[68,    30] loss: 2.3026 acc: 12.5000
[68,    31] loss: 2.2205 acc: 12.0968
[68,    32] loss: 2.2499 acc: 11.7188
[69,     1] loss: 2.2762 acc: 0.0000
[69,     2] loss: 2.2762 acc: 12.5000
[69,     3] loss: 2.3026 acc: 25.0000
[69,     4] loss: 2.3026 acc: 25.0000
[69,     5] loss: 2.2763 acc: 25.0000
[69,     6] loss: 8.1567 acc: 25.0000
[69,     7] loss: 2.2499 acc: 21.4286
[69,     8] loss: 2.3026 acc: 18.7500
[69,     9] loss: 2.2499 acc: 16.6667
[69,    10] loss: 8.6653 acc: 15.0000
[69,    11] loss: 2.2468 acc: 15.9091
[69,    12] loss: 2.2762 acc: 16.6667
[69,    13] loss: 2.2762 acc: 17.3077
[69,    14] loss: 8.7135 acc: 16.0714
[69,    15] loss: 2.2762 acc: 16.6667
[69,    16] loss: 2.3026 acc: 17.1875
[69,    17] loss: 2.2763 acc: 16.1765
[69,    18] loss: 2.2762 acc: 16.6667
[69,    19] loss: 2.2762 acc: 15.7895
[69,    20] loss: 2.2762 acc: 15.0000
[69,    21] loss: 2.2499 acc: 14.2857
[69,    22] loss: 2.2762 acc: 14.7727
[69,    23] loss: 2.2762 acc: 14.1304
[69,    24] loss: 2.3026 acc: 15.6250
[69,    25] loss: 1.7347 acc: 16.0000
[69,    26] loss: 2.1910 acc: 15.3846
[69,    27] loss: 2.2762 acc: 14.8148
[69,    28] loss: 2.2762 acc: 14.2857
[69,    29] loss: 2.2499 acc: 13.7931
[69,    30] loss: 2.2236 acc: 13.3333
[69,    31] loss: 2.2468 acc: 14.5161
[69,    32] loss: 7.8248 acc: 14.8438
[70,     1] loss: 2.2499 acc: 0.0000
[70,     2] loss: 2.2468 acc: 12.5000
[70,     3] loss: 2.2499 acc: 8.3333
[70,     4] loss: 2.3026 acc: 12.5000
[70,     5] loss: 4.2570 acc: 10.0000
[70,     6] loss: 2.3026 acc: 8.3333
[70,     7] loss: 1.6766 acc: 10.7143
[70,     8] loss: 2.2205 acc: 12.5000
[70,     9] loss: 2.2205 acc: 11.1111
[70,    10] loss: 2.2499 acc: 10.0000
[70,    11] loss: 2.2499 acc: 11.3636
[70,    12] loss: 2.1941 acc: 12.5000
[70,    13] loss: 2.3026 acc: 11.5385
[70,    14] loss: 8.3691 acc: 10.7143
[70,    15] loss: 2.2499 acc: 10.0000
[70,    16] loss: 2.2499 acc: 9.3750
[70,    17] loss: 2.3026 acc: 8.8235
[70,    18] loss: 2.2503 acc: 11.1111
[70,    19] loss: 2.2762 acc: 10.5263
[70,    20] loss: 2.2762 acc: 10.0000
[70,    21] loss: 2.2762 acc: 10.7143
[70,    22] loss: 2.1871 acc: 11.3636
[70,    23] loss: 8.5785 acc: 10.8696
[70,    24] loss: 2.2762 acc: 10.4167
[70,    25] loss: 2.2762 acc: 10.0000
[70,    26] loss: 2.2762 acc: 10.5769
[70,    27] loss: 2.2468 acc: 10.1852
[70,    28] loss: 2.2762 acc: 12.5000
[70,    29] loss: 2.3026 acc: 12.9310
[70,    30] loss: 2.2499 acc: 12.5000
[70,    31] loss: 2.2762 acc: 12.0968
[70,    32] loss: 2.2499 acc: 12.5000
[71,     1] loss: 2.2762 acc: 25.0000
[71,     2] loss: 8.6262 acc: 12.5000
[71,     3] loss: 2.3026 acc: 8.3333
[71,     4] loss: 2.2468 acc: 12.5000
[71,     5] loss: 2.2236 acc: 10.0000
[71,     6] loss: 2.3026 acc: 8.3333
[71,     7] loss: 2.3026 acc: 7.1429
[71,     8] loss: 2.2499 acc: 6.2500
[71,     9] loss: 2.3026 acc: 8.3333
[71,    10] loss: 2.2762 acc: 10.0000
[71,    11] loss: 2.2762 acc: 11.3636
[71,    12] loss: 6.8228 acc: 12.5000
[71,    13] loss: 2.3026 acc: 11.5385
[71,    14] loss: 2.3026 acc: 10.7143
[71,    15] loss: 2.2762 acc: 13.3333
[71,    16] loss: 2.3149 acc: 12.5000
[71,    17] loss: 2.3026 acc: 13.2353
[71,    18] loss: 2.2499 acc: 12.5000
[71,    19] loss: 2.2762 acc: 11.8421
[71,    20] loss: 2.2205 acc: 11.2500
[71,    21] loss: 2.2236 acc: 10.7143
[71,    22] loss: 2.2762 acc: 13.6364
[71,    23] loss: 2.2499 acc: 13.0435
[71,    24] loss: 2.2499 acc: 13.5417
[71,    25] loss: 2.2236 acc: 13.0000
[71,    26] loss: 2.2205 acc: 12.5000
[71,    27] loss: 8.6337 acc: 12.0370
[71,    28] loss: 2.1871 acc: 11.6071
[71,    29] loss: 2.3026 acc: 11.2069
[71,    30] loss: 2.2762 acc: 11.6667
[71,    31] loss: 8.6336 acc: 11.2903
[71,    32] loss: 2.2468 acc: 10.9375
[72,     1] loss: 2.2499 acc: 0.0000
[72,     2] loss: 2.2762 acc: 12.5000
[72,     3] loss: 2.1941 acc: 8.3333
[72,     4] loss: 2.3026 acc: 6.2500
[72,     5] loss: 2.2762 acc: 5.0000
[72,     6] loss: 1.6715 acc: 8.3333
[72,     7] loss: 2.2762 acc: 7.1429
[72,     8] loss: 2.2236 acc: 12.5000
[72,     9] loss: 2.3026 acc: 11.1111
[72,    10] loss: 1.5851 acc: 12.5000
[72,    11] loss: 2.2762 acc: 13.6364
[72,    12] loss: 2.2762 acc: 12.5000
[72,    13] loss: 2.2499 acc: 11.5385
[72,    14] loss: 2.2762 acc: 10.7143
[72,    15] loss: 2.3026 acc: 11.6667
[72,    16] loss: 2.2762 acc: 10.9375
[72,    17] loss: 8.2755 acc: 10.2941
[72,    18] loss: 2.2499 acc: 12.5000
[72,    19] loss: 2.2207 acc: 11.8421
[72,    20] loss: 2.2762 acc: 11.2500
[72,    21] loss: 2.3026 acc: 10.7143
[72,    22] loss: 2.1678 acc: 11.3636
[72,    23] loss: 2.2499 acc: 11.9565
[72,    24] loss: 8.5918 acc: 11.4583
[72,    25] loss: 2.3026 acc: 11.0000
[72,    26] loss: 2.3026 acc: 11.5385
[72,    27] loss: 3.1492 acc: 11.1111
[72,    28] loss: 8.5830 acc: 10.7143
[72,    29] loss: 2.2205 acc: 12.0690
[72,    30] loss: 2.3026 acc: 12.5000
[72,    31] loss: 2.3026 acc: 12.0968
[72,    32] loss: 8.5814 acc: 11.7188
[73,     1] loss: 1.6743 acc: 25.0000
[73,     2] loss: 2.3026 acc: 12.5000
[73,     3] loss: 2.2134 acc: 16.6667
[73,     4] loss: 2.2499 acc: 18.7500
[73,     5] loss: 8.5398 acc: 15.0000
[73,     6] loss: 2.2762 acc: 12.5000
[73,     7] loss: 7.7830 acc: 10.7143
[73,     8] loss: 2.2205 acc: 12.5000
[73,     9] loss: 2.1576 acc: 13.8889
[73,    10] loss: 2.3026 acc: 12.5000
[73,    11] loss: 4.2515 acc: 13.6364
[73,    12] loss: 2.2762 acc: 12.5000
[73,    13] loss: 2.2499 acc: 13.4615
[73,    14] loss: 2.2762 acc: 12.5000
[73,    15] loss: 2.2762 acc: 13.3333
[73,    16] loss: 8.4369 acc: 12.5000
[73,    17] loss: 8.5459 acc: 11.7647
[73,    18] loss: 2.2762 acc: 12.5000
[73,    19] loss: 2.3026 acc: 13.1579
[73,    20] loss: 8.5109 acc: 12.5000
[73,    21] loss: 11.2975 acc: 13.0952
[73,    22] loss: 2.2762 acc: 13.6364
[73,    23] loss: 2.3026 acc: 13.0435
[73,    24] loss: 2.3026 acc: 13.5417
[73,    25] loss: 2.3026 acc: 13.0000
[73,    26] loss: 2.3026 acc: 13.4615
[73,    27] loss: 2.2762 acc: 13.8889
[73,    28] loss: 2.2762 acc: 14.2857
[73,    29] loss: 2.2762 acc: 13.7931
[73,    30] loss: 2.2499 acc: 13.3333
[73,    31] loss: 1.7269 acc: 13.7097
[73,    32] loss: 8.5399 acc: 13.2812
[74,     1] loss: 2.2500 acc: 0.0000
[74,     2] loss: 2.2468 acc: 25.0000
[74,     3] loss: 2.3026 acc: 16.6667
[74,     4] loss: 2.2499 acc: 12.5000
[74,     5] loss: 2.5275 acc: 10.0000
[74,     6] loss: 2.2762 acc: 12.5000
[74,     7] loss: 2.2499 acc: 10.7143
[74,     8] loss: 4.8161 acc: 9.3750
[74,     9] loss: 2.2762 acc: 8.3333
[74,    10] loss: 2.2499 acc: 7.5000
[74,    11] loss: 8.6315 acc: 9.0909
[74,    12] loss: 2.3026 acc: 8.3333
[74,    13] loss: 2.2499 acc: 7.6923
[74,    14] loss: 2.2468 acc: 7.1429
[74,    15] loss: 2.2499 acc: 6.6667
[74,    16] loss: 2.2762 acc: 9.3750
[74,    17] loss: 2.3026 acc: 10.2941
[74,    18] loss: 2.2468 acc: 11.1111
[74,    19] loss: 2.2134 acc: 11.8421
[74,    20] loss: 8.2073 acc: 12.5000
[74,    21] loss: 2.2499 acc: 13.0952
[74,    22] loss: 2.2205 acc: 13.6364
[74,    23] loss: 2.3969 acc: 13.0435
[74,    24] loss: 2.2499 acc: 12.5000
[74,    25] loss: 2.2762 acc: 12.0000
[74,    26] loss: 2.2236 acc: 13.4615
[74,    27] loss: 2.2468 acc: 12.9630
[74,    28] loss: 2.2762 acc: 12.5000
[74,    29] loss: 2.2762 acc: 12.9310
[74,    30] loss: 2.1678 acc: 12.5000
[74,    31] loss: 2.2499 acc: 12.0968
[74,    32] loss: 2.2468 acc: 11.7188
[75,     1] loss: 2.3026 acc: 25.0000
[75,     2] loss: 2.2762 acc: 12.5000
[75,     3] loss: 2.1910 acc: 16.6667
[75,     4] loss: 2.2762 acc: 18.7500
[75,     5] loss: 2.2468 acc: 15.0000
[75,     6] loss: 8.5799 acc: 12.5000
[75,     7] loss: 2.2762 acc: 10.7143
[75,     8] loss: 2.3026 acc: 12.5000
[75,     9] loss: 2.2499 acc: 16.6667
[75,    10] loss: 2.3026 acc: 15.0000
[75,    11] loss: 2.3026 acc: 13.6364
[75,    12] loss: 2.3026 acc: 16.6667
[75,    13] loss: 2.2499 acc: 17.3077
[75,    14] loss: 2.2762 acc: 16.0714
[75,    15] loss: 2.2762 acc: 16.6667
[75,    16] loss: 2.3026 acc: 15.6250
[75,    17] loss: 2.3026 acc: 14.7059
[75,    18] loss: 8.6369 acc: 13.8889
[75,    19] loss: 2.1607 acc: 14.4737
[75,    20] loss: 2.2205 acc: 13.7500
[75,    21] loss: 2.2236 acc: 14.2857
[75,    22] loss: 2.2762 acc: 13.6364
[75,    23] loss: 1.7006 acc: 15.2174
[75,    24] loss: 2.2762 acc: 14.5833
[75,    25] loss: 2.2762 acc: 14.0000
[75,    26] loss: 2.3026 acc: 13.4615
[75,    27] loss: 2.3026 acc: 13.8889
[75,    28] loss: 2.2762 acc: 13.3929
[75,    29] loss: 2.2499 acc: 13.7931
[75,    30] loss: 2.3026 acc: 14.1667
[75,    31] loss: 2.2134 acc: 13.7097
[75,    32] loss: 2.3026 acc: 14.0625
[76,     1] loss: 2.3026 acc: 25.0000
[76,     2] loss: 2.2236 acc: 25.0000
[76,     3] loss: 2.3026 acc: 16.6667
[76,     4] loss: 2.3026 acc: 12.5000
[76,     5] loss: 2.2499 acc: 10.0000
[76,     6] loss: 8.5790 acc: 8.3333
[76,     7] loss: 2.2205 acc: 7.1429
[76,     8] loss: 2.2762 acc: 9.3750
[76,     9] loss: 2.2499 acc: 16.6667
[76,    10] loss: 2.2205 acc: 20.0000
[76,    11] loss: 2.3026 acc: 18.1818
[76,    12] loss: 8.5177 acc: 16.6667
[76,    13] loss: 2.2499 acc: 15.3846
[76,    14] loss: 8.2676 acc: 16.0714
[76,    15] loss: 2.3026 acc: 15.0000
[76,    16] loss: 2.2762 acc: 15.6250
[76,    17] loss: 2.3026 acc: 14.7059
[76,    18] loss: 2.3026 acc: 13.8889
[76,    19] loss: 2.3026 acc: 13.1579
[76,    20] loss: 2.2762 acc: 13.7500
[76,    21] loss: 2.1941 acc: 13.0952
[76,    22] loss: 2.2762 acc: 12.5000
[76,    23] loss: 8.5735 acc: 11.9565
[76,    24] loss: 2.2205 acc: 11.4583
[76,    25] loss: 2.2499 acc: 11.0000
[76,    26] loss: 2.2762 acc: 11.5385
[76,    27] loss: 2.2762 acc: 12.0370
[76,    28] loss: 2.2499 acc: 11.6071
[76,    29] loss: 8.0481 acc: 12.0690
[76,    30] loss: 2.2762 acc: 11.6667
[76,    31] loss: 2.2762 acc: 12.0968
[76,    32] loss: 2.2762 acc: 11.7188
[77,     1] loss: 2.3026 acc: 0.0000
[77,     2] loss: 2.2468 acc: 12.5000
[77,     3] loss: 2.2762 acc: 16.6667
[77,     4] loss: 8.2828 acc: 18.7500
[77,     5] loss: 2.2499 acc: 15.0000
[77,     6] loss: 2.2762 acc: 12.5000
[77,     7] loss: 2.2762 acc: 10.7143
[77,     8] loss: 2.2762 acc: 9.3750
[77,     9] loss: 8.5832 acc: 8.3333
[77,    10] loss: 2.2762 acc: 7.5000
[77,    11] loss: 8.6266 acc: 6.8182
[77,    12] loss: 2.2762 acc: 6.2500
[77,    13] loss: 2.2468 acc: 5.7692
[77,    14] loss: 2.2762 acc: 5.3571
[77,    15] loss: 2.3026 acc: 6.6667
[77,    16] loss: 2.3026 acc: 6.2500
[77,    17] loss: 2.2499 acc: 10.2941
[77,    18] loss: 2.3026 acc: 9.7222
[77,    19] loss: 2.2762 acc: 9.2105
[77,    20] loss: 2.2499 acc: 10.0000
[77,    21] loss: 2.2762 acc: 11.9048
[77,    22] loss: 2.2499 acc: 12.5000
[77,    23] loss: 2.3026 acc: 13.0435
[77,    24] loss: 2.2762 acc: 13.5417
[77,    25] loss: 2.2499 acc: 13.0000
[77,    26] loss: 2.2762 acc: 13.4615
[77,    27] loss: 2.1576 acc: 13.8889
[77,    28] loss: 2.2205 acc: 13.3929
[77,    29] loss: 1.7269 acc: 13.7931
[77,    30] loss: 2.2762 acc: 13.3333
[77,    31] loss: 2.3026 acc: 12.9032
[77,    32] loss: 2.3026 acc: 12.5000
[78,     1] loss: 2.2236 acc: 25.0000
[78,     2] loss: 2.3026 acc: 25.0000
[78,     3] loss: 2.2499 acc: 16.6667
[78,     4] loss: 8.2966 acc: 18.7500
[78,     5] loss: 2.2762 acc: 20.0000
[78,     6] loss: 6.9018 acc: 20.8333
[78,     7] loss: 2.2236 acc: 17.8571
[78,     8] loss: 2.2762 acc: 15.6250
[78,     9] loss: 2.2205 acc: 13.8889
[78,    10] loss: 2.2762 acc: 12.5000
[78,    11] loss: 2.2205 acc: 11.3636
[78,    12] loss: 2.2762 acc: 12.5000
[78,    13] loss: 2.2499 acc: 11.5385
[78,    14] loss: 2.3026 acc: 10.7143
[78,    15] loss: 2.2762 acc: 10.0000
[78,    16] loss: 2.2205 acc: 9.3750
[78,    17] loss: 8.4958 acc: 8.8235
[78,    18] loss: 2.2762 acc: 9.7222
[78,    19] loss: 1.9728 acc: 10.5263
[78,    20] loss: 2.2205 acc: 10.0000
[78,    21] loss: 2.1950 acc: 9.5238
[78,    22] loss: 2.3026 acc: 11.3636
[78,    23] loss: 2.2468 acc: 10.8696
[78,    24] loss: 2.2499 acc: 10.4167
[78,    25] loss: 2.2762 acc: 10.0000
[78,    26] loss: 2.2236 acc: 9.6154
[78,    27] loss: 3.2626 acc: 9.2593
[78,    28] loss: 2.2468 acc: 9.8214
[78,    29] loss: 2.3026 acc: 9.4828
[78,    30] loss: 2.3026 acc: 9.1667
[78,    31] loss: 2.2762 acc: 8.8710
[78,    32] loss: 2.2762 acc: 8.5938
[79,     1] loss: 2.2205 acc: 25.0000
[79,     2] loss: 2.2762 acc: 12.5000
[79,     3] loss: 8.6363 acc: 8.3333
[79,     4] loss: 2.2762 acc: 12.5000
[79,     5] loss: 2.2762 acc: 15.0000
[79,     6] loss: 2.2762 acc: 16.6667
[79,     7] loss: 8.5796 acc: 17.8571
[79,     8] loss: 2.2499 acc: 15.6250
[79,     9] loss: 2.1941 acc: 13.8889
[79,    10] loss: 2.2468 acc: 15.0000
[79,    11] loss: 2.3026 acc: 13.6364
[79,    12] loss: 2.2236 acc: 12.5000
[79,    13] loss: 2.1383 acc: 11.5385
[79,    14] loss: 2.2762 acc: 10.7143
[79,    15] loss: 2.2762 acc: 10.0000
[79,    16] loss: 8.5859 acc: 9.3750
[79,    17] loss: 2.2468 acc: 8.8235
[79,    18] loss: 2.2236 acc: 11.1111
[79,    19] loss: 2.2499 acc: 10.5263
[79,    20] loss: 2.2499 acc: 12.5000
[79,    21] loss: 8.5245 acc: 13.0952
[79,    22] loss: 2.2762 acc: 12.5000
[79,    23] loss: 2.2205 acc: 11.9565
[79,    24] loss: 2.3026 acc: 12.5000
[79,    25] loss: 2.3026 acc: 12.0000
[79,    26] loss: 2.2762 acc: 11.5385
[79,    27] loss: 2.2762 acc: 11.1111
[79,    28] loss: 4.9992 acc: 10.7143
[79,    29] loss: 2.2499 acc: 10.3448
[79,    30] loss: 2.2499 acc: 10.0000
[79,    31] loss: 8.6341 acc: 9.6774
[79,    32] loss: 2.2762 acc: 10.1562
[80,     1] loss: 14.5022 acc: 0.0000
[80,     2] loss: 2.2499 acc: 0.0000
[80,     3] loss: 8.0265 acc: 0.0000
[80,     4] loss: 2.3026 acc: 0.0000
[80,     5] loss: 1.7269 acc: 5.0000
[80,     6] loss: 2.3026 acc: 4.1667
[80,     7] loss: 8.0771 acc: 3.5714
[80,     8] loss: 2.2236 acc: 9.3750
[80,     9] loss: 2.2762 acc: 8.3333
[80,    10] loss: 2.2762 acc: 7.5000
[80,    11] loss: 2.2499 acc: 9.0909
[80,    12] loss: 6.6402 acc: 8.3333
[80,    13] loss: 2.2762 acc: 7.6923
[80,    14] loss: 2.2762 acc: 7.1429
[80,    15] loss: 2.3026 acc: 6.6667
[80,    16] loss: 7.7272 acc: 6.2500
[80,    17] loss: 2.2236 acc: 7.3529
[80,    18] loss: 2.2205 acc: 8.3333
[80,    19] loss: 8.6072 acc: 9.2105
[80,    20] loss: 2.3026 acc: 8.7500
[80,    21] loss: 8.6136 acc: 8.3333
[80,    22] loss: 1.7006 acc: 11.3636
[80,    23] loss: 2.2762 acc: 10.8696
[80,    24] loss: 4.9913 acc: 11.4583
[80,    25] loss: 2.3026 acc: 11.0000
[80,    26] loss: 2.2762 acc: 12.5000
[80,    27] loss: 2.2765 acc: 13.8889
[80,    28] loss: 2.2499 acc: 13.3929
[80,    29] loss: 2.3026 acc: 12.9310
[80,    30] loss: 2.3026 acc: 12.5000
[80,    31] loss: 2.2499 acc: 12.0968
[80,    32] loss: 2.3026 acc: 11.7188
[81,     1] loss: 1.6479 acc: 50.0000
[81,     2] loss: 2.2762 acc: 50.0000
[81,     3] loss: 2.3026 acc: 33.3333
[81,     4] loss: 2.2499 acc: 25.0000
[81,     5] loss: 2.2762 acc: 25.0000
[81,     6] loss: 2.2499 acc: 20.8333
[81,     7] loss: 2.2499 acc: 17.8571
[81,     8] loss: 8.3276 acc: 18.7500
[81,     9] loss: 2.2762 acc: 16.6667
[81,    10] loss: 2.2766 acc: 15.0000
[81,    11] loss: 2.2468 acc: 15.9091
[81,    12] loss: 5.8931 acc: 14.5833
[81,    13] loss: 2.3026 acc: 13.4615
[81,    14] loss: 2.2236 acc: 12.5000
[81,    15] loss: 1.8277 acc: 13.3333
[81,    16] loss: 2.2762 acc: 12.5000
[81,    17] loss: 2.3026 acc: 14.7059
[81,    18] loss: 2.2468 acc: 13.8889
[81,    19] loss: 2.2762 acc: 13.1579
[81,    20] loss: 14.5372 acc: 12.5000
[81,    21] loss: 2.2468 acc: 11.9048
[81,    22] loss: 2.3026 acc: 12.5000
[81,    23] loss: 2.2205 acc: 11.9565
[81,    24] loss: 2.1344 acc: 11.4583
[81,    25] loss: 2.3026 acc: 11.0000
[81,    26] loss: 2.3026 acc: 10.5769
[81,    27] loss: 2.2762 acc: 10.1852
[81,    28] loss: 2.2205 acc: 9.8214
[81,    29] loss: 2.3026 acc: 10.3448
[81,    30] loss: 2.2499 acc: 10.0000
[81,    31] loss: 2.2762 acc: 9.6774
[81,    32] loss: 2.2468 acc: 10.1562
[82,     1] loss: 2.2762 acc: 0.0000
[82,     2] loss: 2.2499 acc: 0.0000
[82,     3] loss: 2.2762 acc: 16.6667
[82,     4] loss: 2.2236 acc: 12.5000
[82,     5] loss: 2.3026 acc: 15.0000
[82,     6] loss: 2.3026 acc: 16.6667
[82,     7] loss: 2.2762 acc: 17.8571
[82,     8] loss: 2.3026 acc: 18.7500
[82,     9] loss: 7.7067 acc: 16.6667
[82,    10] loss: 2.2762 acc: 15.0000
[82,    11] loss: 2.3026 acc: 15.9091
[82,    12] loss: 2.2762 acc: 14.5833
[82,    13] loss: 2.3026 acc: 13.4615
[82,    14] loss: 2.2499 acc: 12.5000
[82,    15] loss: 2.2236 acc: 11.6667
[82,    16] loss: 2.2762 acc: 10.9375
[82,    17] loss: 2.3026 acc: 10.2941
[82,    18] loss: 2.2762 acc: 9.7222
[82,    19] loss: 8.6654 acc: 10.5263
[82,    20] loss: 2.2236 acc: 12.5000
[82,    21] loss: 2.2468 acc: 11.9048
[82,    22] loss: 2.2762 acc: 12.5000
[82,    23] loss: 2.2762 acc: 11.9565
[82,    24] loss: 2.2762 acc: 12.5000
[82,    25] loss: 2.2762 acc: 13.0000
[82,    26] loss: 2.2236 acc: 12.5000
[82,    27] loss: 2.2205 acc: 12.0370
[82,    28] loss: 2.2236 acc: 11.6071
[82,    29] loss: 2.2499 acc: 11.2069
[82,    30] loss: 2.2468 acc: 11.6667
[82,    31] loss: 2.3026 acc: 11.2903
[82,    32] loss: 2.2468 acc: 11.7188
[83,     1] loss: 8.3520 acc: 0.0000
[83,     2] loss: 2.2205 acc: 0.0000
[83,     3] loss: 2.3026 acc: 8.3333
[83,     4] loss: 2.2499 acc: 12.5000
[83,     5] loss: 2.2499 acc: 10.0000
[83,     6] loss: 2.2499 acc: 12.5000
[83,     7] loss: 2.1941 acc: 14.2857
[83,     8] loss: 2.3026 acc: 12.5000
[83,     9] loss: 2.2205 acc: 11.1111
[83,    10] loss: 8.4765 acc: 10.0000
[83,    11] loss: 2.3026 acc: 9.0909
[83,    12] loss: 2.2236 acc: 8.3333
[83,    13] loss: 8.4658 acc: 9.6154
[83,    14] loss: 8.0227 acc: 8.9286
[83,    15] loss: 2.2519 acc: 8.3333
[83,    16] loss: 11.4179 acc: 9.3750
[83,    17] loss: 2.2762 acc: 10.2941
[83,    18] loss: 8.6384 acc: 9.7222
[83,    19] loss: 2.2468 acc: 9.2105
[83,    20] loss: 2.3026 acc: 8.7500
[83,    21] loss: 2.3026 acc: 8.3333
[83,    22] loss: 2.2762 acc: 10.2273
[83,    23] loss: 2.6581 acc: 9.7826
[83,    24] loss: 2.2762 acc: 9.3750
[83,    25] loss: 2.2134 acc: 9.0000
[83,    26] loss: 2.2509 acc: 9.6154
[83,    27] loss: 2.2762 acc: 9.2593
[83,    28] loss: 2.2762 acc: 10.7143
[83,    29] loss: 2.2205 acc: 10.3448
[83,    30] loss: 2.2762 acc: 10.0000
[83,    31] loss: 2.2205 acc: 9.6774
[83,    32] loss: 2.2762 acc: 10.1562
[84,     1] loss: 2.2762 acc: 0.0000
[84,     2] loss: 2.2468 acc: 0.0000
[84,     3] loss: 2.2762 acc: 0.0000
[84,     4] loss: 2.2762 acc: 0.0000
[84,     5] loss: 2.2762 acc: 10.0000
[84,     6] loss: 2.2762 acc: 12.5000
[84,     7] loss: 2.2499 acc: 10.7143
[84,     8] loss: 2.3026 acc: 9.3750
[84,     9] loss: 8.1002 acc: 8.3333
[84,    10] loss: 2.2762 acc: 7.5000
[84,    11] loss: 2.3026 acc: 6.8182
[84,    12] loss: 2.3026 acc: 6.2500
[84,    13] loss: 2.2762 acc: 7.6923
[84,    14] loss: 2.2762 acc: 8.9286
[84,    15] loss: 2.2762 acc: 8.3333
[84,    16] loss: 2.3026 acc: 7.8125
[84,    17] loss: 2.3026 acc: 8.8235
[84,    18] loss: 2.2205 acc: 8.3333
[84,    19] loss: 2.2762 acc: 7.8947
[84,    20] loss: 2.3026 acc: 7.5000
[84,    21] loss: 5.0679 acc: 7.1429
[84,    22] loss: 2.2762 acc: 6.8182
[84,    23] loss: 2.2499 acc: 6.5217
[84,    24] loss: 2.2499 acc: 7.2917
[84,    25] loss: 7.9960 acc: 8.0000
[84,    26] loss: 1.7006 acc: 8.6538
[84,    27] loss: 7.0764 acc: 9.2593
[84,    28] loss: 2.3026 acc: 8.9286
[84,    29] loss: 6.2224 acc: 9.4828
[84,    30] loss: 2.2499 acc: 9.1667
[84,    31] loss: 2.3026 acc: 8.8710
[84,    32] loss: 1.7006 acc: 9.3750
[85,     1] loss: 2.2762 acc: 0.0000
[85,     2] loss: 1.7006 acc: 25.0000
[85,     3] loss: 2.3026 acc: 25.0000
[85,     4] loss: 2.2205 acc: 18.7500
[85,     5] loss: 2.2762 acc: 15.0000
[85,     6] loss: 2.3026 acc: 12.5000
[85,     7] loss: 2.2762 acc: 10.7143
[85,     8] loss: 8.6127 acc: 12.5000
[85,     9] loss: 2.3026 acc: 11.1111
[85,    10] loss: 2.2762 acc: 10.0000
[85,    11] loss: 2.3026 acc: 11.3636
[85,    12] loss: 6.3916 acc: 10.4167
[85,    13] loss: 2.1941 acc: 11.5385
[85,    14] loss: 2.3026 acc: 10.7143
[85,    15] loss: 2.2762 acc: 10.0000
[85,    16] loss: 6.2866 acc: 9.3750
[85,    17] loss: 2.2205 acc: 13.2353
[85,    18] loss: 1.7266 acc: 13.8889
[85,    19] loss: 7.4323 acc: 13.1579
[85,    20] loss: 2.2499 acc: 12.5000
[85,    21] loss: 2.3026 acc: 11.9048
[85,    22] loss: 2.2499 acc: 12.5000
[85,    23] loss: 2.2499 acc: 13.0435
[85,    24] loss: 2.2762 acc: 13.5417
[85,    25] loss: 2.3802 acc: 13.0000
[85,    26] loss: 2.2205 acc: 12.5000
[85,    27] loss: 2.2778 acc: 12.0370
[85,    28] loss: 2.1941 acc: 12.5000
[85,    29] loss: 2.2499 acc: 12.0690
[85,    30] loss: 2.2762 acc: 11.6667
[85,    31] loss: 2.0544 acc: 12.0968
[85,    32] loss: 2.2841 acc: 11.7188
[86,     1] loss: 2.3026 acc: 0.0000
[86,     2] loss: 2.3026 acc: 12.5000
[86,     3] loss: 2.3026 acc: 8.3333
[86,     4] loss: 2.2762 acc: 12.5000
[86,     5] loss: 2.1941 acc: 10.0000
[86,     6] loss: 8.6034 acc: 8.3333
[86,     7] loss: 2.3026 acc: 7.1429
[86,     8] loss: 2.3026 acc: 12.5000
[86,     9] loss: 2.2762 acc: 13.8889
[86,    10] loss: 2.2499 acc: 12.5000
[86,    11] loss: 2.2468 acc: 11.3636
[86,    12] loss: 2.2763 acc: 10.4167
[86,    13] loss: 2.2762 acc: 11.5385
[86,    14] loss: 1.7269 acc: 14.2857
[86,    15] loss: 2.2762 acc: 13.3333
[86,    16] loss: 2.2499 acc: 15.6250
[86,    17] loss: 2.8231 acc: 16.1765
[86,    18] loss: 2.2762 acc: 15.2778
[86,    19] loss: 2.2499 acc: 14.4737
[86,    20] loss: 2.1941 acc: 13.7500
[86,    21] loss: 8.6295 acc: 13.0952
[86,    22] loss: 2.2205 acc: 13.6364
[86,    23] loss: 2.3026 acc: 13.0435
[86,    24] loss: 7.5850 acc: 13.5417
[86,    25] loss: 2.3026 acc: 14.0000
[86,    26] loss: 2.2314 acc: 13.4615
[86,    27] loss: 8.6347 acc: 12.9630
[86,    28] loss: 2.2762 acc: 13.3929
[86,    29] loss: 2.2236 acc: 13.7931
[86,    30] loss: 2.3026 acc: 14.1667
[86,    31] loss: 2.2499 acc: 13.7097
[86,    32] loss: 2.2762 acc: 13.2812
[87,     1] loss: 2.1941 acc: 0.0000
[87,     2] loss: 2.2762 acc: 0.0000
[87,     3] loss: 2.2236 acc: 0.0000
[87,     4] loss: 2.3026 acc: 6.2500
[87,     5] loss: 2.2499 acc: 10.0000
[87,     6] loss: 2.2762 acc: 16.6667
[87,     7] loss: 2.2762 acc: 17.8571
[87,     8] loss: 2.3026 acc: 18.7500
[87,     9] loss: 2.2762 acc: 19.4444
[87,    10] loss: 6.0202 acc: 17.5000
[87,    11] loss: 2.2762 acc: 15.9091
[87,    12] loss: 2.2499 acc: 14.5833
[87,    13] loss: 2.2499 acc: 13.4615
[87,    14] loss: 2.2762 acc: 14.2857
[87,    15] loss: 2.2236 acc: 13.3333
[87,    16] loss: 2.2468 acc: 12.5000
[87,    17] loss: 2.2762 acc: 11.7647
[87,    18] loss: 2.2762 acc: 12.5000
[87,    19] loss: 8.0889 acc: 13.1579
[87,    20] loss: 2.2236 acc: 12.5000
[87,    21] loss: 8.6341 acc: 11.9048
[87,    22] loss: 2.3026 acc: 13.6364
[87,    23] loss: 6.8949 acc: 15.2174
[87,    24] loss: 2.2499 acc: 14.5833
[87,    25] loss: 2.3026 acc: 14.0000
[87,    26] loss: 2.2468 acc: 13.4615
[87,    27] loss: 8.0895 acc: 13.8889
[87,    28] loss: 2.2468 acc: 13.3929
[87,    29] loss: 1.7203 acc: 13.7931
[87,    30] loss: 2.2499 acc: 14.1667
[87,    31] loss: 2.2499 acc: 13.7097
[87,    32] loss: 2.2499 acc: 14.8438
[88,     1] loss: 2.2762 acc: 25.0000
[88,     2] loss: 2.1972 acc: 25.0000
[88,     3] loss: 3.0303 acc: 16.6667
[88,     4] loss: 2.2205 acc: 12.5000
[88,     5] loss: 2.2134 acc: 15.0000
[88,     6] loss: 2.2762 acc: 12.5000
[88,     7] loss: 2.2762 acc: 10.7143
[88,     8] loss: 2.2468 acc: 9.3750
[88,     9] loss: 2.2762 acc: 8.3333
[88,    10] loss: 2.3026 acc: 12.5000
[88,    11] loss: 2.2468 acc: 11.3636
[88,    12] loss: 2.2499 acc: 10.4167
[88,    13] loss: 2.3026 acc: 9.6154
[88,    14] loss: 2.2762 acc: 8.9286
[88,    15] loss: 2.2762 acc: 8.3333
[88,    16] loss: 2.2780 acc: 7.8125
[88,    17] loss: 2.2205 acc: 10.2941
[88,    18] loss: 8.6401 acc: 11.1111
[88,    19] loss: 8.0418 acc: 11.8421
[88,    20] loss: 2.2499 acc: 12.5000
[88,    21] loss: 2.2205 acc: 13.0952
[88,    22] loss: 9.5337 acc: 13.6364
[88,    23] loss: 10.4777 acc: 13.0435
[88,    24] loss: 2.3026 acc: 12.5000
[88,    25] loss: 2.2762 acc: 12.0000
[88,    26] loss: 2.2499 acc: 11.5385
[88,    27] loss: 2.2499 acc: 11.1111
[88,    28] loss: 8.5288 acc: 10.7143
[88,    29] loss: 2.2499 acc: 10.3448
[88,    30] loss: 2.2762 acc: 10.0000
[88,    31] loss: 2.3026 acc: 10.4839
[88,    32] loss: 2.2236 acc: 10.9375
[89,     1] loss: 8.6388 acc: 0.0000
[89,     2] loss: 2.2762 acc: 0.0000
[89,     3] loss: 2.3026 acc: 8.3333
[89,     4] loss: 2.2499 acc: 12.5000
[89,     5] loss: 2.2762 acc: 15.0000
[89,     6] loss: 8.6127 acc: 12.5000
[89,     7] loss: 2.2762 acc: 17.8571
[89,     8] loss: 2.2236 acc: 15.6250
[89,     9] loss: 2.3026 acc: 13.8889
[89,    10] loss: 2.2468 acc: 12.5000
[89,    11] loss: 2.3026 acc: 11.3636
[89,    12] loss: 2.2762 acc: 10.4167
[89,    13] loss: 2.2499 acc: 9.6154
[89,    14] loss: 7.3565 acc: 10.7143
[89,    15] loss: 2.3026 acc: 13.3333
[89,    16] loss: 2.1941 acc: 12.5000
[89,    17] loss: 2.2762 acc: 11.7647
[89,    18] loss: 2.2762 acc: 11.1111
[89,    19] loss: 2.3026 acc: 10.5263
[89,    20] loss: 2.2499 acc: 10.0000
[89,    21] loss: 8.6603 acc: 9.5238
[89,    22] loss: 2.2499 acc: 10.2273
[89,    23] loss: 8.0322 acc: 9.7826
[89,    24] loss: 2.2762 acc: 9.3750
[89,    25] loss: 2.2762 acc: 9.0000
[89,    26] loss: 2.2205 acc: 8.6538
[89,    27] loss: 2.2762 acc: 8.3333
[89,    28] loss: 2.2205 acc: 8.0357
[89,    29] loss: 8.0632 acc: 8.6207
[89,    30] loss: 2.3026 acc: 8.3333
[89,    31] loss: 8.0061 acc: 8.0645
[89,    32] loss: 2.2205 acc: 7.8125
[90,     1] loss: 8.0282 acc: 25.0000
[90,     2] loss: 2.2499 acc: 12.5000
[90,     3] loss: 8.6654 acc: 16.6667
[90,     4] loss: 2.3026 acc: 12.5000
[90,     5] loss: 1.7269 acc: 20.0000
[90,     6] loss: 2.2468 acc: 16.6667
[90,     7] loss: 2.2499 acc: 17.8571
[90,     8] loss: 2.2762 acc: 21.8750
[90,     9] loss: 8.6494 acc: 19.4444
[90,    10] loss: 2.2499 acc: 17.5000
[90,    11] loss: 2.3026 acc: 18.1818
[90,    12] loss: 2.3026 acc: 18.7500
[90,    13] loss: 2.2499 acc: 17.3077
[90,    14] loss: 2.2468 acc: 16.0714
[90,    15] loss: 2.3026 acc: 15.0000
[90,    16] loss: 8.0014 acc: 15.6250
[90,    17] loss: 2.3026 acc: 14.7059
[90,    18] loss: 2.1941 acc: 15.2778
[90,    19] loss: 2.3026 acc: 14.4737
[90,    20] loss: 2.2205 acc: 15.0000
[90,    21] loss: 8.3127 acc: 14.2857
[90,    22] loss: 1.7006 acc: 14.7727
[90,    23] loss: 2.2236 acc: 14.1304
[90,    24] loss: 8.6633 acc: 14.5833
[90,    25] loss: 2.2762 acc: 15.0000
[90,    26] loss: 2.2468 acc: 14.4231
[90,    27] loss: 1.6479 acc: 16.6667
[90,    28] loss: 6.0480 acc: 16.9643
[90,    29] loss: 2.2236 acc: 16.3793
[90,    30] loss: 8.5580 acc: 15.8333
[90,    31] loss: 2.2205 acc: 16.1290
[90,    32] loss: 8.3511 acc: 15.6250
[91,     1] loss: 2.2774 acc: 0.0000
[91,     2] loss: 2.3026 acc: 0.0000
[91,     3] loss: 2.3026 acc: 0.0000
[91,     4] loss: 2.2499 acc: 0.0000
[91,     5] loss: 2.2762 acc: 0.0000
[91,     6] loss: 2.2236 acc: 4.1667
[91,     7] loss: 2.2762 acc: 3.5714
[91,     8] loss: 1.7269 acc: 9.3750
[91,     9] loss: 8.6115 acc: 8.3333
[91,    10] loss: 2.2762 acc: 7.5000
[91,    11] loss: 2.2770 acc: 6.8182
[91,    12] loss: 2.3026 acc: 6.2500
[91,    13] loss: 2.2236 acc: 5.7692
[91,    14] loss: 2.2499 acc: 7.1429
[91,    15] loss: 2.3026 acc: 6.6667
[91,    16] loss: 2.2762 acc: 7.8125
[91,    17] loss: 2.2499 acc: 7.3529
[91,    18] loss: 3.5436 acc: 8.3333
[91,    19] loss: 7.1443 acc: 10.5263
[91,    20] loss: 2.2468 acc: 11.2500
[91,    21] loss: 2.2499 acc: 10.7143
[91,    22] loss: 2.3026 acc: 10.2273
[91,    23] loss: 2.2468 acc: 9.7826
[91,    24] loss: 8.6258 acc: 10.4167
[91,    25] loss: 2.2762 acc: 10.0000
[91,    26] loss: 2.3026 acc: 10.5769
[91,    27] loss: 2.3026 acc: 10.1852
[91,    28] loss: 2.3026 acc: 9.8214
[91,    29] loss: 2.3026 acc: 10.3448
[91,    30] loss: 2.2499 acc: 10.0000
[91,    31] loss: 2.2762 acc: 9.6774
[91,    32] loss: 2.3026 acc: 10.1562
[92,     1] loss: 2.2740 acc: 25.0000
[92,     2] loss: 2.2134 acc: 12.5000
[92,     3] loss: 2.1941 acc: 16.6667
[92,     4] loss: 2.2499 acc: 12.5000
[92,     5] loss: 2.3026 acc: 15.0000
[92,     6] loss: 2.2762 acc: 12.5000
[92,     7] loss: 2.1941 acc: 10.7143
[92,     8] loss: 2.3026 acc: 12.5000
[92,     9] loss: 2.3026 acc: 11.1111
[92,    10] loss: 2.2762 acc: 12.5000
[92,    11] loss: 2.2762 acc: 11.3636
[92,    12] loss: 2.2781 acc: 12.5000
[92,    13] loss: 2.2762 acc: 11.5385
[92,    14] loss: 2.2499 acc: 10.7143
[92,    15] loss: 2.3026 acc: 11.6667
[92,    16] loss: 2.2236 acc: 10.9375
[92,    17] loss: 2.3026 acc: 10.2941
[92,    18] loss: 2.3026 acc: 9.7222
[92,    19] loss: 2.3026 acc: 9.2105
[92,    20] loss: 2.2134 acc: 10.0000
[92,    21] loss: 2.3026 acc: 9.5238
[92,    22] loss: 2.3026 acc: 10.2273
[92,    23] loss: 2.2499 acc: 9.7826
[92,    24] loss: 2.2499 acc: 10.4167
[92,    25] loss: 2.2499 acc: 11.0000
[92,    26] loss: 2.3026 acc: 10.5769
[92,    27] loss: 2.2499 acc: 10.1852
[92,    28] loss: 2.1941 acc: 9.8214
[92,    29] loss: 2.2762 acc: 9.4828
[92,    30] loss: 8.6618 acc: 10.0000
[92,    31] loss: 2.2236 acc: 10.4839
[92,    32] loss: 2.2762 acc: 10.1562
[93,     1] loss: 2.3026 acc: 50.0000
[93,     2] loss: 2.1941 acc: 37.5000
[93,     3] loss: 2.2499 acc: 33.3333
[93,     4] loss: 2.2499 acc: 25.0000
[93,     5] loss: 2.1941 acc: 25.0000
[93,     6] loss: 2.3026 acc: 20.8333
[93,     7] loss: 8.6356 acc: 21.4286
[93,     8] loss: 2.3026 acc: 21.8750
[93,     9] loss: 2.3026 acc: 19.4444
[93,    10] loss: 2.1871 acc: 17.5000
[93,    11] loss: 2.2762 acc: 15.9091
[93,    12] loss: 2.2762 acc: 14.5833
[93,    13] loss: 2.2762 acc: 17.3077
[93,    14] loss: 2.2762 acc: 19.6429
[93,    15] loss: 2.2762 acc: 21.6667
[93,    16] loss: 2.2762 acc: 20.3125
[93,    17] loss: 3.0566 acc: 19.1176
[93,    18] loss: 2.2499 acc: 18.0556
[93,    19] loss: 2.1607 acc: 17.1053
[93,    20] loss: 2.2205 acc: 17.5000
[93,    21] loss: 1.6185 acc: 17.8571
[93,    22] loss: 2.2499 acc: 17.0455
[93,    23] loss: 2.2762 acc: 17.3913
[93,    24] loss: 2.2762 acc: 16.6667
[93,    25] loss: 8.6388 acc: 16.0000
[93,    26] loss: 2.2205 acc: 15.3846
[93,    27] loss: 8.6095 acc: 14.8148
[93,    28] loss: 2.2499 acc: 15.1786
[93,    29] loss: 2.2762 acc: 14.6552
[93,    30] loss: 2.2762 acc: 15.0000
[93,    31] loss: 2.3026 acc: 14.5161
[93,    32] loss: 2.2762 acc: 14.0625
[94,     1] loss: 2.1972 acc: 0.0000
[94,     2] loss: 1.7269 acc: 25.0000
[94,     3] loss: 2.2762 acc: 33.3333
[94,     4] loss: 2.3026 acc: 31.2500
[94,     5] loss: 2.1647 acc: 25.0000
[94,     6] loss: 2.2236 acc: 20.8333
[94,     7] loss: 2.2205 acc: 17.8571
[94,     8] loss: 5.7042 acc: 18.7500
[94,     9] loss: 2.2499 acc: 19.4444
[94,    10] loss: 2.2236 acc: 20.0000
[94,    11] loss: 2.3026 acc: 20.4545
[94,    12] loss: 8.6073 acc: 18.7500
[94,    13] loss: 2.2134 acc: 17.3077
[94,    14] loss: 2.2762 acc: 16.0714
[94,    15] loss: 2.2499 acc: 16.6667
[94,    16] loss: 2.2762 acc: 15.6250
[94,    17] loss: 2.2762 acc: 16.1765
[94,    18] loss: 2.2762 acc: 15.2778
[94,    19] loss: 2.3026 acc: 15.7895
[94,    20] loss: 2.2499 acc: 15.0000
[94,    21] loss: 2.2762 acc: 16.6667
[94,    22] loss: 8.5815 acc: 17.0455
[94,    23] loss: 8.6358 acc: 16.3043
[94,    24] loss: 8.0888 acc: 16.6667
[94,    25] loss: 2.1871 acc: 16.0000
[94,    26] loss: 2.2468 acc: 15.3846
[94,    27] loss: 2.2762 acc: 16.6667
[94,    28] loss: 2.3026 acc: 16.9643
[94,    29] loss: 2.2762 acc: 17.2414
[94,    30] loss: 2.2762 acc: 17.5000
[94,    31] loss: 2.2762 acc: 16.9355
[94,    32] loss: 2.2499 acc: 17.1875
[95,     1] loss: 8.5227 acc: 0.0000
[95,     2] loss: 2.2762 acc: 12.5000
[95,     3] loss: 2.3026 acc: 16.6667
[95,     4] loss: 2.2499 acc: 12.5000
[95,     5] loss: 2.2205 acc: 10.0000
[95,     6] loss: 8.6127 acc: 12.5000
[95,     7] loss: 2.3026 acc: 14.2857
[95,     8] loss: 2.2468 acc: 12.5000
[95,     9] loss: 2.3026 acc: 11.1111
[95,    10] loss: 2.2205 acc: 10.0000
[95,    11] loss: 2.1941 acc: 9.0909
[95,    12] loss: 2.2762 acc: 8.3333
[95,    13] loss: 2.2762 acc: 7.6923
[95,    14] loss: 2.2205 acc: 7.1429
[95,    15] loss: 8.5803 acc: 8.3333
[95,    16] loss: 2.3026 acc: 9.3750
[95,    17] loss: 2.2134 acc: 10.2941
[95,    18] loss: 2.2762 acc: 9.7222
[95,    19] loss: 2.2499 acc: 9.2105
[95,    20] loss: 2.1941 acc: 8.7500
[95,    21] loss: 2.2762 acc: 9.5238
[95,    22] loss: 2.2762 acc: 9.0909
[95,    23] loss: 1.7006 acc: 9.7826
[95,    24] loss: 2.2468 acc: 10.4167
[95,    25] loss: 2.2762 acc: 11.0000
[95,    26] loss: 2.3026 acc: 10.5769
[95,    27] loss: 2.3026 acc: 10.1852
[95,    28] loss: 2.2468 acc: 9.8214
[95,    29] loss: 2.2499 acc: 9.4828
[95,    30] loss: 2.2468 acc: 10.0000
[95,    31] loss: 2.2762 acc: 9.6774
[95,    32] loss: 2.3026 acc: 9.3750
[96,     1] loss: 2.2499 acc: 0.0000
[96,     2] loss: 2.2762 acc: 0.0000
[96,     3] loss: 2.2762 acc: 16.6667
[96,     4] loss: 2.2499 acc: 12.5000
[96,     5] loss: 2.1871 acc: 15.0000
[96,     6] loss: 2.3026 acc: 16.6667
[96,     7] loss: 2.3026 acc: 14.2857
[96,     8] loss: 2.2762 acc: 12.5000
[96,     9] loss: 2.2762 acc: 11.1111
[96,    10] loss: 2.2205 acc: 10.0000
[96,    11] loss: 2.2762 acc: 9.0909
[96,    12] loss: 8.6190 acc: 8.3333
[96,    13] loss: 2.3026 acc: 7.6923
[96,    14] loss: 2.2884 acc: 7.1429
[96,    15] loss: 2.2499 acc: 8.3333
[96,    16] loss: 2.2762 acc: 9.3750
[96,    17] loss: 2.2499 acc: 8.8235
[96,    18] loss: 2.2499 acc: 8.3333
[96,    19] loss: 2.2762 acc: 7.8947
[96,    20] loss: 8.6275 acc: 7.5000
[96,    21] loss: 2.3026 acc: 7.1429
[96,    22] loss: 14.8778 acc: 6.8182
[96,    23] loss: 2.2762 acc: 6.5217
[96,    24] loss: 2.2499 acc: 6.2500
[96,    25] loss: 8.6359 acc: 7.0000
[96,    26] loss: 2.2499 acc: 7.6923
[96,    27] loss: 2.3026 acc: 7.4074
[96,    28] loss: 2.2499 acc: 7.1429
[96,    29] loss: 2.2468 acc: 6.8966
[96,    30] loss: 2.2499 acc: 7.5000
[96,    31] loss: 2.2468 acc: 8.0645
[96,    32] loss: 2.2762 acc: 7.8125
[97,     1] loss: 2.2499 acc: 25.0000
[97,     2] loss: 2.2762 acc: 12.5000
[97,     3] loss: 2.2762 acc: 16.6667
[97,     4] loss: 2.2468 acc: 12.5000
[97,     5] loss: 2.2762 acc: 15.0000
[97,     6] loss: 2.3026 acc: 12.5000
[97,     7] loss: 8.6127 acc: 10.7143
[97,     8] loss: 8.1580 acc: 9.3750
[97,     9] loss: 2.2499 acc: 8.3333
[97,    10] loss: 8.6178 acc: 7.5000
[97,    11] loss: 2.2762 acc: 6.8182
[97,    12] loss: 2.3026 acc: 8.3333
[97,    13] loss: 2.3026 acc: 7.6923
[97,    14] loss: 2.3026 acc: 7.1429
[97,    15] loss: 2.2762 acc: 6.6667
[97,    16] loss: 2.3026 acc: 6.2500
[97,    17] loss: 2.2762 acc: 7.3529
[97,    18] loss: 2.3026 acc: 6.9444
[97,    19] loss: 2.2205 acc: 7.8947
[97,    20] loss: 2.2762 acc: 10.0000
[97,    21] loss: 2.2762 acc: 9.5238
[97,    22] loss: 1.6743 acc: 10.2273
[97,    23] loss: 2.2762 acc: 9.7826
[97,    24] loss: 1.8217 acc: 11.4583
[97,    25] loss: 2.2499 acc: 11.0000
[97,    26] loss: 2.2762 acc: 10.5769
[97,    27] loss: 2.2499 acc: 10.1852
[97,    28] loss: 8.6389 acc: 9.8214
[97,    29] loss: 2.1871 acc: 10.3448
[97,    30] loss: 2.3026 acc: 10.0000
[97,    31] loss: 2.3026 acc: 10.4839
[97,    32] loss: 2.1941 acc: 10.1562
[98,     1] loss: 2.2499 acc: 0.0000
[98,     2] loss: 7.5205 acc: 12.5000
[98,     3] loss: 2.3026 acc: 16.6667
[98,     4] loss: 2.3026 acc: 12.5000
[98,     5] loss: 2.3026 acc: 15.0000
[98,     6] loss: 2.2762 acc: 20.8333
[98,     7] loss: 8.0008 acc: 17.8571
[98,     8] loss: 7.8187 acc: 15.6250
[98,     9] loss: 2.3026 acc: 16.6667
[98,    10] loss: 2.2236 acc: 20.0000
[98,    11] loss: 8.8588 acc: 18.1818
[98,    12] loss: 2.3026 acc: 18.7500
[98,    13] loss: 2.2499 acc: 17.3077
[98,    14] loss: 2.2499 acc: 16.0714
[98,    15] loss: 2.3026 acc: 16.6667
[98,    16] loss: 2.2499 acc: 15.6250
[98,    17] loss: 2.2499 acc: 16.1765
[98,    18] loss: 2.2762 acc: 16.6667
[98,    19] loss: 2.3026 acc: 15.7895
[98,    20] loss: 2.2567 acc: 15.0000
[98,    21] loss: 2.2499 acc: 15.4762
[98,    22] loss: 8.5563 acc: 14.7727
[98,    23] loss: 2.2762 acc: 15.2174
[98,    24] loss: 1.7006 acc: 16.6667
[98,    25] loss: 1.7279 acc: 18.0000
[98,    26] loss: 2.3026 acc: 17.3077
[98,    27] loss: 2.2762 acc: 16.6667
[98,    28] loss: 2.2762 acc: 16.9643
[98,    29] loss: 1.7006 acc: 18.1034
[98,    30] loss: 1.6743 acc: 19.1667
[98,    31] loss: 2.3026 acc: 18.5484
[98,    32] loss: 2.2499 acc: 17.9688
[99,     1] loss: 2.3026 acc: 25.0000
[99,     2] loss: 8.1569 acc: 37.5000
[99,     3] loss: 8.4790 acc: 25.0000
[99,     4] loss: 2.2499 acc: 18.7500
[99,     5] loss: 2.1941 acc: 25.0000
[99,     6] loss: 2.2762 acc: 20.8333
[99,     7] loss: 2.2236 acc: 21.4286
[99,     8] loss: 2.3026 acc: 18.7500
[99,     9] loss: 2.3026 acc: 16.6667
[99,    10] loss: 2.2762 acc: 15.0000
[99,    11] loss: 2.1941 acc: 13.6364
[99,    12] loss: 2.3026 acc: 12.5000
[99,    13] loss: 2.2762 acc: 11.5385
[99,    14] loss: 6.1376 acc: 10.7143
[99,    15] loss: 8.5710 acc: 10.0000
[99,    16] loss: 2.3026 acc: 9.3750
[99,    17] loss: 2.2236 acc: 8.8235
[99,    18] loss: 8.6209 acc: 8.3333
[99,    19] loss: 8.6077 acc: 7.8947
[99,    20] loss: 2.2499 acc: 7.5000
[99,    21] loss: 7.5928 acc: 7.1429
[99,    22] loss: 2.3026 acc: 6.8182
[99,    23] loss: 2.2468 acc: 8.6957
[99,    24] loss: 2.2499 acc: 8.3333
[99,    25] loss: 2.3026 acc: 8.0000
[99,    26] loss: 2.2762 acc: 7.6923
[99,    27] loss: 2.2499 acc: 7.4074
[99,    28] loss: 2.2499 acc: 8.0357
[99,    29] loss: 2.2499 acc: 8.6207
[99,    30] loss: 2.2763 acc: 8.3333
[99,    31] loss: 2.3026 acc: 8.0645
[99,    32] loss: 2.2762 acc: 8.5938
[100,     1] loss: 13.7933 acc: 0.0000
[100,     2] loss: 2.2762 acc: 12.5000
[100,     3] loss: 2.1941 acc: 8.3333
[100,     4] loss: 2.2762 acc: 12.5000
[100,     5] loss: 2.2762 acc: 10.0000
[100,     6] loss: 2.2236 acc: 8.3333
[100,     7] loss: 8.6090 acc: 7.1429
[100,     8] loss: 2.2499 acc: 9.3750
[100,     9] loss: 2.3026 acc: 8.3333
[100,    10] loss: 2.1871 acc: 7.5000
[100,    11] loss: 2.2762 acc: 6.8182
[100,    12] loss: 2.2762 acc: 6.2500
[100,    13] loss: 2.3026 acc: 5.7692
[100,    14] loss: 2.2205 acc: 5.3571
[100,    15] loss: 2.2762 acc: 5.0000
[100,    16] loss: 2.1647 acc: 4.6875
[100,    17] loss: 2.2762 acc: 5.8824
[100,    18] loss: 2.2499 acc: 5.5556
[100,    19] loss: 2.2236 acc: 6.5789
[100,    20] loss: 2.3026 acc: 6.2500
[100,    21] loss: 2.2762 acc: 7.1429
[100,    22] loss: 2.2762 acc: 7.9545
[100,    23] loss: 2.2762 acc: 7.6087
[100,    24] loss: 2.2499 acc: 7.2917
[100,    25] loss: 2.2499 acc: 7.0000
[100,    26] loss: 8.5749 acc: 7.6923
[100,    27] loss: 2.2468 acc: 8.3333
[100,    28] loss: 2.9050 acc: 8.0357
[100,    29] loss: 2.2762 acc: 8.6207
[100,    30] loss: 2.2762 acc: 8.3333
[100,    31] loss: 2.2762 acc: 8.8710
[100,    32] loss: 2.2236 acc: 8.5938
11.011904761904763
[1,     1] loss: 2.5274 acc: 25.0000
[1,     2] loss: 2.1107 acc: 25.0000
[1,     3] loss: 2.6786 acc: 16.6667
[1,     4] loss: 3.3541 acc: 18.7500
[1,     5] loss: 3.2483 acc: 15.0000
[1,     6] loss: 3.0034 acc: 16.6667
[1,     7] loss: 3.2460 acc: 14.2857
[1,     8] loss: 3.6793 acc: 12.5000
[1,     9] loss: 3.5382 acc: 11.1111
[1,    10] loss: 2.8275 acc: 10.0000
[1,    11] loss: 3.3881 acc: 9.0909
[1,    12] loss: 3.3146 acc: 8.3333
[1,    13] loss: 3.0025 acc: 7.6923
[1,    14] loss: 2.7387 acc: 7.1429
[1,    15] loss: 2.1685 acc: 8.3333
[1,    16] loss: 2.0891 acc: 7.8125
[1,    17] loss: 1.9727 acc: 8.8235
[1,    18] loss: 2.5451 acc: 8.3333
[1,    19] loss: 1.8342 acc: 10.5263
[1,    20] loss: 1.9476 acc: 11.2500
[1,    21] loss: 2.2641 acc: 11.9048
[1,    22] loss: 2.5220 acc: 11.3636
[1,    23] loss: 1.9621 acc: 11.9565
[1,    24] loss: 2.6436 acc: 12.5000
[1,    25] loss: 1.5101 acc: 13.0000
[1,    26] loss: 3.2255 acc: 12.5000
[1,    27] loss: 2.7570 acc: 12.9630
[1,    28] loss: 3.0597 acc: 13.3929
[1,    29] loss: 2.3726 acc: 12.9310
[1,    30] loss: 2.9321 acc: 12.5000
[1,    31] loss: 2.7443 acc: 12.0968
[1,    32] loss: 2.5456 acc: 12.5000
[2,     1] loss: 2.3084 acc: 0.0000
[2,     2] loss: 2.8343 acc: 0.0000
[2,     3] loss: 3.0997 acc: 0.0000
[2,     4] loss: 2.5682 acc: 0.0000
[2,     5] loss: 2.8923 acc: 5.0000
[2,     6] loss: 1.9063 acc: 4.1667
[2,     7] loss: 2.6827 acc: 3.5714
[2,     8] loss: 2.2485 acc: 3.1250
[2,     9] loss: 2.2803 acc: 2.7778
[2,    10] loss: 2.5892 acc: 5.0000
[2,    11] loss: 2.7894 acc: 4.5455
[2,    12] loss: 2.6723 acc: 4.1667
[2,    13] loss: 2.4875 acc: 3.8462
[2,    14] loss: 2.0654 acc: 7.1429
[2,    15] loss: 3.0074 acc: 6.6667
[2,    16] loss: 2.8905 acc: 7.8125
[2,    17] loss: 3.3263 acc: 7.3529
[2,    18] loss: 1.5343 acc: 8.3333
[2,    19] loss: 3.0910 acc: 7.8947
[2,    20] loss: 2.9394 acc: 7.5000
[2,    21] loss: 2.4782 acc: 7.1429
[2,    22] loss: 2.2530 acc: 7.9545
[2,    23] loss: 2.2965 acc: 9.7826
[2,    24] loss: 2.7559 acc: 10.4167
[2,    25] loss: 2.6238 acc: 11.0000
[2,    26] loss: 3.2776 acc: 10.5769
[2,    27] loss: 2.8840 acc: 10.1852
[2,    28] loss: 2.7678 acc: 9.8214
[2,    29] loss: 2.3915 acc: 10.3448
[2,    30] loss: 2.6796 acc: 10.0000
[2,    31] loss: 2.2098 acc: 10.4839
[2,    32] loss: 2.3871 acc: 10.1562
[3,     1] loss: 2.2692 acc: 25.0000
[3,     2] loss: 2.6782 acc: 12.5000
[3,     3] loss: 2.0892 acc: 16.6667
[3,     4] loss: 2.4955 acc: 18.7500
[3,     5] loss: 2.4195 acc: 15.0000
[3,     6] loss: 1.9287 acc: 20.8333
[3,     7] loss: 1.6613 acc: 21.4286
[3,     8] loss: 1.9702 acc: 21.8750
[3,     9] loss: 2.5798 acc: 19.4444
[3,    10] loss: 3.0067 acc: 20.0000
[3,    11] loss: 2.3489 acc: 18.1818
[3,    12] loss: 2.1172 acc: 18.7500
[3,    13] loss: 2.1277 acc: 17.3077
[3,    14] loss: 3.3469 acc: 17.8571
[3,    15] loss: 2.2746 acc: 18.3333
[3,    16] loss: 2.2846 acc: 17.1875
[3,    17] loss: 2.4884 acc: 16.1765
[3,    18] loss: 2.9408 acc: 15.2778
[3,    19] loss: 1.6124 acc: 17.1053
[3,    20] loss: 2.4123 acc: 16.2500
[3,    21] loss: 1.7094 acc: 17.8571
[3,    22] loss: 2.1154 acc: 17.0455
[3,    23] loss: 2.6409 acc: 16.3043
[3,    24] loss: 1.5449 acc: 16.6667
[3,    25] loss: 2.6700 acc: 16.0000
[3,    26] loss: 2.7704 acc: 16.3462
[3,    27] loss: 3.3413 acc: 16.6667
[3,    28] loss: 2.1536 acc: 16.9643
[3,    29] loss: 2.6462 acc: 16.3793
[3,    30] loss: 3.0725 acc: 16.6667
[3,    31] loss: 2.8580 acc: 16.1290
[3,    32] loss: 1.7770 acc: 16.4062
[4,     1] loss: 2.6019 acc: 25.0000
[4,     2] loss: 3.4664 acc: 12.5000
[4,     3] loss: 2.2499 acc: 16.6667
[4,     4] loss: 2.4659 acc: 12.5000
[4,     5] loss: 2.8484 acc: 10.0000
[4,     6] loss: 1.9754 acc: 8.3333
[4,     7] loss: 1.7574 acc: 14.2857
[4,     8] loss: 2.2993 acc: 15.6250
[4,     9] loss: 2.1194 acc: 16.6667
[4,    10] loss: 2.9238 acc: 15.0000
[4,    11] loss: 2.0397 acc: 18.1818
[4,    12] loss: 2.3029 acc: 18.7500
[4,    13] loss: 3.0371 acc: 17.3077
[4,    14] loss: 1.7985 acc: 17.8571
[4,    15] loss: 2.5699 acc: 16.6667
[4,    16] loss: 2.4595 acc: 15.6250
[4,    17] loss: 2.4555 acc: 14.7059
[4,    18] loss: 1.9849 acc: 15.2778
[4,    19] loss: 2.1461 acc: 15.7895
[4,    20] loss: 1.8951 acc: 16.2500
[4,    21] loss: 1.9738 acc: 17.8571
[4,    22] loss: 1.7292 acc: 18.1818
[4,    23] loss: 3.0434 acc: 17.3913
[4,    24] loss: 2.2723 acc: 16.6667
[4,    25] loss: 2.7525 acc: 16.0000
[4,    26] loss: 1.6760 acc: 16.3462
[4,    27] loss: 1.7895 acc: 17.5926
[4,    28] loss: 2.9534 acc: 17.8571
[4,    29] loss: 1.6666 acc: 18.1034
[4,    30] loss: 2.8825 acc: 17.5000
[4,    31] loss: 2.0932 acc: 17.7419
[4,    32] loss: 2.6163 acc: 17.9688
[5,     1] loss: 2.8622 acc: 25.0000
[5,     2] loss: 2.2980 acc: 25.0000
[5,     3] loss: 2.4552 acc: 25.0000
[5,     4] loss: 2.2372 acc: 18.7500
[5,     5] loss: 2.7574 acc: 15.0000
[5,     6] loss: 2.0642 acc: 16.6667
[5,     7] loss: 2.4390 acc: 14.2857
[5,     8] loss: 2.7830 acc: 15.6250
[5,     9] loss: 1.7854 acc: 16.6667
[5,    10] loss: 2.4441 acc: 17.5000
[5,    11] loss: 3.2737 acc: 15.9091
[5,    12] loss: 1.8370 acc: 16.6667
[5,    13] loss: 3.7273 acc: 15.3846
[5,    14] loss: 3.6018 acc: 16.0714
[5,    15] loss: 2.3940 acc: 15.0000
[5,    16] loss: 3.1326 acc: 14.0625
[5,    17] loss: 2.1615 acc: 14.7059
[5,    18] loss: 2.6576 acc: 13.8889
[5,    19] loss: 2.0498 acc: 13.1579
[5,    20] loss: 2.9509 acc: 12.5000
[5,    21] loss: 2.4656 acc: 13.0952
[5,    22] loss: 2.5392 acc: 12.5000
[5,    23] loss: 2.2588 acc: 14.1304
[5,    24] loss: 2.8601 acc: 14.5833
[5,    25] loss: 3.1424 acc: 15.0000
[5,    26] loss: 1.9327 acc: 15.3846
[5,    27] loss: 2.3781 acc: 14.8148
[5,    28] loss: 2.0511 acc: 15.1786
[5,    29] loss: 2.6506 acc: 14.6552
[5,    30] loss: 1.7336 acc: 15.8333
[5,    31] loss: 1.9969 acc: 16.1290
[5,    32] loss: 2.1813 acc: 16.4062
[6,     1] loss: 2.0416 acc: 25.0000
[6,     2] loss: 3.0377 acc: 12.5000
[6,     3] loss: 2.6838 acc: 8.3333
[6,     4] loss: 2.3419 acc: 6.2500
[6,     5] loss: 2.9115 acc: 5.0000
[6,     6] loss: 1.5665 acc: 8.3333
[6,     7] loss: 2.3452 acc: 10.7143
[6,     8] loss: 2.6572 acc: 12.5000
[6,     9] loss: 2.8269 acc: 11.1111
[6,    10] loss: 3.1902 acc: 12.5000
[6,    11] loss: 2.1090 acc: 13.6364
[6,    12] loss: 1.7357 acc: 16.6667
[6,    13] loss: 2.1914 acc: 17.3077
[6,    14] loss: 2.0850 acc: 17.8571
[6,    15] loss: 2.0783 acc: 20.0000
[6,    16] loss: 2.7680 acc: 18.7500
[6,    17] loss: 2.8416 acc: 19.1176
[6,    18] loss: 1.9717 acc: 20.8333
[6,    19] loss: 1.9962 acc: 21.0526
[6,    20] loss: 1.7578 acc: 21.2500
[6,    21] loss: 2.7828 acc: 21.4286
[6,    22] loss: 2.3381 acc: 20.4545
[6,    23] loss: 2.3147 acc: 19.5652
[6,    24] loss: 1.8249 acc: 19.7917
[6,    25] loss: 1.8292 acc: 20.0000
[6,    26] loss: 2.7344 acc: 20.1923
[6,    27] loss: 2.9184 acc: 20.3704
[6,    28] loss: 3.4551 acc: 19.6429
[6,    29] loss: 2.2484 acc: 18.9655
[6,    30] loss: 1.7079 acc: 20.0000
[6,    31] loss: 2.1235 acc: 19.3548
[6,    32] loss: 1.8745 acc: 19.5312
[7,     1] loss: 2.2693 acc: 25.0000
[7,     2] loss: 2.7656 acc: 12.5000
[7,     3] loss: 2.3361 acc: 8.3333
[7,     4] loss: 2.3512 acc: 6.2500
[7,     5] loss: 2.3246 acc: 15.0000
[7,     6] loss: 2.6388 acc: 16.6667
[7,     7] loss: 2.0950 acc: 17.8571
[7,     8] loss: 2.5822 acc: 15.6250
[7,     9] loss: 2.8463 acc: 13.8889
[7,    10] loss: 2.1956 acc: 12.5000
[7,    11] loss: 2.5424 acc: 13.6364
[7,    12] loss: 2.0341 acc: 14.5833
[7,    13] loss: 2.6120 acc: 13.4615
[7,    14] loss: 2.0106 acc: 16.0714
[7,    15] loss: 2.8779 acc: 15.0000
[7,    16] loss: 2.4573 acc: 15.6250
[7,    17] loss: 2.9280 acc: 14.7059
[7,    18] loss: 1.9939 acc: 15.2778
[7,    19] loss: 2.5575 acc: 15.7895
[7,    20] loss: 3.2337 acc: 15.0000
[7,    21] loss: 1.8762 acc: 15.4762
[7,    22] loss: 2.8123 acc: 14.7727
[7,    23] loss: 2.3975 acc: 14.1304
[7,    24] loss: 2.2038 acc: 14.5833
[7,    25] loss: 2.8297 acc: 15.0000
[7,    26] loss: 2.5027 acc: 14.4231
[7,    27] loss: 2.3616 acc: 15.7407
[7,    28] loss: 2.2224 acc: 15.1786
[7,    29] loss: 2.6804 acc: 14.6552
[7,    30] loss: 2.1918 acc: 15.0000
[7,    31] loss: 2.3252 acc: 15.3226
[7,    32] loss: 2.2964 acc: 14.8438
[8,     1] loss: 2.9137 acc: 0.0000
[8,     2] loss: 1.9065 acc: 12.5000
[8,     3] loss: 2.5918 acc: 16.6667
[8,     4] loss: 2.2221 acc: 12.5000
[8,     5] loss: 2.5321 acc: 15.0000
[8,     6] loss: 2.6623 acc: 16.6667
[8,     7] loss: 2.0943 acc: 17.8571
[8,     8] loss: 2.4207 acc: 15.6250
[8,     9] loss: 2.8054 acc: 13.8889
[8,    10] loss: 2.1259 acc: 15.0000
[8,    11] loss: 2.3983 acc: 13.6364
[8,    12] loss: 2.8315 acc: 12.5000
[8,    13] loss: 1.9901 acc: 13.4615
[8,    14] loss: 2.6329 acc: 12.5000
[8,    15] loss: 2.0077 acc: 13.3333
[8,    16] loss: 2.3852 acc: 15.6250
[8,    17] loss: 2.3393 acc: 17.6471
[8,    18] loss: 2.7985 acc: 16.6667
[8,    19] loss: 2.6597 acc: 15.7895
[8,    20] loss: 2.7233 acc: 16.2500
[8,    21] loss: 2.3204 acc: 16.6667
[8,    22] loss: 2.4553 acc: 17.0455
[8,    23] loss: 2.4161 acc: 17.3913
[8,    24] loss: 2.0065 acc: 18.7500
[8,    25] loss: 2.7602 acc: 18.0000
[8,    26] loss: 1.6679 acc: 19.2308
[8,    27] loss: 1.9139 acc: 19.4444
[8,    28] loss: 1.4001 acc: 20.5357
[8,    29] loss: 2.5706 acc: 21.5517
[8,    30] loss: 2.4748 acc: 20.8333
[8,    31] loss: 2.4300 acc: 20.9677
[8,    32] loss: 2.0743 acc: 20.3125
[9,     1] loss: 2.5220 acc: 0.0000
[9,     2] loss: 2.3149 acc: 25.0000
[9,     3] loss: 2.1042 acc: 25.0000
[9,     4] loss: 2.1047 acc: 31.2500
[9,     5] loss: 2.2332 acc: 30.0000
[9,     6] loss: 2.2476 acc: 25.0000
[9,     7] loss: 2.4012 acc: 25.0000
[9,     8] loss: 1.8401 acc: 25.0000
[9,     9] loss: 2.7678 acc: 22.2222
[9,    10] loss: 2.3933 acc: 22.5000
[9,    11] loss: 2.4691 acc: 20.4545
[9,    12] loss: 3.1411 acc: 18.7500
[9,    13] loss: 2.8594 acc: 19.2308
[9,    14] loss: 2.2399 acc: 19.6429
[9,    15] loss: 2.0638 acc: 20.0000
[9,    16] loss: 2.3800 acc: 18.7500
[9,    17] loss: 2.6949 acc: 17.6471
[9,    18] loss: 3.0828 acc: 16.6667
[9,    19] loss: 2.1977 acc: 17.1053
[9,    20] loss: 2.0817 acc: 20.0000
[9,    21] loss: 3.0230 acc: 19.0476
[9,    22] loss: 2.1175 acc: 19.3182
[9,    23] loss: 2.5226 acc: 18.4783
[9,    24] loss: 2.1670 acc: 17.7083
[9,    25] loss: 2.2375 acc: 18.0000
[9,    26] loss: 2.4532 acc: 17.3077
[9,    27] loss: 1.6552 acc: 19.4444
[9,    28] loss: 2.7098 acc: 19.6429
[9,    29] loss: 2.9314 acc: 18.9655
[9,    30] loss: 2.0495 acc: 20.8333
[9,    31] loss: 2.1282 acc: 20.1613
[9,    32] loss: 1.8584 acc: 21.0938
[10,     1] loss: 2.2968 acc: 25.0000
[10,     2] loss: 2.2352 acc: 25.0000
[10,     3] loss: 2.8378 acc: 16.6667
[10,     4] loss: 2.5331 acc: 18.7500
[10,     5] loss: 2.3550 acc: 15.0000
[10,     6] loss: 1.6033 acc: 20.8333
[10,     7] loss: 1.6526 acc: 25.0000
[10,     8] loss: 2.7038 acc: 25.0000
[10,     9] loss: 2.0095 acc: 25.0000
[10,    10] loss: 2.5505 acc: 25.0000
[10,    11] loss: 2.1992 acc: 22.7273
[10,    12] loss: 2.6514 acc: 22.9167
[10,    13] loss: 1.6249 acc: 25.0000
[10,    14] loss: 2.3632 acc: 23.2143
[10,    15] loss: 2.0145 acc: 23.3333
[10,    16] loss: 2.3994 acc: 21.8750
[10,    17] loss: 2.1607 acc: 22.0588
[10,    18] loss: 2.4970 acc: 20.8333
[10,    19] loss: 2.5649 acc: 19.7368
[10,    20] loss: 2.4473 acc: 18.7500
[10,    21] loss: 2.9714 acc: 17.8571
[10,    22] loss: 2.3703 acc: 17.0455
[10,    23] loss: 2.0515 acc: 18.4783
[10,    24] loss: 2.4025 acc: 19.7917
[10,    25] loss: 2.8132 acc: 19.0000
[10,    26] loss: 2.6989 acc: 19.2308
[10,    27] loss: 2.7488 acc: 18.5185
[10,    28] loss: 2.1118 acc: 18.7500
[10,    29] loss: 2.0729 acc: 18.9655
[10,    30] loss: 3.1023 acc: 18.3333
[10,    31] loss: 2.5346 acc: 17.7419
[10,    32] loss: 2.6662 acc: 17.1875
[11,     1] loss: 2.2096 acc: 25.0000
[11,     2] loss: 2.3039 acc: 12.5000
[11,     3] loss: 2.7193 acc: 8.3333
[11,     4] loss: 1.6716 acc: 18.7500
[11,     5] loss: 2.3753 acc: 20.0000
[11,     6] loss: 2.4548 acc: 20.8333
[11,     7] loss: 2.4328 acc: 25.0000
[11,     8] loss: 1.7880 acc: 28.1250
[11,     9] loss: 2.5854 acc: 27.7778
[11,    10] loss: 1.6869 acc: 30.0000
[11,    11] loss: 1.9928 acc: 29.5455
[11,    12] loss: 2.3846 acc: 29.1667
[11,    13] loss: 2.5007 acc: 26.9231
[11,    14] loss: 2.3807 acc: 26.7857
[11,    15] loss: 1.9740 acc: 28.3333
[11,    16] loss: 2.2882 acc: 26.5625
[11,    17] loss: 2.6233 acc: 25.0000
[11,    18] loss: 1.7350 acc: 26.3889
[11,    19] loss: 2.4275 acc: 26.3158
[11,    20] loss: 2.7484 acc: 25.0000
[11,    21] loss: 2.4516 acc: 23.8095
[11,    22] loss: 2.0025 acc: 23.8636
[11,    23] loss: 2.3034 acc: 23.9130
[11,    24] loss: 2.4273 acc: 25.0000
[11,    25] loss: 2.2075 acc: 25.0000
[11,    26] loss: 2.3503 acc: 24.0385
[11,    27] loss: 1.7143 acc: 25.0000
[11,    28] loss: 2.0987 acc: 25.0000
[11,    29] loss: 2.2672 acc: 24.1379
[11,    30] loss: 2.8227 acc: 23.3333
[11,    31] loss: 2.9268 acc: 22.5806
[11,    32] loss: 2.2536 acc: 21.8750
[12,     1] loss: 2.8239 acc: 0.0000
[12,     2] loss: 2.9386 acc: 12.5000
[12,     3] loss: 2.2103 acc: 8.3333
[12,     4] loss: 2.7701 acc: 6.2500
[12,     5] loss: 2.0891 acc: 10.0000
[12,     6] loss: 2.7847 acc: 8.3333
[12,     7] loss: 2.2123 acc: 10.7143
[12,     8] loss: 2.2370 acc: 12.5000
[12,     9] loss: 2.0818 acc: 13.8889
[12,    10] loss: 2.0293 acc: 15.0000
[12,    11] loss: 4.0454 acc: 13.6364
[12,    12] loss: 2.3406 acc: 12.5000
[12,    13] loss: 2.7824 acc: 11.5385
[12,    14] loss: 2.0614 acc: 12.5000
[12,    15] loss: 2.0985 acc: 13.3333
[12,    16] loss: 1.8390 acc: 14.0625
[12,    17] loss: 2.6334 acc: 14.7059
[12,    18] loss: 2.5938 acc: 13.8889
[12,    19] loss: 2.7850 acc: 13.1579
[12,    20] loss: 2.9377 acc: 12.5000
[12,    21] loss: 3.0907 acc: 13.0952
[12,    22] loss: 2.6684 acc: 13.6364
[12,    23] loss: 2.3120 acc: 14.1304
[12,    24] loss: 2.5853 acc: 14.5833
[12,    25] loss: 2.8894 acc: 14.0000
[12,    26] loss: 2.1155 acc: 13.4615
[12,    27] loss: 2.3877 acc: 13.8889
[12,    28] loss: 2.4289 acc: 14.2857
[12,    29] loss: 2.4605 acc: 14.6552
[12,    30] loss: 2.8272 acc: 14.1667
[12,    31] loss: 2.6996 acc: 13.7097
[12,    32] loss: 2.4274 acc: 13.2812
[13,     1] loss: 2.4376 acc: 25.0000
[13,     2] loss: 2.8252 acc: 12.5000
[13,     3] loss: 2.4691 acc: 8.3333
[13,     4] loss: 2.0077 acc: 12.5000
[13,     5] loss: 2.8600 acc: 15.0000
[13,     6] loss: 2.2678 acc: 16.6667
[13,     7] loss: 2.3756 acc: 17.8571
[13,     8] loss: 2.1411 acc: 15.6250
[13,     9] loss: 2.4052 acc: 13.8889
[13,    10] loss: 2.4132 acc: 15.0000
[13,    11] loss: 2.6221 acc: 13.6364
[13,    12] loss: 1.9369 acc: 14.5833
[13,    13] loss: 2.7450 acc: 13.4615
[13,    14] loss: 2.2249 acc: 12.5000
[13,    15] loss: 2.0492 acc: 11.6667
[13,    16] loss: 2.5996 acc: 10.9375
[13,    17] loss: 2.3328 acc: 11.7647
[13,    18] loss: 2.7093 acc: 11.1111
[13,    19] loss: 2.6452 acc: 10.5263
[13,    20] loss: 2.5059 acc: 10.0000
[13,    21] loss: 2.0897 acc: 9.5238
[13,    22] loss: 1.9937 acc: 10.2273
[13,    23] loss: 1.9846 acc: 11.9565
[13,    24] loss: 2.2909 acc: 11.4583
[13,    25] loss: 2.6898 acc: 11.0000
[13,    26] loss: 2.7141 acc: 10.5769
[13,    27] loss: 2.2095 acc: 11.1111
[13,    28] loss: 1.3237 acc: 13.3929
[13,    29] loss: 2.4862 acc: 12.9310
[13,    30] loss: 1.9485 acc: 14.1667
[13,    31] loss: 2.2580 acc: 14.5161
[13,    32] loss: 3.5272 acc: 14.0625
[14,     1] loss: 2.5682 acc: 25.0000
[14,     2] loss: 2.0441 acc: 12.5000
[14,     3] loss: 2.2100 acc: 8.3333
[14,     4] loss: 1.8639 acc: 12.5000
[14,     5] loss: 2.6360 acc: 10.0000
[14,     6] loss: 2.7955 acc: 8.3333
[14,     7] loss: 2.2453 acc: 7.1429
[14,     8] loss: 2.1482 acc: 6.2500
[14,     9] loss: 2.4556 acc: 11.1111
[14,    10] loss: 2.2183 acc: 10.0000
[14,    11] loss: 2.0748 acc: 13.6364
[14,    12] loss: 1.9837 acc: 12.5000
[14,    13] loss: 2.0586 acc: 15.3846
[14,    14] loss: 2.5975 acc: 16.0714
[14,    15] loss: 2.3818 acc: 16.6667
[14,    16] loss: 2.8617 acc: 15.6250
[14,    17] loss: 4.0298 acc: 14.7059
[14,    18] loss: 2.6766 acc: 13.8889
[14,    19] loss: 2.5210 acc: 13.1579
[14,    20] loss: 2.5054 acc: 12.5000
[14,    21] loss: 2.0640 acc: 13.0952
[14,    22] loss: 1.8612 acc: 13.6364
[14,    23] loss: 2.5722 acc: 15.2174
[14,    24] loss: 2.2861 acc: 14.5833
[14,    25] loss: 1.8242 acc: 14.0000
[14,    26] loss: 2.2256 acc: 14.4231
[14,    27] loss: 2.0386 acc: 13.8889
[14,    28] loss: 2.2555 acc: 13.3929
[14,    29] loss: 1.5899 acc: 15.5172
[14,    30] loss: 2.3484 acc: 15.0000
[14,    31] loss: 2.6255 acc: 15.3226
[14,    32] loss: 2.4336 acc: 14.8438
[15,     1] loss: 2.1425 acc: 25.0000
[15,     2] loss: 2.0490 acc: 25.0000
[15,     3] loss: 2.3844 acc: 16.6667
[15,     4] loss: 2.0539 acc: 18.7500
[15,     5] loss: 2.1532 acc: 25.0000
[15,     6] loss: 2.4652 acc: 20.8333
[15,     7] loss: 2.6012 acc: 17.8571
[15,     8] loss: 2.5448 acc: 15.6250
[15,     9] loss: 2.5139 acc: 13.8889
[15,    10] loss: 2.8427 acc: 12.5000
[15,    11] loss: 2.7597 acc: 11.3636
[15,    12] loss: 1.9554 acc: 10.4167
[15,    13] loss: 2.5681 acc: 9.6154
[15,    14] loss: 1.9578 acc: 10.7143
[15,    15] loss: 2.0816 acc: 10.0000
[15,    16] loss: 2.8704 acc: 9.3750
[15,    17] loss: 2.1219 acc: 8.8235
[15,    18] loss: 2.3792 acc: 9.7222
[15,    19] loss: 2.4692 acc: 9.2105
[15,    20] loss: 2.4267 acc: 8.7500
[15,    21] loss: 2.4403 acc: 8.3333
[15,    22] loss: 2.5673 acc: 7.9545
[15,    23] loss: 2.3083 acc: 7.6087
[15,    24] loss: 2.6088 acc: 7.2917
[15,    25] loss: 1.9290 acc: 8.0000
[15,    26] loss: 2.4327 acc: 7.6923
[15,    27] loss: 1.9455 acc: 8.3333
[15,    28] loss: 2.4449 acc: 8.0357
[15,    29] loss: 2.2539 acc: 7.7586
[15,    30] loss: 2.1080 acc: 8.3333
[15,    31] loss: 2.5644 acc: 8.8710
[15,    32] loss: 2.4136 acc: 9.3750
[16,     1] loss: 2.1614 acc: 25.0000
[16,     2] loss: 2.2585 acc: 25.0000
[16,     3] loss: 2.2006 acc: 25.0000
[16,     4] loss: 2.9894 acc: 18.7500
[16,     5] loss: 2.1009 acc: 15.0000
[16,     6] loss: 2.9842 acc: 12.5000
[16,     7] loss: 1.7533 acc: 17.8571
[16,     8] loss: 1.7598 acc: 21.8750
[16,     9] loss: 1.9892 acc: 22.2222
[16,    10] loss: 2.2558 acc: 20.0000
[16,    11] loss: 1.8151 acc: 22.7273
[16,    12] loss: 1.5318 acc: 27.0833
[16,    13] loss: 2.3346 acc: 25.0000
[16,    14] loss: 1.9278 acc: 25.0000
[16,    15] loss: 1.7857 acc: 25.0000
[16,    16] loss: 1.8703 acc: 25.0000
[16,    17] loss: 1.9164 acc: 25.0000
[16,    18] loss: 2.1101 acc: 23.6111
[16,    19] loss: 2.4635 acc: 22.3684
[16,    20] loss: 2.8755 acc: 22.5000
[16,    21] loss: 2.2601 acc: 22.6190
[16,    22] loss: 2.5227 acc: 21.5909
[16,    23] loss: 2.2689 acc: 22.8261
[16,    24] loss: 1.7500 acc: 22.9167
[16,    25] loss: 2.9017 acc: 22.0000
[16,    26] loss: 2.5895 acc: 21.1538
[16,    27] loss: 1.8959 acc: 21.2963
[16,    28] loss: 2.1350 acc: 21.4286
[16,    29] loss: 2.1848 acc: 21.5517
[16,    30] loss: 2.7905 acc: 20.8333
[16,    31] loss: 2.3348 acc: 20.9677
[16,    32] loss: 2.5014 acc: 21.0938
[17,     1] loss: 1.9214 acc: 25.0000
[17,     2] loss: 2.5687 acc: 25.0000
[17,     3] loss: 3.5294 acc: 25.0000
[17,     4] loss: 1.9995 acc: 25.0000
[17,     5] loss: 2.5745 acc: 20.0000
[17,     6] loss: 2.4646 acc: 20.8333
[17,     7] loss: 1.9939 acc: 21.4286
[17,     8] loss: 2.3789 acc: 21.8750
[17,     9] loss: 3.1144 acc: 19.4444
[17,    10] loss: 1.7815 acc: 20.0000
[17,    11] loss: 2.3543 acc: 20.4545
[17,    12] loss: 2.5790 acc: 18.7500
[17,    13] loss: 2.4417 acc: 19.2308
[17,    14] loss: 1.7969 acc: 19.6429
[17,    15] loss: 1.8523 acc: 20.0000
[17,    16] loss: 1.5971 acc: 21.8750
[17,    17] loss: 2.8540 acc: 22.0588
[17,    18] loss: 2.2150 acc: 20.8333
[17,    19] loss: 1.5296 acc: 22.3684
[17,    20] loss: 2.1156 acc: 23.7500
[17,    21] loss: 3.0341 acc: 22.6190
[17,    22] loss: 2.1472 acc: 22.7273
[17,    23] loss: 1.7765 acc: 22.8261
[17,    24] loss: 1.9296 acc: 23.9583
[17,    25] loss: 3.1328 acc: 23.0000
[17,    26] loss: 2.7201 acc: 22.1154
[17,    27] loss: 1.9341 acc: 22.2222
[17,    28] loss: 2.0223 acc: 22.3214
[17,    29] loss: 2.2743 acc: 21.5517
[17,    30] loss: 2.5437 acc: 20.8333
[17,    31] loss: 2.3931 acc: 20.9677
[17,    32] loss: 2.6754 acc: 20.3125
[18,     1] loss: 2.3420 acc: 0.0000
[18,     2] loss: 2.4982 acc: 0.0000
[18,     3] loss: 2.0199 acc: 8.3333
[18,     4] loss: 2.1898 acc: 18.7500
[18,     5] loss: 2.2037 acc: 20.0000
[18,     6] loss: 2.3220 acc: 16.6667
[18,     7] loss: 2.3821 acc: 17.8571
[18,     8] loss: 2.2083 acc: 21.8750
[18,     9] loss: 2.0246 acc: 22.2222
[18,    10] loss: 2.1171 acc: 22.5000
[18,    11] loss: 2.2309 acc: 22.7273
[18,    12] loss: 1.9547 acc: 25.0000
[18,    13] loss: 1.7686 acc: 26.9231
[18,    14] loss: 2.0604 acc: 26.7857
[18,    15] loss: 2.1534 acc: 25.0000
[18,    16] loss: 2.2748 acc: 23.4375
[18,    17] loss: 2.7069 acc: 23.5294
[18,    18] loss: 2.4360 acc: 23.6111
[18,    19] loss: 2.0965 acc: 25.0000
[18,    20] loss: 2.1810 acc: 23.7500
[18,    21] loss: 1.8354 acc: 23.8095
[18,    22] loss: 2.9392 acc: 22.7273
[18,    23] loss: 2.4054 acc: 23.9130
[18,    24] loss: 2.5858 acc: 22.9167
[18,    25] loss: 2.4145 acc: 23.0000
[18,    26] loss: 2.7302 acc: 22.1154
[18,    27] loss: 2.3883 acc: 22.2222
[18,    28] loss: 3.4835 acc: 22.3214
[18,    29] loss: 2.3806 acc: 21.5517
[18,    30] loss: 3.2605 acc: 20.8333
[18,    31] loss: 2.3542 acc: 21.7742
[18,    32] loss: 2.2997 acc: 21.8750
[19,     1] loss: 1.9263 acc: 50.0000
[19,     2] loss: 2.1968 acc: 37.5000
[19,     3] loss: 1.8730 acc: 33.3333
[19,     4] loss: 3.0639 acc: 31.2500
[19,     5] loss: 3.3276 acc: 25.0000
[19,     6] loss: 2.4468 acc: 25.0000
[19,     7] loss: 2.4195 acc: 21.4286
[19,     8] loss: 1.7335 acc: 25.0000
[19,     9] loss: 2.3340 acc: 22.2222
[19,    10] loss: 2.5446 acc: 22.5000
[19,    11] loss: 1.5897 acc: 22.7273
[19,    12] loss: 1.5366 acc: 25.0000
[19,    13] loss: 2.6196 acc: 23.0769
[19,    14] loss: 2.1898 acc: 21.4286
[19,    15] loss: 2.5110 acc: 23.3333
[19,    16] loss: 2.7870 acc: 21.8750
[19,    17] loss: 1.7997 acc: 22.0588
[19,    18] loss: 2.5034 acc: 20.8333
[19,    19] loss: 1.9569 acc: 22.3684
[19,    20] loss: 2.6552 acc: 22.5000
[19,    21] loss: 2.1009 acc: 22.6190
[19,    22] loss: 1.8112 acc: 22.7273
[19,    23] loss: 2.3689 acc: 21.7391
[19,    24] loss: 2.6791 acc: 21.8750
[19,    25] loss: 2.1154 acc: 22.0000
[19,    26] loss: 1.8494 acc: 23.0769
[19,    27] loss: 2.3955 acc: 23.1481
[19,    28] loss: 2.0613 acc: 23.2143
[19,    29] loss: 2.4081 acc: 22.4138
[19,    30] loss: 2.2935 acc: 22.5000
[19,    31] loss: 2.5909 acc: 21.7742
[19,    32] loss: 2.9086 acc: 21.0938
[20,     1] loss: 2.4300 acc: 0.0000
[20,     2] loss: 1.9367 acc: 12.5000
[20,     3] loss: 2.2593 acc: 8.3333
[20,     4] loss: 2.6202 acc: 6.2500
[20,     5] loss: 2.6066 acc: 5.0000
[20,     6] loss: 2.2339 acc: 8.3333
[20,     7] loss: 2.4638 acc: 7.1429
[20,     8] loss: 1.8492 acc: 9.3750
[20,     9] loss: 2.3598 acc: 11.1111
[20,    10] loss: 2.0906 acc: 12.5000
[20,    11] loss: 2.1435 acc: 13.6364
[20,    12] loss: 2.5386 acc: 12.5000
[20,    13] loss: 1.6214 acc: 13.4615
[20,    14] loss: 2.3037 acc: 14.2857
[20,    15] loss: 2.6250 acc: 15.0000
[20,    16] loss: 1.9884 acc: 17.1875
[20,    17] loss: 2.5247 acc: 17.6471
[20,    18] loss: 2.5768 acc: 18.0556
[20,    19] loss: 2.6072 acc: 17.1053
[20,    20] loss: 1.9242 acc: 16.2500
[20,    21] loss: 2.2833 acc: 16.6667
[20,    22] loss: 3.1039 acc: 17.0455
[20,    23] loss: 2.2449 acc: 16.3043
[20,    24] loss: 2.8622 acc: 16.6667
[20,    25] loss: 2.7540 acc: 17.0000
[20,    26] loss: 1.8789 acc: 18.2692
[20,    27] loss: 2.1240 acc: 18.5185
[20,    28] loss: 2.7727 acc: 17.8571
[20,    29] loss: 2.8707 acc: 17.2414
[20,    30] loss: 1.8816 acc: 17.5000
[20,    31] loss: 2.3905 acc: 17.7419
[20,    32] loss: 1.8035 acc: 17.9688
[21,     1] loss: 2.8823 acc: 0.0000
[21,     2] loss: 2.8059 acc: 0.0000
[21,     3] loss: 2.4060 acc: 8.3333
[21,     4] loss: 3.0907 acc: 6.2500
[21,     5] loss: 2.2415 acc: 10.0000
[21,     6] loss: 2.1033 acc: 12.5000
[21,     7] loss: 2.8279 acc: 10.7143
[21,     8] loss: 2.0885 acc: 15.6250
[21,     9] loss: 1.9267 acc: 16.6667
[21,    10] loss: 2.0769 acc: 17.5000
[21,    11] loss: 1.9810 acc: 15.9091
[21,    12] loss: 1.8690 acc: 16.6667
[21,    13] loss: 2.0265 acc: 17.3077
[21,    14] loss: 2.2966 acc: 16.0714
[21,    15] loss: 1.9986 acc: 18.3333
[21,    16] loss: 3.4698 acc: 17.1875
[21,    17] loss: 2.2289 acc: 17.6471
[21,    18] loss: 2.3930 acc: 19.4444
[21,    19] loss: 2.3330 acc: 18.4211
[21,    20] loss: 1.6685 acc: 18.7500
[21,    21] loss: 1.8333 acc: 20.2381
[21,    22] loss: 1.8823 acc: 20.4545
[21,    23] loss: 2.7980 acc: 19.5652
[21,    24] loss: 2.3966 acc: 18.7500
[21,    25] loss: 3.3897 acc: 19.0000
[21,    26] loss: 2.3386 acc: 18.2692
[21,    27] loss: 1.9280 acc: 18.5185
[21,    28] loss: 2.4158 acc: 17.8571
[21,    29] loss: 2.1874 acc: 18.1034
[21,    30] loss: 2.2467 acc: 18.3333
[21,    31] loss: 2.2944 acc: 18.5484
[21,    32] loss: 2.4414 acc: 18.7500
[22,     1] loss: 2.0193 acc: 50.0000
[22,     2] loss: 2.4572 acc: 25.0000
[22,     3] loss: 2.2037 acc: 25.0000
[22,     4] loss: 2.7930 acc: 18.7500
[22,     5] loss: 2.0101 acc: 20.0000
[22,     6] loss: 3.1064 acc: 16.6667
[22,     7] loss: 2.6208 acc: 14.2857
[22,     8] loss: 2.3300 acc: 15.6250
[22,     9] loss: 1.6999 acc: 16.6667
[22,    10] loss: 2.1724 acc: 17.5000
[22,    11] loss: 2.5910 acc: 15.9091
[22,    12] loss: 2.1162 acc: 16.6667
[22,    13] loss: 1.1611 acc: 21.1538
[22,    14] loss: 2.4122 acc: 21.4286
[22,    15] loss: 2.7446 acc: 20.0000
[22,    16] loss: 2.6864 acc: 18.7500
[22,    17] loss: 3.2426 acc: 19.1176
[22,    18] loss: 2.5840 acc: 19.4444
[22,    19] loss: 1.9980 acc: 19.7368
[22,    20] loss: 2.7525 acc: 18.7500
[22,    21] loss: 1.8729 acc: 19.0476
[22,    22] loss: 2.3049 acc: 19.3182
[22,    23] loss: 2.7977 acc: 18.4783
[22,    24] loss: 2.2089 acc: 17.7083
[22,    25] loss: 2.1278 acc: 17.0000
[22,    26] loss: 1.3686 acc: 18.2692
[22,    27] loss: 2.7634 acc: 17.5926
[22,    28] loss: 2.9155 acc: 16.9643
[22,    29] loss: 2.0955 acc: 18.1034
[22,    30] loss: 1.8669 acc: 19.1667
[22,    31] loss: 2.2444 acc: 20.1613
[22,    32] loss: 2.3097 acc: 20.3125
[23,     1] loss: 2.5138 acc: 25.0000
[23,     2] loss: 2.0455 acc: 25.0000
[23,     3] loss: 2.1091 acc: 25.0000
[23,     4] loss: 2.0491 acc: 31.2500
[23,     5] loss: 2.3797 acc: 25.0000
[23,     6] loss: 2.3907 acc: 25.0000
[23,     7] loss: 1.9316 acc: 25.0000
[23,     8] loss: 2.4358 acc: 25.0000
[23,     9] loss: 1.8600 acc: 25.0000
[23,    10] loss: 2.0876 acc: 27.5000
[23,    11] loss: 2.8118 acc: 25.0000
[23,    12] loss: 2.3715 acc: 22.9167
[23,    13] loss: 2.9224 acc: 21.1538
[23,    14] loss: 2.6318 acc: 21.4286
[23,    15] loss: 1.9551 acc: 21.6667
[23,    16] loss: 2.2075 acc: 23.4375
[23,    17] loss: 2.2263 acc: 22.0588
[23,    18] loss: 3.0332 acc: 22.2222
[23,    19] loss: 2.4169 acc: 21.0526
[23,    20] loss: 2.1781 acc: 21.2500
[23,    21] loss: 2.3350 acc: 21.4286
[23,    22] loss: 1.7459 acc: 22.7273
[23,    23] loss: 1.8122 acc: 22.8261
[23,    24] loss: 1.5716 acc: 25.0000
[23,    25] loss: 1.8693 acc: 26.0000
[23,    26] loss: 2.4049 acc: 25.0000
[23,    27] loss: 1.2542 acc: 26.8519
[23,    28] loss: 2.5101 acc: 25.8929
[23,    29] loss: 2.8527 acc: 25.8621
[23,    30] loss: 2.6053 acc: 25.0000
[23,    31] loss: 2.6910 acc: 24.1935
[23,    32] loss: 1.9248 acc: 24.2188
[24,     1] loss: 2.5972 acc: 0.0000
[24,     2] loss: 2.4124 acc: 0.0000
[24,     3] loss: 2.3673 acc: 0.0000
[24,     4] loss: 3.1721 acc: 0.0000
[24,     5] loss: 1.8864 acc: 10.0000
[24,     6] loss: 2.1139 acc: 12.5000
[24,     7] loss: 2.5949 acc: 10.7143
[24,     8] loss: 2.6673 acc: 9.3750
[24,     9] loss: 1.7297 acc: 13.8889
[24,    10] loss: 2.1601 acc: 15.0000
[24,    11] loss: 2.1986 acc: 13.6364
[24,    12] loss: 2.4320 acc: 12.5000
[24,    13] loss: 2.5564 acc: 11.5385
[24,    14] loss: 2.1730 acc: 10.7143
[24,    15] loss: 1.8146 acc: 11.6667
[24,    16] loss: 2.2843 acc: 14.0625
[24,    17] loss: 2.6644 acc: 13.2353
[24,    18] loss: 1.8776 acc: 15.2778
[24,    19] loss: 3.2418 acc: 14.4737
[24,    20] loss: 1.2389 acc: 16.2500
[24,    21] loss: 2.4292 acc: 15.4762
[24,    22] loss: 2.1083 acc: 17.0455
[24,    23] loss: 1.8057 acc: 18.4783
[24,    24] loss: 2.6750 acc: 17.7083
[24,    25] loss: 2.0617 acc: 18.0000
[24,    26] loss: 1.8326 acc: 19.2308
[24,    27] loss: 2.4349 acc: 18.5185
[24,    28] loss: 2.0775 acc: 18.7500
[24,    29] loss: 1.8987 acc: 18.9655
[24,    30] loss: 2.4078 acc: 18.3333
[24,    31] loss: 2.2552 acc: 18.5484
[24,    32] loss: 2.8466 acc: 17.9688
[25,     1] loss: 1.8428 acc: 25.0000
[25,     2] loss: 2.2567 acc: 12.5000
[25,     3] loss: 2.5065 acc: 8.3333
[25,     4] loss: 2.1648 acc: 6.2500
[25,     5] loss: 2.5123 acc: 5.0000
[25,     6] loss: 1.9917 acc: 8.3333
[25,     7] loss: 1.9855 acc: 10.7143
[25,     8] loss: 2.0408 acc: 9.3750
[25,     9] loss: 2.6066 acc: 11.1111
[25,    10] loss: 1.8222 acc: 17.5000
[25,    11] loss: 2.2962 acc: 15.9091
[25,    12] loss: 2.6433 acc: 14.5833
[25,    13] loss: 1.8729 acc: 19.2308
[25,    14] loss: 2.8496 acc: 17.8571
[25,    15] loss: 2.3676 acc: 16.6667
[25,    16] loss: 2.3600 acc: 15.6250
[25,    17] loss: 1.6630 acc: 16.1765
[25,    18] loss: 1.9077 acc: 18.0556
[25,    19] loss: 2.3239 acc: 18.4211
[25,    20] loss: 2.5126 acc: 17.5000
[25,    21] loss: 2.0493 acc: 19.0476
[25,    22] loss: 2.0729 acc: 18.1818
[25,    23] loss: 2.5443 acc: 18.4783
[25,    24] loss: 2.8637 acc: 17.7083
[25,    25] loss: 1.9682 acc: 19.0000
[25,    26] loss: 2.7148 acc: 18.2692
[25,    27] loss: 2.0658 acc: 17.5926
[25,    28] loss: 2.5349 acc: 17.8571
[25,    29] loss: 2.3573 acc: 18.1034
[25,    30] loss: 1.8787 acc: 19.1667
[25,    31] loss: 2.1279 acc: 19.3548
[25,    32] loss: 1.8118 acc: 19.5312
[26,     1] loss: 2.1452 acc: 25.0000
[26,     2] loss: 2.1243 acc: 12.5000
[26,     3] loss: 2.5241 acc: 8.3333
[26,     4] loss: 2.1558 acc: 18.7500
[26,     5] loss: 2.3586 acc: 20.0000
[26,     6] loss: 2.1358 acc: 16.6667
[26,     7] loss: 1.6313 acc: 21.4286
[26,     8] loss: 1.7892 acc: 25.0000
[26,     9] loss: 2.2695 acc: 22.2222
[26,    10] loss: 2.2518 acc: 20.0000
[26,    11] loss: 1.4644 acc: 22.7273
[26,    12] loss: 2.0804 acc: 22.9167
[26,    13] loss: 2.2714 acc: 21.1538
[26,    14] loss: 1.1777 acc: 25.0000
[26,    15] loss: 2.7403 acc: 23.3333
[26,    16] loss: 2.0708 acc: 23.4375
[26,    17] loss: 2.2193 acc: 22.0588
[26,    18] loss: 2.4429 acc: 20.8333
[26,    19] loss: 2.6570 acc: 19.7368
[26,    20] loss: 1.4301 acc: 22.5000
[26,    21] loss: 2.0835 acc: 22.6190
[26,    22] loss: 1.7720 acc: 22.7273
[26,    23] loss: 3.6349 acc: 22.8261
[26,    24] loss: 1.6746 acc: 25.0000
[26,    25] loss: 2.2216 acc: 26.0000
[26,    26] loss: 2.0570 acc: 25.0000
[26,    27] loss: 3.4564 acc: 24.0741
[26,    28] loss: 1.5080 acc: 25.8929
[26,    29] loss: 1.8332 acc: 26.7241
[26,    30] loss: 2.5456 acc: 25.8333
[26,    31] loss: 1.7675 acc: 26.6129
[26,    32] loss: 2.5022 acc: 26.5625
[27,     1] loss: 2.0934 acc: 25.0000
[27,     2] loss: 1.7538 acc: 25.0000
[27,     3] loss: 2.4526 acc: 25.0000
[27,     4] loss: 2.2159 acc: 31.2500
[27,     5] loss: 2.6753 acc: 30.0000
[27,     6] loss: 1.9244 acc: 29.1667
[27,     7] loss: 3.4003 acc: 25.0000
[27,     8] loss: 2.3762 acc: 21.8750
[27,     9] loss: 2.9535 acc: 19.4444
[27,    10] loss: 2.4501 acc: 17.5000
[27,    11] loss: 2.1240 acc: 15.9091
[27,    12] loss: 1.9460 acc: 16.6667
[27,    13] loss: 2.2841 acc: 17.3077
[27,    14] loss: 2.0774 acc: 19.6429
[27,    15] loss: 2.1108 acc: 20.0000
[27,    16] loss: 2.1907 acc: 18.7500
[27,    17] loss: 2.0954 acc: 19.1176
[27,    18] loss: 1.4340 acc: 20.8333
[27,    19] loss: 2.4904 acc: 19.7368
[27,    20] loss: 2.3564 acc: 18.7500
[27,    21] loss: 2.0115 acc: 17.8571
[27,    22] loss: 2.0350 acc: 17.0455
[27,    23] loss: 2.5814 acc: 17.3913
[27,    24] loss: 1.8315 acc: 18.7500
[27,    25] loss: 2.2356 acc: 19.0000
[27,    26] loss: 2.1506 acc: 19.2308
[27,    27] loss: 2.4150 acc: 20.3704
[27,    28] loss: 2.9643 acc: 19.6429
[27,    29] loss: 1.8107 acc: 20.6897
[27,    30] loss: 2.1020 acc: 20.8333
[27,    31] loss: 1.5689 acc: 21.7742
[27,    32] loss: 1.7198 acc: 22.6562
[28,     1] loss: 1.7449 acc: 50.0000
[28,     2] loss: 2.3808 acc: 25.0000
[28,     3] loss: 1.6777 acc: 25.0000
[28,     4] loss: 3.4285 acc: 25.0000
[28,     5] loss: 1.6624 acc: 30.0000
[28,     6] loss: 2.6814 acc: 25.0000
[28,     7] loss: 1.2683 acc: 32.1429
[28,     8] loss: 2.7106 acc: 28.1250
[28,     9] loss: 2.9803 acc: 25.0000
[28,    10] loss: 2.6560 acc: 25.0000
[28,    11] loss: 1.9705 acc: 25.0000
[28,    12] loss: 2.2945 acc: 22.9167
[28,    13] loss: 1.9622 acc: 23.0769
[28,    14] loss: 2.3633 acc: 23.2143
[28,    15] loss: 4.2694 acc: 21.6667
[28,    16] loss: 1.5337 acc: 21.8750
[28,    17] loss: 2.4593 acc: 20.5882
[28,    18] loss: 2.3898 acc: 19.4444
[28,    19] loss: 2.8425 acc: 18.4211
[28,    20] loss: 2.0690 acc: 20.0000
[28,    21] loss: 2.2848 acc: 20.2381
[28,    22] loss: 2.6395 acc: 20.4545
[28,    23] loss: 2.3333 acc: 20.6522
[28,    24] loss: 2.1132 acc: 20.8333
[28,    25] loss: 1.9977 acc: 21.0000
[28,    26] loss: 1.3786 acc: 22.1154
[28,    27] loss: 1.9484 acc: 23.1481
[28,    28] loss: 2.7165 acc: 22.3214
[28,    29] loss: 2.3563 acc: 21.5517
[28,    30] loss: 1.8765 acc: 22.5000
[28,    31] loss: 2.2875 acc: 21.7742
[28,    32] loss: 1.7267 acc: 21.8750
[29,     1] loss: 2.9262 acc: 0.0000
[29,     2] loss: 1.6986 acc: 25.0000
[29,     3] loss: 2.3457 acc: 16.6667
[29,     4] loss: 2.3146 acc: 12.5000
[29,     5] loss: 1.6431 acc: 25.0000
[29,     6] loss: 2.2055 acc: 20.8333
[29,     7] loss: 2.0446 acc: 25.0000
[29,     8] loss: 1.7864 acc: 25.0000
[29,     9] loss: 3.0635 acc: 22.2222
[29,    10] loss: 1.9723 acc: 22.5000
[29,    11] loss: 2.4986 acc: 20.4545
[29,    12] loss: 1.8263 acc: 22.9167
[29,    13] loss: 2.1414 acc: 25.0000
[29,    14] loss: 2.2397 acc: 25.0000
[29,    15] loss: 2.3877 acc: 25.0000
[29,    16] loss: 2.2567 acc: 25.0000
[29,    17] loss: 2.5095 acc: 25.0000
[29,    18] loss: 2.9184 acc: 25.0000
[29,    19] loss: 2.8820 acc: 23.6842
[29,    20] loss: 2.4312 acc: 22.5000
[29,    21] loss: 1.7540 acc: 25.0000
[29,    22] loss: 2.4542 acc: 23.8636
[29,    23] loss: 2.5251 acc: 22.8261
[29,    24] loss: 2.0011 acc: 23.9583
[29,    25] loss: 2.0704 acc: 24.0000
[29,    26] loss: 2.5141 acc: 23.0769
[29,    27] loss: 2.4135 acc: 23.1481
[29,    28] loss: 2.7610 acc: 22.3214
[29,    29] loss: 2.1389 acc: 22.4138
[29,    30] loss: 2.0641 acc: 22.5000
[29,    31] loss: 2.3188 acc: 23.3871
[29,    32] loss: 1.9567 acc: 24.2188
[30,     1] loss: 2.5774 acc: 0.0000
[30,     2] loss: 2.7841 acc: 0.0000
[30,     3] loss: 2.7724 acc: 0.0000
[30,     4] loss: 2.3846 acc: 0.0000
[30,     5] loss: 2.1213 acc: 5.0000
[30,     6] loss: 1.5984 acc: 12.5000
[30,     7] loss: 1.9979 acc: 14.2857
[30,     8] loss: 1.8219 acc: 18.7500
[30,     9] loss: 1.5899 acc: 22.2222
[30,    10] loss: 2.7915 acc: 20.0000
[30,    11] loss: 2.1188 acc: 20.4545
[30,    12] loss: 2.3419 acc: 20.8333
[30,    13] loss: 2.3626 acc: 21.1538
[30,    14] loss: 2.4422 acc: 21.4286
[30,    15] loss: 1.7622 acc: 21.6667
[30,    16] loss: 3.0306 acc: 20.3125
[30,    17] loss: 1.8136 acc: 19.1176
[30,    18] loss: 1.7682 acc: 20.8333
[30,    19] loss: 2.3957 acc: 21.0526
[30,    20] loss: 2.7041 acc: 20.0000
[30,    21] loss: 2.2833 acc: 19.0476
[30,    22] loss: 2.3149 acc: 18.1818
[30,    23] loss: 2.8255 acc: 17.3913
[30,    24] loss: 1.4403 acc: 18.7500
[30,    25] loss: 2.1518 acc: 19.0000
[30,    26] loss: 2.2795 acc: 18.2692
[30,    27] loss: 2.4437 acc: 18.5185
[30,    28] loss: 1.9557 acc: 19.6429
[30,    29] loss: 1.7874 acc: 19.8276
[30,    30] loss: 2.4355 acc: 19.1667
[30,    31] loss: 2.4012 acc: 19.3548
[30,    32] loss: 2.3373 acc: 18.7500
[31,     1] loss: 2.4603 acc: 25.0000
[31,     2] loss: 2.1064 acc: 12.5000
[31,     3] loss: 2.6578 acc: 8.3333
[31,     4] loss: 2.0244 acc: 6.2500
[31,     5] loss: 2.0320 acc: 5.0000
[31,     6] loss: 2.3639 acc: 4.1667
[31,     7] loss: 2.1823 acc: 7.1429
[31,     8] loss: 2.2726 acc: 6.2500
[31,     9] loss: 2.4027 acc: 5.5556
[31,    10] loss: 2.1215 acc: 5.0000
[31,    11] loss: 1.5117 acc: 11.3636
[31,    12] loss: 2.1965 acc: 12.5000
[31,    13] loss: 1.3946 acc: 15.3846
[31,    14] loss: 2.0508 acc: 16.0714
[31,    15] loss: 2.3851 acc: 15.0000
[31,    16] loss: 1.6260 acc: 17.1875
[31,    17] loss: 1.9080 acc: 17.6471
[31,    18] loss: 2.5134 acc: 16.6667
[31,    19] loss: 2.7622 acc: 15.7895
[31,    20] loss: 1.3239 acc: 18.7500
[31,    21] loss: 2.7887 acc: 17.8571
[31,    22] loss: 2.3541 acc: 18.1818
[31,    23] loss: 2.4219 acc: 17.3913
[31,    24] loss: 1.9809 acc: 18.7500
[31,    25] loss: 1.7619 acc: 20.0000
[31,    26] loss: 1.5448 acc: 21.1538
[31,    27] loss: 2.0358 acc: 21.2963
[31,    28] loss: 1.7540 acc: 22.3214
[31,    29] loss: 2.1437 acc: 22.4138
[31,    30] loss: 2.9755 acc: 21.6667
[31,    31] loss: 3.2162 acc: 20.9677
[31,    32] loss: 2.8851 acc: 20.3125
[32,     1] loss: 1.9570 acc: 25.0000
[32,     2] loss: 2.3959 acc: 12.5000
[32,     3] loss: 1.8986 acc: 16.6667
[32,     4] loss: 2.4905 acc: 18.7500
[32,     5] loss: 1.6246 acc: 30.0000
[32,     6] loss: 2.3501 acc: 25.0000
[32,     7] loss: 2.3452 acc: 25.0000
[32,     8] loss: 2.6039 acc: 21.8750
[32,     9] loss: 2.0844 acc: 25.0000
[32,    10] loss: 2.0141 acc: 22.5000
[32,    11] loss: 2.3514 acc: 20.4545
[32,    12] loss: 1.7450 acc: 20.8333
[32,    13] loss: 2.0620 acc: 21.1538
[32,    14] loss: 1.9984 acc: 19.6429
[32,    15] loss: 2.5743 acc: 18.3333
[32,    16] loss: 2.5812 acc: 17.1875
[32,    17] loss: 2.3611 acc: 17.6471
[32,    18] loss: 1.9750 acc: 18.0556
[32,    19] loss: 3.0144 acc: 17.1053
[32,    20] loss: 2.7980 acc: 17.5000
[32,    21] loss: 1.3298 acc: 19.0476
[32,    22] loss: 2.3322 acc: 18.1818
[32,    23] loss: 1.8410 acc: 19.5652
[32,    24] loss: 2.2345 acc: 18.7500
[32,    25] loss: 2.3075 acc: 18.0000
[32,    26] loss: 2.1606 acc: 18.2692
[32,    27] loss: 2.1488 acc: 18.5185
[32,    28] loss: 1.9845 acc: 17.8571
[32,    29] loss: 2.7396 acc: 18.1034
[32,    30] loss: 2.3008 acc: 18.3333
[32,    31] loss: 2.1714 acc: 18.5484
[32,    32] loss: 2.3352 acc: 18.7500
[33,     1] loss: 1.5937 acc: 25.0000
[33,     2] loss: 1.7367 acc: 25.0000
[33,     3] loss: 2.3112 acc: 25.0000
[33,     4] loss: 1.9452 acc: 25.0000
[33,     5] loss: 1.6828 acc: 35.0000
[33,     6] loss: 2.4919 acc: 33.3333
[33,     7] loss: 2.0429 acc: 28.5714
[33,     8] loss: 2.2818 acc: 25.0000
[33,     9] loss: 2.1488 acc: 22.2222
[33,    10] loss: 1.6114 acc: 22.5000
[33,    11] loss: 2.5662 acc: 20.4545
[33,    12] loss: 1.6940 acc: 20.8333
[33,    13] loss: 2.1164 acc: 19.2308
[33,    14] loss: 3.0665 acc: 17.8571
[33,    15] loss: 2.5862 acc: 18.3333
[33,    16] loss: 2.1859 acc: 17.1875
[33,    17] loss: 1.6155 acc: 17.6471
[33,    18] loss: 1.8949 acc: 18.0556
[33,    19] loss: 3.2302 acc: 17.1053
[33,    20] loss: 2.5499 acc: 17.5000
[33,    21] loss: 2.2077 acc: 16.6667
[33,    22] loss: 1.4418 acc: 18.1818
[33,    23] loss: 2.0032 acc: 18.4783
[33,    24] loss: 2.8438 acc: 18.7500
[33,    25] loss: 1.9661 acc: 19.0000
[33,    26] loss: 2.2854 acc: 20.1923
[33,    27] loss: 2.0889 acc: 21.2963
[33,    28] loss: 1.7900 acc: 21.4286
[33,    29] loss: 2.3724 acc: 22.4138
[33,    30] loss: 2.2318 acc: 21.6667
[33,    31] loss: 2.3424 acc: 21.7742
[33,    32] loss: 2.0094 acc: 21.8750
[34,     1] loss: 2.0688 acc: 0.0000
[34,     2] loss: 2.2839 acc: 25.0000
[34,     3] loss: 2.0799 acc: 25.0000
[34,     4] loss: 1.9820 acc: 31.2500
[34,     5] loss: 2.2613 acc: 30.0000
[34,     6] loss: 2.5450 acc: 25.0000
[34,     7] loss: 1.9938 acc: 28.5714
[34,     8] loss: 2.1860 acc: 28.1250
[34,     9] loss: 3.2152 acc: 25.0000
[34,    10] loss: 2.4635 acc: 22.5000
[34,    11] loss: 2.3940 acc: 22.7273
[34,    12] loss: 2.9620 acc: 20.8333
[34,    13] loss: 2.4428 acc: 23.0769
[34,    14] loss: 2.7598 acc: 23.2143
[34,    15] loss: 2.0507 acc: 23.3333
[34,    16] loss: 2.1552 acc: 21.8750
[34,    17] loss: 1.9201 acc: 22.0588
[34,    18] loss: 2.7933 acc: 22.2222
[34,    19] loss: 2.2095 acc: 21.0526
[34,    20] loss: 1.8938 acc: 21.2500
[34,    21] loss: 2.0158 acc: 21.4286
[34,    22] loss: 2.0678 acc: 22.7273
[34,    23] loss: 2.4032 acc: 25.0000
[34,    24] loss: 2.0449 acc: 25.0000
[34,    25] loss: 2.0139 acc: 25.0000
[34,    26] loss: 2.6724 acc: 24.0385
[34,    27] loss: 3.7036 acc: 24.0741
[34,    28] loss: 1.5777 acc: 25.0000
[34,    29] loss: 1.5005 acc: 25.8621
[34,    30] loss: 2.0942 acc: 25.8333
[34,    31] loss: 1.9008 acc: 25.8065
[34,    32] loss: 2.7975 acc: 25.0000
[35,     1] loss: 2.2622 acc: 0.0000
[35,     2] loss: 2.3023 acc: 12.5000
[35,     3] loss: 2.3155 acc: 16.6667
[35,     4] loss: 2.0765 acc: 18.7500
[35,     5] loss: 2.7082 acc: 15.0000
[35,     6] loss: 2.8116 acc: 12.5000
[35,     7] loss: 1.9753 acc: 17.8571
[35,     8] loss: 2.6032 acc: 15.6250
[35,     9] loss: 2.3703 acc: 13.8889
[35,    10] loss: 2.1922 acc: 12.5000
[35,    11] loss: 2.1529 acc: 11.3636
[35,    12] loss: 2.6200 acc: 10.4167
[35,    13] loss: 3.3248 acc: 9.6154
[35,    14] loss: 3.5386 acc: 8.9286
[35,    15] loss: 2.0254 acc: 11.6667
[35,    16] loss: 2.2512 acc: 12.5000
[35,    17] loss: 1.7848 acc: 16.1765
[35,    18] loss: 1.9797 acc: 18.0556
[35,    19] loss: 2.8121 acc: 17.1053
[35,    20] loss: 2.2077 acc: 16.2500
[35,    21] loss: 1.9179 acc: 16.6667
[35,    22] loss: 2.2325 acc: 17.0455
[35,    23] loss: 1.8178 acc: 17.3913
[35,    24] loss: 1.7866 acc: 17.7083
[35,    25] loss: 1.6809 acc: 19.0000
[35,    26] loss: 1.9165 acc: 19.2308
[35,    27] loss: 2.0459 acc: 19.4444
[35,    28] loss: 1.6970 acc: 19.6429
[35,    29] loss: 1.9407 acc: 19.8276
[35,    30] loss: 3.1510 acc: 19.1667
[35,    31] loss: 2.1950 acc: 18.5484
[35,    32] loss: 2.6766 acc: 17.9688
[36,     1] loss: 2.0420 acc: 50.0000
[36,     2] loss: 2.2085 acc: 37.5000
[36,     3] loss: 1.8098 acc: 41.6667
[36,     4] loss: 2.9173 acc: 31.2500
[36,     5] loss: 2.5541 acc: 30.0000
[36,     6] loss: 2.4138 acc: 29.1667
[36,     7] loss: 2.3661 acc: 28.5714
[36,     8] loss: 1.9373 acc: 28.1250
[36,     9] loss: 1.6958 acc: 27.7778
[36,    10] loss: 2.5179 acc: 25.0000
[36,    11] loss: 2.6046 acc: 22.7273
[36,    12] loss: 2.0366 acc: 25.0000
[36,    13] loss: 1.5806 acc: 28.8462
[36,    14] loss: 2.7878 acc: 26.7857
[36,    15] loss: 2.0085 acc: 26.6667
[36,    16] loss: 1.7974 acc: 26.5625
[36,    17] loss: 2.8977 acc: 25.0000
[36,    18] loss: 2.3407 acc: 23.6111
[36,    19] loss: 2.3205 acc: 23.6842
[36,    20] loss: 1.7698 acc: 23.7500
[36,    21] loss: 1.3275 acc: 25.0000
[36,    22] loss: 2.0021 acc: 23.8636
[36,    23] loss: 2.2400 acc: 22.8261
[36,    24] loss: 2.7110 acc: 22.9167
[36,    25] loss: 2.3078 acc: 23.0000
[36,    26] loss: 2.2172 acc: 23.0769
[36,    27] loss: 1.4259 acc: 24.0741
[36,    28] loss: 1.8981 acc: 24.1071
[36,    29] loss: 1.6109 acc: 25.0000
[36,    30] loss: 2.7790 acc: 25.0000
[36,    31] loss: 1.8728 acc: 25.0000
[36,    32] loss: 2.2084 acc: 25.0000
[37,     1] loss: 1.3479 acc: 50.0000
[37,     2] loss: 2.0925 acc: 25.0000
[37,     3] loss: 2.9002 acc: 33.3333
[37,     4] loss: 1.6300 acc: 37.5000
[37,     5] loss: 1.4253 acc: 40.0000
[37,     6] loss: 2.1206 acc: 33.3333
[37,     7] loss: 1.8641 acc: 32.1429
[37,     8] loss: 2.1394 acc: 28.1250
[37,     9] loss: 1.6531 acc: 27.7778
[37,    10] loss: 3.2924 acc: 27.5000
[37,    11] loss: 2.2986 acc: 27.2727
[37,    12] loss: 2.7101 acc: 25.0000
[37,    13] loss: 2.1287 acc: 25.0000
[37,    14] loss: 1.8569 acc: 26.7857
[37,    15] loss: 1.3268 acc: 30.0000
[37,    16] loss: 3.0221 acc: 28.1250
[37,    17] loss: 2.2162 acc: 26.4706
[37,    18] loss: 2.3919 acc: 25.0000
[37,    19] loss: 1.6361 acc: 25.0000
[37,    20] loss: 2.1533 acc: 25.0000
[37,    21] loss: 2.1058 acc: 25.0000
[37,    22] loss: 2.7554 acc: 23.8636
[37,    23] loss: 3.0514 acc: 22.8261
[37,    24] loss: 1.7560 acc: 23.9583
[37,    25] loss: 1.7378 acc: 25.0000
[37,    26] loss: 2.3251 acc: 24.0385
[37,    27] loss: 2.7871 acc: 24.0741
[37,    28] loss: 1.7902 acc: 25.8929
[37,    29] loss: 2.2916 acc: 25.0000
[37,    30] loss: 1.5370 acc: 25.8333
[37,    31] loss: 1.4865 acc: 26.6129
[37,    32] loss: 2.3909 acc: 26.5625
[38,     1] loss: 2.6936 acc: 25.0000
[38,     2] loss: 2.8847 acc: 25.0000
[38,     3] loss: 1.3765 acc: 33.3333
[38,     4] loss: 2.7262 acc: 25.0000
[38,     5] loss: 1.6719 acc: 30.0000
[38,     6] loss: 1.6507 acc: 29.1667
[38,     7] loss: 1.3204 acc: 32.1429
[38,     8] loss: 2.4775 acc: 28.1250
[38,     9] loss: 1.5678 acc: 30.5556
[38,    10] loss: 1.4139 acc: 35.0000
[38,    11] loss: 1.6624 acc: 34.0909
[38,    12] loss: 1.5580 acc: 35.4167
[38,    13] loss: 1.7536 acc: 34.6154
[38,    14] loss: 2.1266 acc: 33.9286
[38,    15] loss: 2.0380 acc: 33.3333
[38,    16] loss: 2.5139 acc: 32.8125
[38,    17] loss: 2.7313 acc: 30.8824
[38,    18] loss: 1.6321 acc: 30.5556
[38,    19] loss: 2.6118 acc: 28.9474
[38,    20] loss: 2.7143 acc: 28.7500
[38,    21] loss: 2.4549 acc: 28.5714
[38,    22] loss: 2.0744 acc: 27.2727
[38,    23] loss: 2.3231 acc: 26.0870
[38,    24] loss: 1.6866 acc: 26.0417
[38,    25] loss: 2.8569 acc: 26.0000
[38,    26] loss: 1.5162 acc: 25.9615
[38,    27] loss: 1.9450 acc: 25.9259
[38,    28] loss: 2.5896 acc: 25.8929
[38,    29] loss: 2.8268 acc: 25.0000
[38,    30] loss: 2.0437 acc: 25.0000
[38,    31] loss: 2.9674 acc: 24.1935
[38,    32] loss: 1.9468 acc: 24.2188
[39,     1] loss: 2.8797 acc: 0.0000
[39,     2] loss: 1.4728 acc: 12.5000
[39,     3] loss: 2.7245 acc: 8.3333
[39,     4] loss: 2.1256 acc: 6.2500
[39,     5] loss: 2.4500 acc: 5.0000
[39,     6] loss: 1.6442 acc: 8.3333
[39,     7] loss: 2.1122 acc: 10.7143
[39,     8] loss: 2.0926 acc: 15.6250
[39,     9] loss: 1.9995 acc: 16.6667
[39,    10] loss: 2.1253 acc: 15.0000
[39,    11] loss: 2.8549 acc: 15.9091
[39,    12] loss: 1.4268 acc: 16.6667
[39,    13] loss: 2.4911 acc: 17.3077
[39,    14] loss: 1.9586 acc: 17.8571
[39,    15] loss: 2.2585 acc: 18.3333
[39,    16] loss: 2.6441 acc: 17.1875
[39,    17] loss: 1.3722 acc: 19.1176
[39,    18] loss: 2.6396 acc: 19.4444
[39,    19] loss: 2.1961 acc: 19.7368
[39,    20] loss: 1.7519 acc: 21.2500
[39,    21] loss: 1.0674 acc: 23.8095
[39,    22] loss: 2.1665 acc: 22.7273
[39,    23] loss: 2.6964 acc: 21.7391
[39,    24] loss: 1.9420 acc: 23.9583
[39,    25] loss: 1.9591 acc: 25.0000
[39,    26] loss: 2.2697 acc: 25.0000
[39,    27] loss: 1.4446 acc: 25.0000
[39,    28] loss: 2.7295 acc: 24.1071
[39,    29] loss: 2.0064 acc: 23.2759
[39,    30] loss: 2.9840 acc: 22.5000
[39,    31] loss: 2.2794 acc: 24.1935
[39,    32] loss: 2.2059 acc: 24.2188
[40,     1] loss: 1.7324 acc: 25.0000
[40,     2] loss: 1.2598 acc: 37.5000
[40,     3] loss: 1.3785 acc: 41.6667
[40,     4] loss: 2.5318 acc: 31.2500
[40,     5] loss: 2.5125 acc: 30.0000
[40,     6] loss: 2.3492 acc: 25.0000
[40,     7] loss: 3.1276 acc: 21.4286
[40,     8] loss: 1.7653 acc: 25.0000
[40,     9] loss: 2.8223 acc: 22.2222
[40,    10] loss: 2.2386 acc: 20.0000
[40,    11] loss: 2.0306 acc: 20.4545
[40,    12] loss: 1.5150 acc: 22.9167
[40,    13] loss: 1.5899 acc: 23.0769
[40,    14] loss: 1.3607 acc: 25.0000
[40,    15] loss: 1.8789 acc: 26.6667
[40,    16] loss: 1.5332 acc: 28.1250
[40,    17] loss: 1.7550 acc: 27.9412
[40,    18] loss: 1.6472 acc: 29.1667
[40,    19] loss: 3.0656 acc: 27.6316
[40,    20] loss: 2.9376 acc: 26.2500
[40,    21] loss: 3.3919 acc: 25.0000
[40,    22] loss: 2.0873 acc: 25.0000
[40,    23] loss: 3.0928 acc: 25.0000
[40,    24] loss: 1.6013 acc: 25.0000
[40,    25] loss: 1.4715 acc: 26.0000
[40,    26] loss: 2.1562 acc: 25.9615
[40,    27] loss: 1.2993 acc: 26.8519
[40,    28] loss: 2.4787 acc: 26.7857
[40,    29] loss: 2.2190 acc: 26.7241
[40,    30] loss: 1.7606 acc: 28.3333
[40,    31] loss: 2.4082 acc: 28.2258
[40,    32] loss: 2.0353 acc: 28.1250
[41,     1] loss: 2.5388 acc: 25.0000
[41,     2] loss: 2.3076 acc: 25.0000
[41,     3] loss: 2.5564 acc: 16.6667
[41,     4] loss: 2.2096 acc: 12.5000
[41,     5] loss: 2.1178 acc: 10.0000
[41,     6] loss: 1.9840 acc: 16.6667
[41,     7] loss: 2.1385 acc: 14.2857
[41,     8] loss: 1.8618 acc: 15.6250
[41,     9] loss: 1.7662 acc: 16.6667
[41,    10] loss: 1.7192 acc: 20.0000
[41,    11] loss: 1.4341 acc: 22.7273
[41,    12] loss: 2.0583 acc: 27.0833
[41,    13] loss: 1.2753 acc: 28.8462
[41,    14] loss: 2.4343 acc: 28.5714
[41,    15] loss: 2.0044 acc: 28.3333
[41,    16] loss: 2.0374 acc: 26.5625
[41,    17] loss: 1.8119 acc: 27.9412
[41,    18] loss: 1.7892 acc: 29.1667
[41,    19] loss: 2.1636 acc: 28.9474
[41,    20] loss: 2.0555 acc: 28.7500
[41,    21] loss: 2.0143 acc: 28.5714
[41,    22] loss: 1.6686 acc: 28.4091
[41,    23] loss: 1.6205 acc: 30.4348
[41,    24] loss: 1.6510 acc: 30.2083
[41,    25] loss: 1.9587 acc: 31.0000
[41,    26] loss: 1.9796 acc: 30.7692
[41,    27] loss: 1.8995 acc: 31.4815
[41,    28] loss: 1.6410 acc: 32.1429
[41,    29] loss: 1.8302 acc: 32.7586
[41,    30] loss: 2.3770 acc: 32.5000
[41,    31] loss: 2.1935 acc: 33.0645
[41,    32] loss: 1.8359 acc: 32.8125
[42,     1] loss: 2.3096 acc: 25.0000
[42,     2] loss: 2.4002 acc: 12.5000
[42,     3] loss: 2.3458 acc: 16.6667
[42,     4] loss: 3.2146 acc: 12.5000
[42,     5] loss: 3.3000 acc: 10.0000
[42,     6] loss: 2.1613 acc: 12.5000
[42,     7] loss: 1.9606 acc: 17.8571
[42,     8] loss: 3.0364 acc: 15.6250
[42,     9] loss: 2.9671 acc: 16.6667
[42,    10] loss: 2.1007 acc: 17.5000
[42,    11] loss: 2.1062 acc: 18.1818
[42,    12] loss: 1.7791 acc: 20.8333
[42,    13] loss: 2.7199 acc: 19.2308
[42,    14] loss: 2.3404 acc: 19.6429
[42,    15] loss: 2.2548 acc: 21.6667
[42,    16] loss: 3.2235 acc: 20.3125
[42,    17] loss: 2.7991 acc: 19.1176
[42,    18] loss: 2.1371 acc: 19.4444
[42,    19] loss: 2.1626 acc: 18.4211
[42,    20] loss: 2.3864 acc: 17.5000
[42,    21] loss: 2.5311 acc: 16.6667
[42,    22] loss: 2.0868 acc: 17.0455
[42,    23] loss: 2.8501 acc: 16.3043
[42,    24] loss: 1.5976 acc: 18.7500
[42,    25] loss: 0.8803 acc: 21.0000
[42,    26] loss: 1.2569 acc: 22.1154
[42,    27] loss: 1.3831 acc: 22.2222
[42,    28] loss: 2.6329 acc: 22.3214
[42,    29] loss: 1.6865 acc: 23.2759
[42,    30] loss: 1.6854 acc: 23.3333
[42,    31] loss: 1.5400 acc: 23.3871
[42,    32] loss: 2.1329 acc: 22.6562
[43,     1] loss: 1.7346 acc: 50.0000
[43,     2] loss: 1.8726 acc: 37.5000
[43,     3] loss: 1.5129 acc: 33.3333
[43,     4] loss: 1.8354 acc: 31.2500
[43,     5] loss: 2.1092 acc: 40.0000
[43,     6] loss: 2.0030 acc: 37.5000
[43,     7] loss: 2.7948 acc: 32.1429
[43,     8] loss: 2.9968 acc: 28.1250
[43,     9] loss: 2.1079 acc: 25.0000
[43,    10] loss: 1.6456 acc: 25.0000
[43,    11] loss: 2.1583 acc: 25.0000
[43,    12] loss: 1.8120 acc: 25.0000
[43,    13] loss: 2.6809 acc: 25.0000
[43,    14] loss: 1.8784 acc: 25.0000
[43,    15] loss: 1.8588 acc: 25.0000
[43,    16] loss: 3.1509 acc: 23.4375
[43,    17] loss: 1.9442 acc: 23.5294
[43,    18] loss: 1.2643 acc: 25.0000
[43,    19] loss: 2.4151 acc: 25.0000
[43,    20] loss: 2.5306 acc: 23.7500
[43,    21] loss: 2.0904 acc: 23.8095
[43,    22] loss: 1.8293 acc: 23.8636
[43,    23] loss: 2.5085 acc: 22.8261
[43,    24] loss: 2.3980 acc: 21.8750
[43,    25] loss: 2.2651 acc: 22.0000
[43,    26] loss: 1.2182 acc: 22.1154
[43,    27] loss: 2.7341 acc: 22.2222
[43,    28] loss: 2.2558 acc: 22.3214
[43,    29] loss: 3.0858 acc: 21.5517
[43,    30] loss: 1.9780 acc: 21.6667
[43,    31] loss: 2.2068 acc: 21.7742
[43,    32] loss: 2.7605 acc: 21.0938
[44,     1] loss: 1.5732 acc: 50.0000
[44,     2] loss: 1.8314 acc: 50.0000
[44,     3] loss: 1.8274 acc: 41.6667
[44,     4] loss: 2.8189 acc: 37.5000
[44,     5] loss: 2.1031 acc: 35.0000
[44,     6] loss: 2.7630 acc: 29.1667
[44,     7] loss: 2.0897 acc: 32.1429
[44,     8] loss: 2.2402 acc: 31.2500
[44,     9] loss: 1.9617 acc: 30.5556
[44,    10] loss: 1.0836 acc: 32.5000
[44,    11] loss: 2.0501 acc: 31.8182
[44,    12] loss: 2.3042 acc: 31.2500
[44,    13] loss: 3.0336 acc: 28.8462
[44,    14] loss: 2.6916 acc: 26.7857
[44,    15] loss: 2.6628 acc: 25.0000
[44,    16] loss: 1.7675 acc: 25.0000
[44,    17] loss: 2.3315 acc: 23.5294
[44,    18] loss: 2.3745 acc: 22.2222
[44,    19] loss: 2.1236 acc: 21.0526
[44,    20] loss: 1.7332 acc: 21.2500
[44,    21] loss: 2.4198 acc: 20.2381
[44,    22] loss: 0.8359 acc: 22.7273
[44,    23] loss: 2.3243 acc: 21.7391
[44,    24] loss: 2.7564 acc: 20.8333
[44,    25] loss: 2.0123 acc: 22.0000
[44,    26] loss: 2.0814 acc: 22.1154
[44,    27] loss: 2.2431 acc: 22.2222
[44,    28] loss: 2.6233 acc: 21.4286
[44,    29] loss: 2.3852 acc: 20.6897
[44,    30] loss: 2.2327 acc: 20.8333
[44,    31] loss: 2.1839 acc: 20.1613
[44,    32] loss: 1.8574 acc: 21.0938
[45,     1] loss: 2.2496 acc: 0.0000
[45,     2] loss: 2.6451 acc: 12.5000
[45,     3] loss: 2.0234 acc: 16.6667
[45,     4] loss: 2.7258 acc: 12.5000
[45,     5] loss: 2.0366 acc: 15.0000
[45,     6] loss: 2.0207 acc: 16.6667
[45,     7] loss: 1.6843 acc: 21.4286
[45,     8] loss: 1.4724 acc: 21.8750
[45,     9] loss: 2.0389 acc: 27.7778
[45,    10] loss: 2.1662 acc: 25.0000
[45,    11] loss: 1.9738 acc: 25.0000
[45,    12] loss: 1.5520 acc: 27.0833
[45,    13] loss: 2.0687 acc: 25.0000
[45,    14] loss: 2.0611 acc: 23.2143
[45,    15] loss: 1.6653 acc: 25.0000
[45,    16] loss: 2.0773 acc: 26.5625
[45,    17] loss: 2.0534 acc: 26.4706
[45,    18] loss: 2.2810 acc: 26.3889
[45,    19] loss: 2.4640 acc: 26.3158
[45,    20] loss: 2.3457 acc: 26.2500
[45,    21] loss: 2.8107 acc: 25.0000
[45,    22] loss: 1.9950 acc: 25.0000
[45,    23] loss: 1.8696 acc: 26.0870
[45,    24] loss: 3.0999 acc: 25.0000
[45,    25] loss: 2.8799 acc: 24.0000
[45,    26] loss: 4.0161 acc: 23.0769
[45,    27] loss: 2.0771 acc: 23.1481
[45,    28] loss: 2.6545 acc: 22.3214
[45,    29] loss: 1.9706 acc: 22.4138
[45,    30] loss: 1.7257 acc: 22.5000
[45,    31] loss: 2.8217 acc: 21.7742
[45,    32] loss: 2.2699 acc: 21.0938
[46,     1] loss: 2.6621 acc: 0.0000
[46,     2] loss: 1.9868 acc: 25.0000
[46,     3] loss: 1.6582 acc: 25.0000
[46,     4] loss: 1.8094 acc: 18.7500
[46,     5] loss: 2.3251 acc: 20.0000
[46,     6] loss: 2.4036 acc: 16.6667
[46,     7] loss: 2.1178 acc: 17.8571
[46,     8] loss: 2.3573 acc: 18.7500
[46,     9] loss: 2.5290 acc: 19.4444
[46,    10] loss: 2.0414 acc: 17.5000
[46,    11] loss: 1.6884 acc: 18.1818
[46,    12] loss: 2.0760 acc: 18.7500
[46,    13] loss: 2.0296 acc: 17.3077
[46,    14] loss: 2.1274 acc: 16.0714
[46,    15] loss: 2.0897 acc: 15.0000
[46,    16] loss: 2.1123 acc: 15.6250
[46,    17] loss: 2.6783 acc: 14.7059
[46,    18] loss: 1.9817 acc: 15.2778
[46,    19] loss: 1.5122 acc: 17.1053
[46,    20] loss: 1.6020 acc: 17.5000
[46,    21] loss: 2.3996 acc: 17.8571
[46,    22] loss: 2.6977 acc: 18.1818
[46,    23] loss: 2.3866 acc: 18.4783
[46,    24] loss: 2.2544 acc: 17.7083
[46,    25] loss: 2.0046 acc: 19.0000
[46,    26] loss: 2.3225 acc: 19.2308
[46,    27] loss: 2.2751 acc: 18.5185
[46,    28] loss: 2.0578 acc: 17.8571
[46,    29] loss: 1.8822 acc: 18.1034
[46,    30] loss: 2.1073 acc: 17.5000
[46,    31] loss: 1.6222 acc: 19.3548
[46,    32] loss: 2.0314 acc: 19.5312
[47,     1] loss: 2.3273 acc: 25.0000
[47,     2] loss: 2.3328 acc: 25.0000
[47,     3] loss: 1.9768 acc: 25.0000
[47,     4] loss: 1.6501 acc: 31.2500
[47,     5] loss: 2.6046 acc: 30.0000
[47,     6] loss: 1.8293 acc: 29.1667
[47,     7] loss: 2.1930 acc: 28.5714
[47,     8] loss: 1.6799 acc: 31.2500
[47,     9] loss: 2.7858 acc: 27.7778
[47,    10] loss: 2.4279 acc: 25.0000
[47,    11] loss: 2.7802 acc: 27.2727
[47,    12] loss: 1.7233 acc: 27.0833
[47,    13] loss: 2.0530 acc: 26.9231
[47,    14] loss: 2.6995 acc: 25.0000
[47,    15] loss: 3.5971 acc: 23.3333
[47,    16] loss: 2.2644 acc: 21.8750
[47,    17] loss: 2.9428 acc: 20.5882
[47,    18] loss: 1.9091 acc: 22.2222
[47,    19] loss: 2.3475 acc: 22.3684
[47,    20] loss: 2.0881 acc: 22.5000
[47,    21] loss: 1.7502 acc: 23.8095
[47,    22] loss: 2.2263 acc: 23.8636
[47,    23] loss: 1.8935 acc: 23.9130
[47,    24] loss: 1.7393 acc: 23.9583
[47,    25] loss: 1.2190 acc: 26.0000
[47,    26] loss: 1.6528 acc: 25.9615
[47,    27] loss: 2.3799 acc: 25.0000
[47,    28] loss: 1.8326 acc: 25.8929
[47,    29] loss: 2.1135 acc: 25.8621
[47,    30] loss: 2.2254 acc: 25.8333
[47,    31] loss: 3.0112 acc: 25.0000
[47,    32] loss: 2.3546 acc: 24.2188
[48,     1] loss: 2.1052 acc: 25.0000
[48,     2] loss: 1.7993 acc: 25.0000
[48,     3] loss: 1.9526 acc: 25.0000
[48,     4] loss: 2.2825 acc: 25.0000
[48,     5] loss: 2.5406 acc: 20.0000
[48,     6] loss: 1.5375 acc: 29.1667
[48,     7] loss: 2.0014 acc: 25.0000
[48,     8] loss: 2.1131 acc: 28.1250
[48,     9] loss: 2.4256 acc: 25.0000
[48,    10] loss: 2.0548 acc: 25.0000
[48,    11] loss: 2.4575 acc: 25.0000
[48,    12] loss: 2.2231 acc: 25.0000
[48,    13] loss: 2.2082 acc: 25.0000
[48,    14] loss: 2.2892 acc: 25.0000
[48,    15] loss: 1.8789 acc: 26.6667
[48,    16] loss: 3.6274 acc: 25.0000
[48,    17] loss: 2.4153 acc: 25.0000
[48,    18] loss: 1.7615 acc: 26.3889
[48,    19] loss: 1.5533 acc: 27.6316
[48,    20] loss: 2.1823 acc: 27.5000
[48,    21] loss: 1.8736 acc: 27.3810
[48,    22] loss: 2.2473 acc: 28.4091
[48,    23] loss: 1.8611 acc: 29.3478
[48,    24] loss: 2.2581 acc: 28.1250
[48,    25] loss: 2.1313 acc: 28.0000
[48,    26] loss: 2.1369 acc: 27.8846
[48,    27] loss: 1.8571 acc: 27.7778
[48,    28] loss: 2.2231 acc: 26.7857
[48,    29] loss: 1.7284 acc: 27.5862
[48,    30] loss: 2.5550 acc: 26.6667
[48,    31] loss: 1.3732 acc: 27.4194
[48,    32] loss: 2.2005 acc: 26.5625
[49,     1] loss: 2.2329 acc: 0.0000
[49,     2] loss: 2.2569 acc: 12.5000
[49,     3] loss: 2.3554 acc: 16.6667
[49,     4] loss: 1.8440 acc: 31.2500
[49,     5] loss: 1.4155 acc: 35.0000
[49,     6] loss: 2.2011 acc: 33.3333
[49,     7] loss: 3.1624 acc: 28.5714
[49,     8] loss: 2.0094 acc: 28.1250
[49,     9] loss: 2.5060 acc: 27.7778
[49,    10] loss: 1.9930 acc: 27.5000
[49,    11] loss: 2.2749 acc: 29.5455
[49,    12] loss: 2.8112 acc: 27.0833
[49,    13] loss: 1.8785 acc: 28.8462
[49,    14] loss: 2.4463 acc: 26.7857
[49,    15] loss: 2.5993 acc: 25.0000
[49,    16] loss: 2.2681 acc: 23.4375
[49,    17] loss: 1.6049 acc: 23.5294
[49,    18] loss: 2.0362 acc: 25.0000
[49,    19] loss: 2.2843 acc: 25.0000
[49,    20] loss: 2.8522 acc: 23.7500
[49,    21] loss: 1.8806 acc: 25.0000
[49,    22] loss: 2.2432 acc: 26.1364
[49,    23] loss: 1.9701 acc: 25.0000
[49,    24] loss: 2.6711 acc: 23.9583
[49,    25] loss: 2.5451 acc: 23.0000
[49,    26] loss: 1.6916 acc: 23.0769
[49,    27] loss: 1.5223 acc: 24.0741
[49,    28] loss: 1.8204 acc: 24.1071
[49,    29] loss: 1.8920 acc: 25.0000
[49,    30] loss: 2.0022 acc: 24.1667
[49,    31] loss: 2.1275 acc: 24.1935
[49,    32] loss: 2.0965 acc: 23.4375
[50,     1] loss: 2.7067 acc: 0.0000
[50,     2] loss: 2.6910 acc: 0.0000
[50,     3] loss: 2.3765 acc: 8.3333
[50,     4] loss: 2.4872 acc: 12.5000
[50,     5] loss: 2.6973 acc: 10.0000
[50,     6] loss: 1.7045 acc: 16.6667
[50,     7] loss: 2.0333 acc: 17.8571
[50,     8] loss: 2.1838 acc: 15.6250
[50,     9] loss: 2.3532 acc: 16.6667
[50,    10] loss: 2.2684 acc: 15.0000
[50,    11] loss: 1.8873 acc: 15.9091
[50,    12] loss: 2.5141 acc: 16.6667
[50,    13] loss: 1.7630 acc: 17.3077
[50,    14] loss: 2.6021 acc: 17.8571
[50,    15] loss: 2.1070 acc: 18.3333
[50,    16] loss: 2.2451 acc: 17.1875
[50,    17] loss: 2.2861 acc: 16.1765
[50,    18] loss: 1.7300 acc: 16.6667
[50,    19] loss: 3.0478 acc: 15.7895
[50,    20] loss: 2.5765 acc: 15.0000
[50,    21] loss: 2.2358 acc: 14.2857
[50,    22] loss: 2.6212 acc: 13.6364
[50,    23] loss: 1.7450 acc: 14.1304
[50,    24] loss: 2.6303 acc: 13.5417
[50,    25] loss: 2.8808 acc: 14.0000
[50,    26] loss: 2.3889 acc: 14.4231
[50,    27] loss: 2.1073 acc: 14.8148
[50,    28] loss: 1.0634 acc: 16.9643
[50,    29] loss: 1.6662 acc: 17.2414
[50,    30] loss: 3.1313 acc: 16.6667
[50,    31] loss: 2.5208 acc: 16.1290
[50,    32] loss: 1.9264 acc: 17.1875
[51,     1] loss: 2.4702 acc: 50.0000
[51,     2] loss: 2.4935 acc: 37.5000
[51,     3] loss: 3.2755 acc: 25.0000
[51,     4] loss: 2.2835 acc: 18.7500
[51,     5] loss: 2.8813 acc: 15.0000
[51,     6] loss: 1.7436 acc: 20.8333
[51,     7] loss: 1.7369 acc: 21.4286
[51,     8] loss: 2.1668 acc: 21.8750
[51,     9] loss: 2.4846 acc: 19.4444
[51,    10] loss: 2.0570 acc: 20.0000
[51,    11] loss: 2.3426 acc: 18.1818
[51,    12] loss: 2.5000 acc: 16.6667
[51,    13] loss: 2.0857 acc: 15.3846
[51,    14] loss: 2.5328 acc: 16.0714
[51,    15] loss: 2.4825 acc: 16.6667
[51,    16] loss: 2.0773 acc: 15.6250
[51,    17] loss: 3.4760 acc: 17.6471
[51,    18] loss: 1.5315 acc: 19.4444
[51,    19] loss: 2.3622 acc: 18.4211
[51,    20] loss: 2.0497 acc: 17.5000
[51,    21] loss: 1.6123 acc: 17.8571
[51,    22] loss: 2.1401 acc: 17.0455
[51,    23] loss: 1.8288 acc: 17.3913
[51,    24] loss: 2.4344 acc: 16.6667
[51,    25] loss: 2.1286 acc: 17.0000
[51,    26] loss: 2.1369 acc: 18.2692
[51,    27] loss: 2.7006 acc: 17.5926
[51,    28] loss: 2.2697 acc: 18.7500
[51,    29] loss: 1.5134 acc: 19.8276
[51,    30] loss: 2.5059 acc: 19.1667
[51,    31] loss: 1.8989 acc: 18.5484
[51,    32] loss: 1.5747 acc: 19.5312
[52,     1] loss: 1.9528 acc: 25.0000
[52,     2] loss: 1.3701 acc: 50.0000
[52,     3] loss: 2.2167 acc: 50.0000
[52,     4] loss: 2.3987 acc: 37.5000
[52,     5] loss: 2.5018 acc: 30.0000
[52,     6] loss: 2.0669 acc: 29.1667
[52,     7] loss: 1.6582 acc: 32.1429
[52,     8] loss: 2.2857 acc: 31.2500
[52,     9] loss: 2.1161 acc: 30.5556
[52,    10] loss: 2.2337 acc: 32.5000
[52,    11] loss: 2.6901 acc: 29.5455
[52,    12] loss: 2.1676 acc: 27.0833
[52,    13] loss: 2.2905 acc: 26.9231
[52,    14] loss: 2.3307 acc: 26.7857
[52,    15] loss: 1.8407 acc: 28.3333
[52,    16] loss: 1.6370 acc: 31.2500
[52,    17] loss: 2.7504 acc: 29.4118
[52,    18] loss: 2.7447 acc: 29.1667
[52,    19] loss: 1.3604 acc: 30.2632
[52,    20] loss: 1.9887 acc: 28.7500
[52,    21] loss: 2.1541 acc: 27.3810
[52,    22] loss: 2.5461 acc: 27.2727
[52,    23] loss: 2.3991 acc: 27.1739
[52,    24] loss: 1.6833 acc: 28.1250
[52,    25] loss: 2.6830 acc: 27.0000
[52,    26] loss: 1.9380 acc: 26.9231
[52,    27] loss: 2.3661 acc: 26.8519
[52,    28] loss: 1.6895 acc: 27.6786
[52,    29] loss: 2.0010 acc: 26.7241
[52,    30] loss: 1.4620 acc: 27.5000
[52,    31] loss: 1.8274 acc: 28.2258
[52,    32] loss: 1.6497 acc: 28.9062
[53,     1] loss: 2.0220 acc: 25.0000
[53,     2] loss: 1.5791 acc: 50.0000
[53,     3] loss: 2.4271 acc: 50.0000
[53,     4] loss: 3.0316 acc: 37.5000
[53,     5] loss: 2.2629 acc: 30.0000
[53,     6] loss: 1.9993 acc: 29.1667
[53,     7] loss: 2.1144 acc: 25.0000
[53,     8] loss: 2.1805 acc: 25.0000
[53,     9] loss: 1.2513 acc: 27.7778
[53,    10] loss: 1.1003 acc: 32.5000
[53,    11] loss: 1.9013 acc: 29.5455
[53,    12] loss: 2.5412 acc: 27.0833
[53,    13] loss: 1.8763 acc: 26.9231
[53,    14] loss: 2.3078 acc: 28.5714
[53,    15] loss: 3.1272 acc: 26.6667
[53,    16] loss: 1.9326 acc: 28.1250
[53,    17] loss: 2.4832 acc: 26.4706
[53,    18] loss: 2.3158 acc: 27.7778
[53,    19] loss: 1.5688 acc: 27.6316
[53,    20] loss: 1.7350 acc: 27.5000
[53,    21] loss: 1.7685 acc: 28.5714
[53,    22] loss: 1.4230 acc: 30.6818
[53,    23] loss: 2.0231 acc: 30.4348
[53,    24] loss: 2.0621 acc: 30.2083
[53,    25] loss: 1.8339 acc: 31.0000
[53,    26] loss: 2.3820 acc: 29.8077
[53,    27] loss: 2.7342 acc: 28.7037
[53,    28] loss: 1.6656 acc: 29.4643
[53,    29] loss: 1.2994 acc: 30.1724
[53,    30] loss: 2.3815 acc: 29.1667
[53,    31] loss: 3.0854 acc: 29.0323
[53,    32] loss: 2.1745 acc: 28.1250
[54,     1] loss: 2.3673 acc: 25.0000
[54,     2] loss: 2.2333 acc: 37.5000
[54,     3] loss: 1.8263 acc: 50.0000
[54,     4] loss: 1.8844 acc: 43.7500
[54,     5] loss: 1.4937 acc: 45.0000
[54,     6] loss: 2.0606 acc: 41.6667
[54,     7] loss: 1.8060 acc: 39.2857
[54,     8] loss: 2.6982 acc: 37.5000
[54,     9] loss: 2.1968 acc: 33.3333
[54,    10] loss: 1.5236 acc: 32.5000
[54,    11] loss: 1.9256 acc: 29.5455
[54,    12] loss: 1.4425 acc: 33.3333
[54,    13] loss: 2.0527 acc: 32.6923
[54,    14] loss: 3.1778 acc: 30.3571
[54,    15] loss: 1.7469 acc: 31.6667
[54,    16] loss: 1.7023 acc: 34.3750
[54,    17] loss: 1.9178 acc: 35.2941
[54,    18] loss: 1.4601 acc: 36.1111
[54,    19] loss: 2.2766 acc: 34.2105
[54,    20] loss: 2.1264 acc: 35.0000
[54,    21] loss: 2.3149 acc: 33.3333
[54,    22] loss: 3.1396 acc: 31.8182
[54,    23] loss: 2.5927 acc: 30.4348
[54,    24] loss: 2.2995 acc: 30.2083
[54,    25] loss: 2.4052 acc: 30.0000
[54,    26] loss: 2.7397 acc: 28.8462
[54,    27] loss: 2.3144 acc: 27.7778
[54,    28] loss: 1.8157 acc: 27.6786
[54,    29] loss: 2.1290 acc: 27.5862
[54,    30] loss: 2.4586 acc: 26.6667
[54,    31] loss: 2.4463 acc: 26.6129
[54,    32] loss: 1.6797 acc: 26.5625
[55,     1] loss: 2.0144 acc: 25.0000
[55,     2] loss: 2.1097 acc: 12.5000
[55,     3] loss: 0.7813 acc: 41.6667
[55,     4] loss: 2.3599 acc: 31.2500
[55,     5] loss: 2.6324 acc: 25.0000
[55,     6] loss: 2.3039 acc: 29.1667
[55,     7] loss: 2.2231 acc: 25.0000
[55,     8] loss: 1.7828 acc: 25.0000
[55,     9] loss: 1.1218 acc: 27.7778
[55,    10] loss: 2.2532 acc: 27.5000
[55,    11] loss: 1.7860 acc: 27.2727
[55,    12] loss: 2.0177 acc: 27.0833
[55,    13] loss: 1.7047 acc: 26.9231
[55,    14] loss: 3.0361 acc: 25.0000
[55,    15] loss: 2.5199 acc: 25.0000
[55,    16] loss: 1.5705 acc: 25.0000
[55,    17] loss: 2.1111 acc: 23.5294
[55,    18] loss: 2.0997 acc: 22.2222
[55,    19] loss: 2.8246 acc: 21.0526
[55,    20] loss: 1.8144 acc: 21.2500
[55,    21] loss: 1.9530 acc: 21.4286
[55,    22] loss: 2.5856 acc: 21.5909
[55,    23] loss: 2.1503 acc: 21.7391
[55,    24] loss: 1.7367 acc: 21.8750
[55,    25] loss: 2.1487 acc: 22.0000
[55,    26] loss: 1.6814 acc: 23.0769
[55,    27] loss: 2.2588 acc: 22.2222
[55,    28] loss: 1.8807 acc: 23.2143
[55,    29] loss: 1.7076 acc: 24.1379
[55,    30] loss: 2.6936 acc: 23.3333
[55,    31] loss: 2.8159 acc: 23.3871
[55,    32] loss: 1.7032 acc: 24.2188
[56,     1] loss: 1.7904 acc: 50.0000
[56,     2] loss: 2.1406 acc: 37.5000
[56,     3] loss: 1.3522 acc: 41.6667
[56,     4] loss: 2.1644 acc: 37.5000
[56,     5] loss: 1.8376 acc: 40.0000
[56,     6] loss: 1.8440 acc: 41.6667
[56,     7] loss: 1.7437 acc: 42.8571
[56,     8] loss: 2.6715 acc: 37.5000
[56,     9] loss: 2.2997 acc: 36.1111
[56,    10] loss: 2.4327 acc: 35.0000
[56,    11] loss: 1.6562 acc: 36.3636
[56,    12] loss: 2.6143 acc: 35.4167
[56,    13] loss: 1.6250 acc: 36.5385
[56,    14] loss: 2.7409 acc: 37.5000
[56,    15] loss: 1.9895 acc: 36.6667
[56,    16] loss: 2.5270 acc: 35.9375
[56,    17] loss: 3.1826 acc: 33.8235
[56,    18] loss: 2.2263 acc: 33.3333
[56,    19] loss: 2.7106 acc: 31.5789
[56,    20] loss: 2.2610 acc: 31.2500
[56,    21] loss: 2.1802 acc: 29.7619
[56,    22] loss: 1.7411 acc: 30.6818
[56,    23] loss: 3.0281 acc: 29.3478
[56,    24] loss: 2.6867 acc: 29.1667
[56,    25] loss: 2.4080 acc: 28.0000
[56,    26] loss: 1.0590 acc: 29.8077
[56,    27] loss: 1.7021 acc: 31.4815
[56,    28] loss: 3.5174 acc: 30.3571
[56,    29] loss: 3.4373 acc: 29.3103
[56,    30] loss: 1.1348 acc: 30.8333
[56,    31] loss: 1.1810 acc: 31.4516
[56,    32] loss: 1.7152 acc: 32.0312
[57,     1] loss: 2.4881 acc: 50.0000
[57,     2] loss: 1.8652 acc: 62.5000
[57,     3] loss: 1.6002 acc: 58.3333
[57,     4] loss: 2.5890 acc: 43.7500
[57,     5] loss: 1.7308 acc: 40.0000
[57,     6] loss: 1.4598 acc: 45.8333
[57,     7] loss: 1.9798 acc: 46.4286
[57,     8] loss: 1.6409 acc: 46.8750
[57,     9] loss: 2.0247 acc: 44.4444
[57,    10] loss: 1.4596 acc: 45.0000
[57,    11] loss: 1.2706 acc: 45.4545
[57,    12] loss: 1.7310 acc: 45.8333
[57,    13] loss: 2.1040 acc: 42.3077
[57,    14] loss: 2.2919 acc: 41.0714
[57,    15] loss: 3.0768 acc: 40.0000
[57,    16] loss: 2.0329 acc: 39.0625
[57,    17] loss: 3.2437 acc: 36.7647
[57,    18] loss: 2.3641 acc: 36.1111
[57,    19] loss: 2.4627 acc: 34.2105
[57,    20] loss: 2.2029 acc: 36.2500
[57,    21] loss: 2.6134 acc: 34.5238
[57,    22] loss: 2.5774 acc: 34.0909
[57,    23] loss: 2.0672 acc: 33.6957
[57,    24] loss: 1.9893 acc: 33.3333
[57,    25] loss: 2.2059 acc: 32.0000
[57,    26] loss: 1.9068 acc: 31.7308
[57,    27] loss: 2.9187 acc: 30.5556
[57,    28] loss: 1.7506 acc: 31.2500
[57,    29] loss: 2.4401 acc: 30.1724
[57,    30] loss: 2.5038 acc: 29.1667
[57,    31] loss: 1.7721 acc: 29.8387
[57,    32] loss: 2.5235 acc: 28.9062
[58,     1] loss: 2.4766 acc: 0.0000
[58,     2] loss: 1.7519 acc: 12.5000
[58,     3] loss: 1.8890 acc: 25.0000
[58,     4] loss: 1.5211 acc: 31.2500
[58,     5] loss: 2.7493 acc: 25.0000
[58,     6] loss: 2.2645 acc: 20.8333
[58,     7] loss: 1.4595 acc: 25.0000
[58,     8] loss: 1.2016 acc: 31.2500
[58,     9] loss: 1.9486 acc: 33.3333
[58,    10] loss: 1.9278 acc: 32.5000
[58,    11] loss: 1.9841 acc: 31.8182
[58,    12] loss: 2.1157 acc: 33.3333
[58,    13] loss: 2.1797 acc: 30.7692
[58,    14] loss: 1.5859 acc: 32.1429
[58,    15] loss: 1.8276 acc: 31.6667
[58,    16] loss: 1.2872 acc: 32.8125
[58,    17] loss: 1.6348 acc: 33.8235
[58,    18] loss: 1.5547 acc: 34.7222
[58,    19] loss: 2.5496 acc: 32.8947
[58,    20] loss: 1.5922 acc: 33.7500
[58,    21] loss: 2.1525 acc: 32.1429
[58,    22] loss: 1.8534 acc: 32.9545
[58,    23] loss: 2.7316 acc: 31.5217
[58,    24] loss: 1.8689 acc: 31.2500
[58,    25] loss: 0.9897 acc: 33.0000
[58,    26] loss: 1.9172 acc: 33.6538
[58,    27] loss: 1.6963 acc: 34.2593
[58,    28] loss: 2.5487 acc: 33.9286
[58,    29] loss: 2.2687 acc: 33.6207
[58,    30] loss: 1.5035 acc: 34.1667
[58,    31] loss: 3.0990 acc: 33.0645
[58,    32] loss: 2.4437 acc: 32.8125
[59,     1] loss: 1.9229 acc: 25.0000
[59,     2] loss: 1.6866 acc: 25.0000
[59,     3] loss: 1.8060 acc: 25.0000
[59,     4] loss: 2.4154 acc: 25.0000
[59,     5] loss: 1.6011 acc: 30.0000
[59,     6] loss: 1.8955 acc: 29.1667
[59,     7] loss: 2.3486 acc: 32.1429
[59,     8] loss: 1.7277 acc: 37.5000
[59,     9] loss: 1.5780 acc: 38.8889
[59,    10] loss: 1.6966 acc: 40.0000
[59,    11] loss: 2.3582 acc: 38.6364
[59,    12] loss: 1.7492 acc: 37.5000
[59,    13] loss: 1.8897 acc: 36.5385
[59,    14] loss: 1.5968 acc: 35.7143
[59,    15] loss: 3.1546 acc: 33.3333
[59,    16] loss: 2.6325 acc: 31.2500
[59,    17] loss: 1.8803 acc: 30.8824
[59,    18] loss: 1.5895 acc: 31.9444
[59,    19] loss: 1.9760 acc: 31.5789
[59,    20] loss: 2.3184 acc: 31.2500
[59,    21] loss: 1.8849 acc: 30.9524
[59,    22] loss: 2.3213 acc: 29.5455
[59,    23] loss: 1.8597 acc: 29.3478
[59,    24] loss: 1.5255 acc: 30.2083
[59,    25] loss: 0.9059 acc: 32.0000
[59,    26] loss: 2.1053 acc: 31.7308
[59,    27] loss: 1.4004 acc: 31.4815
[59,    28] loss: 1.8571 acc: 32.1429
[59,    29] loss: 2.0439 acc: 31.8966
[59,    30] loss: 2.9402 acc: 31.6667
[59,    31] loss: 1.7143 acc: 31.4516
[59,    32] loss: 2.3418 acc: 30.4688
[60,     1] loss: 3.5441 acc: 25.0000
[60,     2] loss: 3.2555 acc: 12.5000
[60,     3] loss: 1.6202 acc: 16.6667
[60,     4] loss: 2.3113 acc: 12.5000
[60,     5] loss: 2.5516 acc: 15.0000
[60,     6] loss: 2.0601 acc: 12.5000
[60,     7] loss: 1.2225 acc: 17.8571
[60,     8] loss: 2.6251 acc: 15.6250
[60,     9] loss: 2.4696 acc: 13.8889
[60,    10] loss: 2.3839 acc: 12.5000
[60,    11] loss: 2.5781 acc: 11.3636
[60,    12] loss: 2.0463 acc: 12.5000
[60,    13] loss: 3.0187 acc: 11.5385
[60,    14] loss: 2.0192 acc: 10.7143
[60,    15] loss: 1.6894 acc: 13.3333
[60,    16] loss: 1.8873 acc: 15.6250
[60,    17] loss: 1.4509 acc: 17.6471
[60,    18] loss: 1.8683 acc: 18.0556
[60,    19] loss: 1.8035 acc: 21.0526
[60,    20] loss: 1.9167 acc: 21.2500
[60,    21] loss: 2.3525 acc: 21.4286
[60,    22] loss: 1.9777 acc: 22.7273
[60,    23] loss: 3.1038 acc: 21.7391
[60,    24] loss: 2.0663 acc: 22.9167
[60,    25] loss: 1.9505 acc: 24.0000
[60,    26] loss: 1.3923 acc: 25.0000
[60,    27] loss: 2.2085 acc: 24.0741
[60,    28] loss: 0.9434 acc: 25.8929
[60,    29] loss: 2.2239 acc: 25.0000
[60,    30] loss: 3.0725 acc: 24.1667
[60,    31] loss: 2.2440 acc: 25.0000
[60,    32] loss: 2.1883 acc: 24.2188
[61,     1] loss: 2.8121 acc: 25.0000
[61,     2] loss: 1.6936 acc: 25.0000
[61,     3] loss: 2.4269 acc: 16.6667
[61,     4] loss: 1.6259 acc: 25.0000
[61,     5] loss: 1.9982 acc: 25.0000
[61,     6] loss: 2.3328 acc: 25.0000
[61,     7] loss: 1.9930 acc: 21.4286
[61,     8] loss: 2.4366 acc: 21.8750
[61,     9] loss: 1.9467 acc: 22.2222
[61,    10] loss: 1.8112 acc: 25.0000
[61,    11] loss: 2.4639 acc: 25.0000
[61,    12] loss: 2.8584 acc: 25.0000
[61,    13] loss: 1.9381 acc: 25.0000
[61,    14] loss: 1.7854 acc: 25.0000
[61,    15] loss: 2.4950 acc: 23.3333
[61,    16] loss: 1.7602 acc: 25.0000
[61,    17] loss: 1.8983 acc: 25.0000
[61,    18] loss: 2.7137 acc: 23.6111
[61,    19] loss: 2.1159 acc: 23.6842
[61,    20] loss: 1.8617 acc: 23.7500
[61,    21] loss: 2.0065 acc: 25.0000
[61,    22] loss: 2.4010 acc: 25.0000
[61,    23] loss: 2.0719 acc: 25.0000
[61,    24] loss: 2.2646 acc: 25.0000
[61,    25] loss: 1.9193 acc: 25.0000
[61,    26] loss: 1.7107 acc: 25.0000
[61,    27] loss: 1.4262 acc: 25.9259
[61,    28] loss: 2.3940 acc: 25.8929
[61,    29] loss: 2.5215 acc: 25.0000
[61,    30] loss: 1.9120 acc: 25.0000
[61,    31] loss: 2.4232 acc: 24.1935
[61,    32] loss: 3.0797 acc: 23.4375
[62,     1] loss: 1.4528 acc: 75.0000
[62,     2] loss: 2.0419 acc: 50.0000
[62,     3] loss: 1.7680 acc: 50.0000
[62,     4] loss: 2.0311 acc: 50.0000
[62,     5] loss: 2.6823 acc: 45.0000
[62,     6] loss: 1.9470 acc: 37.5000
[62,     7] loss: 2.6810 acc: 35.7143
[62,     8] loss: 2.0405 acc: 34.3750
[62,     9] loss: 1.9815 acc: 36.1111
[62,    10] loss: 2.0088 acc: 32.5000
[62,    11] loss: 2.0782 acc: 34.0909
[62,    12] loss: 2.1066 acc: 31.2500
[62,    13] loss: 2.5332 acc: 30.7692
[62,    14] loss: 2.2104 acc: 28.5714
[62,    15] loss: 2.8946 acc: 28.3333
[62,    16] loss: 2.2734 acc: 26.5625
[62,    17] loss: 1.5423 acc: 27.9412
[62,    18] loss: 1.7809 acc: 27.7778
[62,    19] loss: 2.0091 acc: 27.6316
[62,    20] loss: 1.2241 acc: 30.0000
[62,    21] loss: 1.6260 acc: 30.9524
[62,    22] loss: 3.6197 acc: 29.5455
[62,    23] loss: 1.6436 acc: 30.4348
[62,    24] loss: 2.3432 acc: 30.2083
[62,    25] loss: 1.9587 acc: 31.0000
[62,    26] loss: 2.5572 acc: 29.8077
[62,    27] loss: 2.0631 acc: 29.6296
[62,    28] loss: 1.6039 acc: 29.4643
[62,    29] loss: 2.1305 acc: 28.4483
[62,    30] loss: 1.3405 acc: 29.1667
[62,    31] loss: 2.5750 acc: 28.2258
[62,    32] loss: 1.8476 acc: 28.1250
[63,     1] loss: 1.5493 acc: 25.0000
[63,     2] loss: 2.2003 acc: 25.0000
[63,     3] loss: 1.9642 acc: 25.0000
[63,     4] loss: 1.8155 acc: 31.2500
[63,     5] loss: 1.4120 acc: 35.0000
[63,     6] loss: 1.5661 acc: 33.3333
[63,     7] loss: 1.3906 acc: 35.7143
[63,     8] loss: 1.8353 acc: 34.3750
[63,     9] loss: 1.3977 acc: 36.1111
[63,    10] loss: 1.6345 acc: 35.0000
[63,    11] loss: 1.6997 acc: 34.0909
[63,    12] loss: 1.5336 acc: 33.3333
[63,    13] loss: 1.6192 acc: 36.5385
[63,    14] loss: 2.4710 acc: 33.9286
[63,    15] loss: 1.8799 acc: 33.3333
[63,    16] loss: 1.9967 acc: 32.8125
[63,    17] loss: 2.1533 acc: 32.3529
[63,    18] loss: 2.5200 acc: 30.5556
[63,    19] loss: 1.2535 acc: 32.8947
[63,    20] loss: 3.3972 acc: 31.2500
[63,    21] loss: 2.7697 acc: 29.7619
[63,    22] loss: 2.2111 acc: 29.5455
[63,    23] loss: 2.1416 acc: 28.2609
[63,    24] loss: 1.5389 acc: 29.1667
[63,    25] loss: 1.9891 acc: 29.0000
[63,    26] loss: 1.7352 acc: 28.8462
[63,    27] loss: 2.0575 acc: 28.7037
[63,    28] loss: 1.9574 acc: 28.5714
[63,    29] loss: 2.4913 acc: 27.5862
[63,    30] loss: 2.4703 acc: 27.5000
[63,    31] loss: 1.7205 acc: 29.0323
[63,    32] loss: 1.3073 acc: 29.6875
[64,     1] loss: 1.6324 acc: 50.0000
[64,     2] loss: 2.1451 acc: 37.5000
[64,     3] loss: 2.6061 acc: 25.0000
[64,     4] loss: 2.9538 acc: 25.0000
[64,     5] loss: 1.6158 acc: 25.0000
[64,     6] loss: 2.2174 acc: 20.8333
[64,     7] loss: 2.7950 acc: 25.0000
[64,     8] loss: 2.3153 acc: 25.0000
[64,     9] loss: 2.0905 acc: 25.0000
[64,    10] loss: 2.1219 acc: 25.0000
[64,    11] loss: 1.2777 acc: 27.2727
[64,    12] loss: 2.1622 acc: 27.0833
[64,    13] loss: 1.9493 acc: 25.0000
[64,    14] loss: 1.5097 acc: 25.0000
[64,    15] loss: 2.1752 acc: 23.3333
[64,    16] loss: 2.1913 acc: 21.8750
[64,    17] loss: 1.5682 acc: 23.5294
[64,    18] loss: 2.4371 acc: 22.2222
[64,    19] loss: 1.2806 acc: 23.6842
[64,    20] loss: 2.5723 acc: 23.7500
[64,    21] loss: 1.6748 acc: 25.0000
[64,    22] loss: 2.6412 acc: 23.8636
[64,    23] loss: 2.4962 acc: 23.9130
[64,    24] loss: 1.4227 acc: 23.9583
[64,    25] loss: 2.0209 acc: 24.0000
[64,    26] loss: 2.2682 acc: 24.0385
[64,    27] loss: 2.3652 acc: 23.1481
[64,    28] loss: 3.3201 acc: 22.3214
[64,    29] loss: 2.1437 acc: 22.4138
[64,    30] loss: 3.0892 acc: 21.6667
[64,    31] loss: 2.9294 acc: 21.7742
[64,    32] loss: 2.5825 acc: 21.0938
[65,     1] loss: 1.7277 acc: 75.0000
[65,     2] loss: 1.6378 acc: 50.0000
[65,     3] loss: 2.0989 acc: 50.0000
[65,     4] loss: 1.1906 acc: 50.0000
[65,     5] loss: 2.0627 acc: 50.0000
[65,     6] loss: 2.0772 acc: 41.6667
[65,     7] loss: 2.2107 acc: 35.7143
[65,     8] loss: 1.5589 acc: 37.5000
[65,     9] loss: 1.5274 acc: 38.8889
[65,    10] loss: 1.3856 acc: 40.0000
[65,    11] loss: 1.8276 acc: 38.6364
[65,    12] loss: 1.7292 acc: 39.5833
[65,    13] loss: 2.3668 acc: 38.4615
[65,    14] loss: 1.9934 acc: 41.0714
[65,    15] loss: 1.8120 acc: 40.0000
[65,    16] loss: 2.2218 acc: 40.6250
[65,    17] loss: 2.2933 acc: 39.7059
[65,    18] loss: 2.3039 acc: 40.2778
[65,    19] loss: 2.7614 acc: 38.1579
[65,    20] loss: 2.2982 acc: 37.5000
[65,    21] loss: 1.8638 acc: 36.9048
[65,    22] loss: 2.3836 acc: 36.3636
[65,    23] loss: 0.9678 acc: 38.0435
[65,    24] loss: 2.3858 acc: 37.5000
[65,    25] loss: 2.4166 acc: 37.0000
[65,    26] loss: 2.6523 acc: 35.5769
[65,    27] loss: 1.1729 acc: 37.0370
[65,    28] loss: 2.2434 acc: 36.6071
[65,    29] loss: 2.1838 acc: 35.3448
[65,    30] loss: 1.8246 acc: 35.0000
[65,    31] loss: 2.0165 acc: 34.6774
[65,    32] loss: 2.2718 acc: 34.3750
[66,     1] loss: 2.5036 acc: 50.0000
[66,     2] loss: 2.0754 acc: 50.0000
[66,     3] loss: 1.8332 acc: 50.0000
[66,     4] loss: 1.1417 acc: 56.2500
[66,     5] loss: 2.1520 acc: 50.0000
[66,     6] loss: 1.7183 acc: 50.0000
[66,     7] loss: 2.5446 acc: 42.8571
[66,     8] loss: 2.2879 acc: 43.7500
[66,     9] loss: 1.9583 acc: 41.6667
[66,    10] loss: 2.0871 acc: 40.0000
[66,    11] loss: 2.1729 acc: 40.9091
[66,    12] loss: 1.5201 acc: 41.6667
[66,    13] loss: 1.8892 acc: 42.3077
[66,    14] loss: 1.9703 acc: 41.0714
[66,    15] loss: 2.3306 acc: 40.0000
[66,    16] loss: 1.0682 acc: 42.1875
[66,    17] loss: 2.3102 acc: 39.7059
[66,    18] loss: 2.1178 acc: 37.5000
[66,    19] loss: 2.5733 acc: 36.8421
[66,    20] loss: 2.2648 acc: 36.2500
[66,    21] loss: 2.5395 acc: 35.7143
[66,    22] loss: 2.0065 acc: 36.3636
[66,    23] loss: 1.5927 acc: 35.8696
[66,    24] loss: 2.4236 acc: 35.4167
[66,    25] loss: 1.8735 acc: 36.0000
[66,    26] loss: 1.8870 acc: 35.5769
[66,    27] loss: 2.3517 acc: 35.1852
[66,    28] loss: 1.4317 acc: 36.6071
[66,    29] loss: 1.6066 acc: 37.9310
[66,    30] loss: 1.8200 acc: 37.5000
[66,    31] loss: 1.7605 acc: 37.9032
[66,    32] loss: 0.8056 acc: 39.8438
[67,     1] loss: 2.1624 acc: 25.0000
[67,     2] loss: 2.7994 acc: 12.5000
[67,     3] loss: 1.7477 acc: 25.0000
[67,     4] loss: 1.4273 acc: 31.2500
[67,     5] loss: 1.8169 acc: 30.0000
[67,     6] loss: 2.7270 acc: 25.0000
[67,     7] loss: 1.8711 acc: 28.5714
[67,     8] loss: 1.8377 acc: 31.2500
[67,     9] loss: 2.5736 acc: 27.7778
[67,    10] loss: 2.5445 acc: 27.5000
[67,    11] loss: 2.2145 acc: 27.2727
[67,    12] loss: 1.8714 acc: 27.0833
[67,    13] loss: 2.6964 acc: 25.0000
[67,    14] loss: 2.0802 acc: 25.0000
[67,    15] loss: 2.5475 acc: 25.0000
[67,    16] loss: 1.7954 acc: 26.5625
[67,    17] loss: 2.9088 acc: 25.0000
[67,    18] loss: 1.4953 acc: 26.3889
[67,    19] loss: 1.6519 acc: 26.3158
[67,    20] loss: 2.8738 acc: 26.2500
[67,    21] loss: 1.4314 acc: 27.3810
[67,    22] loss: 2.3242 acc: 27.2727
[67,    23] loss: 1.0973 acc: 29.3478
[67,    24] loss: 2.3707 acc: 30.2083
[67,    25] loss: 2.1206 acc: 29.0000
[67,    26] loss: 1.6281 acc: 29.8077
[67,    27] loss: 2.2538 acc: 29.6296
[67,    28] loss: 1.9262 acc: 30.3571
[67,    29] loss: 1.2792 acc: 31.0345
[67,    30] loss: 2.4081 acc: 30.8333
[67,    31] loss: 1.8762 acc: 31.4516
[67,    32] loss: 3.0281 acc: 31.2500
[68,     1] loss: 1.2181 acc: 75.0000
[68,     2] loss: 2.7253 acc: 50.0000
[68,     3] loss: 1.9470 acc: 41.6667
[68,     4] loss: 2.4406 acc: 31.2500
[68,     5] loss: 2.0117 acc: 30.0000
[68,     6] loss: 2.1998 acc: 33.3333
[68,     7] loss: 2.0011 acc: 32.1429
[68,     8] loss: 1.3095 acc: 37.5000
[68,     9] loss: 2.8165 acc: 36.1111
[68,    10] loss: 2.5437 acc: 37.5000
[68,    11] loss: 1.8724 acc: 38.6364
[68,    12] loss: 1.9381 acc: 37.5000
[68,    13] loss: 1.8703 acc: 36.5385
[68,    14] loss: 1.3974 acc: 37.5000
[68,    15] loss: 2.0873 acc: 35.0000
[68,    16] loss: 1.8520 acc: 37.5000
[68,    17] loss: 1.5153 acc: 36.7647
[68,    18] loss: 2.3526 acc: 34.7222
[68,    19] loss: 1.7456 acc: 34.2105
[68,    20] loss: 1.8999 acc: 33.7500
[68,    21] loss: 1.8081 acc: 34.5238
[68,    22] loss: 2.1651 acc: 34.0909
[68,    23] loss: 1.5430 acc: 33.6957
[68,    24] loss: 2.2131 acc: 33.3333
[68,    25] loss: 1.7993 acc: 33.0000
[68,    26] loss: 1.2165 acc: 33.6538
[68,    27] loss: 1.4959 acc: 34.2593
[68,    28] loss: 1.9906 acc: 33.9286
[68,    29] loss: 1.8834 acc: 34.4828
[68,    30] loss: 2.7290 acc: 33.3333
[68,    31] loss: 2.0876 acc: 33.0645
[68,    32] loss: 1.8123 acc: 32.8125
[69,     1] loss: 1.4106 acc: 75.0000
[69,     2] loss: 2.7398 acc: 37.5000
[69,     3] loss: 3.0150 acc: 33.3333
[69,     4] loss: 2.2822 acc: 31.2500
[69,     5] loss: 0.9677 acc: 35.0000
[69,     6] loss: 2.3844 acc: 33.3333
[69,     7] loss: 2.4381 acc: 32.1429
[69,     8] loss: 1.7473 acc: 34.3750
[69,     9] loss: 2.1431 acc: 30.5556
[69,    10] loss: 2.2195 acc: 30.0000
[69,    11] loss: 2.3745 acc: 29.5455
[69,    12] loss: 1.5741 acc: 31.2500
[69,    13] loss: 0.5288 acc: 36.5385
[69,    14] loss: 1.8583 acc: 37.5000
[69,    15] loss: 2.7097 acc: 36.6667
[69,    16] loss: 1.9493 acc: 35.9375
[69,    17] loss: 0.6748 acc: 38.2353
[69,    18] loss: 1.0318 acc: 38.8889
[69,    19] loss: 1.6637 acc: 38.1579
[69,    20] loss: 2.1146 acc: 37.5000
[69,    21] loss: 2.5830 acc: 35.7143
[69,    22] loss: 2.2219 acc: 34.0909
[69,    23] loss: 2.1941 acc: 33.6957
[69,    24] loss: 1.9449 acc: 34.3750
[69,    25] loss: 2.6817 acc: 34.0000
[69,    26] loss: 1.6244 acc: 33.6538
[69,    27] loss: 2.0512 acc: 33.3333
[69,    28] loss: 2.2241 acc: 32.1429
[69,    29] loss: 1.0131 acc: 33.6207
[69,    30] loss: 2.7414 acc: 32.5000
[69,    31] loss: 2.7308 acc: 31.4516
[69,    32] loss: 2.4515 acc: 30.4688
[70,     1] loss: 1.2006 acc: 100.0000
[70,     2] loss: 3.1956 acc: 50.0000
[70,     3] loss: 1.6460 acc: 41.6667
[70,     4] loss: 2.2416 acc: 37.5000
[70,     5] loss: 2.6390 acc: 30.0000
[70,     6] loss: 2.5444 acc: 25.0000
[70,     7] loss: 4.2854 acc: 21.4286
[70,     8] loss: 2.4409 acc: 21.8750
[70,     9] loss: 2.4309 acc: 19.4444
[70,    10] loss: 2.8053 acc: 17.5000
[70,    11] loss: 2.1269 acc: 15.9091
[70,    12] loss: 2.1370 acc: 18.7500
[70,    13] loss: 1.5728 acc: 21.1538
[70,    14] loss: 1.8904 acc: 23.2143
[70,    15] loss: 2.3725 acc: 23.3333
[70,    16] loss: 2.1726 acc: 21.8750
[70,    17] loss: 1.8093 acc: 23.5294
[70,    18] loss: 2.3156 acc: 23.6111
[70,    19] loss: 2.6951 acc: 22.3684
[70,    20] loss: 2.7458 acc: 21.2500
[70,    21] loss: 2.4522 acc: 21.4286
[70,    22] loss: 2.1999 acc: 20.4545
[70,    23] loss: 2.0190 acc: 20.6522
[70,    24] loss: 2.4354 acc: 20.8333
[70,    25] loss: 2.6413 acc: 20.0000
[70,    26] loss: 2.0996 acc: 20.1923
[70,    27] loss: 1.7952 acc: 21.2963
[70,    28] loss: 1.9650 acc: 21.4286
[70,    29] loss: 2.1102 acc: 22.4138
[70,    30] loss: 2.0699 acc: 22.5000
[70,    31] loss: 2.3535 acc: 21.7742
[70,    32] loss: 2.0016 acc: 21.0938
[71,     1] loss: 2.2180 acc: 50.0000
[71,     2] loss: 2.6601 acc: 37.5000
[71,     3] loss: 1.4992 acc: 33.3333
[71,     4] loss: 2.2642 acc: 31.2500
[71,     5] loss: 2.1526 acc: 25.0000
[71,     6] loss: 2.3626 acc: 33.3333
[71,     7] loss: 2.5041 acc: 32.1429
[71,     8] loss: 2.6269 acc: 28.1250
[71,     9] loss: 1.7340 acc: 33.3333
[71,    10] loss: 1.4102 acc: 35.0000
[71,    11] loss: 1.8244 acc: 34.0909
[71,    12] loss: 2.1333 acc: 33.3333
[71,    13] loss: 2.2238 acc: 30.7692
[71,    14] loss: 2.2975 acc: 30.3571
[71,    15] loss: 2.2187 acc: 28.3333
[71,    16] loss: 2.1898 acc: 28.1250
[71,    17] loss: 2.0818 acc: 29.4118
[71,    18] loss: 1.7112 acc: 27.7778
[71,    19] loss: 2.3989 acc: 27.6316
[71,    20] loss: 2.7395 acc: 28.7500
[71,    21] loss: 1.9409 acc: 28.5714
[71,    22] loss: 2.2931 acc: 28.4091
[71,    23] loss: 1.9103 acc: 28.2609
[71,    24] loss: 1.7805 acc: 28.1250
[71,    25] loss: 2.0108 acc: 28.0000
[71,    26] loss: 1.4630 acc: 29.8077
[71,    27] loss: 1.2149 acc: 30.5556
[71,    28] loss: 2.1490 acc: 30.3571
[71,    29] loss: 2.0062 acc: 31.0345
[71,    30] loss: 2.2155 acc: 30.0000
[71,    31] loss: 1.9213 acc: 29.8387
[71,    32] loss: 1.6304 acc: 30.4688
[72,     1] loss: 1.7487 acc: 25.0000
[72,     2] loss: 2.0880 acc: 25.0000
[72,     3] loss: 1.8126 acc: 33.3333
[72,     4] loss: 2.4290 acc: 25.0000
[72,     5] loss: 1.9260 acc: 30.0000
[72,     6] loss: 1.7079 acc: 29.1667
[72,     7] loss: 1.9527 acc: 32.1429
[72,     8] loss: 2.4851 acc: 31.2500
[72,     9] loss: 1.2668 acc: 36.1111
[72,    10] loss: 2.7981 acc: 35.0000
[72,    11] loss: 1.6876 acc: 36.3636
[72,    12] loss: 1.7814 acc: 37.5000
[72,    13] loss: 1.5046 acc: 38.4615
[72,    14] loss: 1.8782 acc: 37.5000
[72,    15] loss: 2.1319 acc: 35.0000
[72,    16] loss: 1.8509 acc: 34.3750
[72,    17] loss: 1.0510 acc: 36.7647
[72,    18] loss: 1.1909 acc: 37.5000
[72,    19] loss: 2.8546 acc: 36.8421
[72,    20] loss: 1.5634 acc: 37.5000
[72,    21] loss: 1.7808 acc: 38.0952
[72,    22] loss: 1.8644 acc: 37.5000
[72,    23] loss: 1.2743 acc: 38.0435
[72,    24] loss: 2.4727 acc: 37.5000
[72,    25] loss: 2.2222 acc: 36.0000
[72,    26] loss: 1.4460 acc: 37.5000
[72,    27] loss: 1.2804 acc: 38.8889
[72,    28] loss: 1.0323 acc: 39.2857
[72,    29] loss: 1.2083 acc: 40.5172
[72,    30] loss: 1.7608 acc: 40.0000
[72,    31] loss: 1.9653 acc: 39.5161
[72,    32] loss: 2.6906 acc: 39.0625
[73,     1] loss: 1.9250 acc: 25.0000
[73,     2] loss: 1.9750 acc: 25.0000
[73,     3] loss: 2.0706 acc: 25.0000
[73,     4] loss: 2.2960 acc: 18.7500
[73,     5] loss: 3.0266 acc: 15.0000
[73,     6] loss: 1.6373 acc: 16.6667
[73,     7] loss: 1.1353 acc: 25.0000
[73,     8] loss: 2.3068 acc: 21.8750
[73,     9] loss: 2.1615 acc: 22.2222
[73,    10] loss: 1.8526 acc: 25.0000
[73,    11] loss: 1.2248 acc: 27.2727
[73,    12] loss: 2.2246 acc: 29.1667
[73,    13] loss: 1.9262 acc: 30.7692
[73,    14] loss: 1.6856 acc: 32.1429
[73,    15] loss: 1.6342 acc: 31.6667
[73,    16] loss: 2.4485 acc: 29.6875
[73,    17] loss: 2.4492 acc: 27.9412
[73,    18] loss: 2.3440 acc: 26.3889
[73,    19] loss: 2.6338 acc: 25.0000
[73,    20] loss: 2.1308 acc: 23.7500
[73,    21] loss: 1.7667 acc: 23.8095
[73,    22] loss: 1.6193 acc: 23.8636
[73,    23] loss: 2.0578 acc: 23.9130
[73,    24] loss: 2.0767 acc: 25.0000
[73,    25] loss: 1.6607 acc: 25.0000
[73,    26] loss: 2.1448 acc: 25.9615
[73,    27] loss: 2.2691 acc: 25.9259
[73,    28] loss: 1.2277 acc: 26.7857
[73,    29] loss: 2.1697 acc: 26.7241
[73,    30] loss: 2.1131 acc: 25.8333
[73,    31] loss: 3.5430 acc: 25.0000
[73,    32] loss: 1.3748 acc: 26.5625
[74,     1] loss: 2.0482 acc: 25.0000
[74,     2] loss: 2.0598 acc: 12.5000
[74,     3] loss: 1.7478 acc: 16.6667
[74,     4] loss: 1.8352 acc: 25.0000
[74,     5] loss: 1.1641 acc: 30.0000
[74,     6] loss: 2.3515 acc: 29.1667
[74,     7] loss: 2.0982 acc: 25.0000
[74,     8] loss: 1.6990 acc: 25.0000
[74,     9] loss: 2.0959 acc: 22.2222
[74,    10] loss: 2.8996 acc: 20.0000
[74,    11] loss: 1.7445 acc: 20.4545
[74,    12] loss: 1.3612 acc: 25.0000
[74,    13] loss: 2.0206 acc: 25.0000
[74,    14] loss: 2.0994 acc: 26.7857
[74,    15] loss: 2.1578 acc: 26.6667
[74,    16] loss: 2.5401 acc: 26.5625
[74,    17] loss: 2.5889 acc: 27.9412
[74,    18] loss: 2.1607 acc: 27.7778
[74,    19] loss: 2.7957 acc: 26.3158
[74,    20] loss: 1.4657 acc: 26.2500
[74,    21] loss: 2.0049 acc: 27.3810
[74,    22] loss: 1.6366 acc: 27.2727
[74,    23] loss: 1.3405 acc: 29.3478
[74,    24] loss: 1.6619 acc: 30.2083
[74,    25] loss: 1.1893 acc: 31.0000
[74,    26] loss: 1.3461 acc: 31.7308
[74,    27] loss: 2.0659 acc: 31.4815
[74,    28] loss: 2.0534 acc: 31.2500
[74,    29] loss: 2.6661 acc: 31.0345
[74,    30] loss: 2.1375 acc: 30.8333
[74,    31] loss: 1.1753 acc: 32.2581
[74,    32] loss: 2.5346 acc: 32.0312
[75,     1] loss: 1.7961 acc: 50.0000
[75,     2] loss: 3.1719 acc: 37.5000
[75,     3] loss: 1.0405 acc: 50.0000
[75,     4] loss: 1.4727 acc: 43.7500
[75,     5] loss: 2.0474 acc: 45.0000
[75,     6] loss: 1.7998 acc: 41.6667
[75,     7] loss: 2.8409 acc: 35.7143
[75,     8] loss: 2.4570 acc: 34.3750
[75,     9] loss: 2.5757 acc: 33.3333
[75,    10] loss: 2.3839 acc: 32.5000
[75,    11] loss: 2.4100 acc: 29.5455
[75,    12] loss: 2.3684 acc: 27.0833
[75,    13] loss: 2.1697 acc: 26.9231
[75,    14] loss: 2.1816 acc: 28.5714
[75,    15] loss: 1.4323 acc: 30.0000
[75,    16] loss: 2.8086 acc: 29.6875
[75,    17] loss: 2.7951 acc: 29.4118
[75,    18] loss: 1.7702 acc: 29.1667
[75,    19] loss: 1.9436 acc: 27.6316
[75,    20] loss: 1.9387 acc: 27.5000
[75,    21] loss: 2.3036 acc: 27.3810
[75,    22] loss: 1.4321 acc: 28.4091
[75,    23] loss: 2.5837 acc: 28.2609
[75,    24] loss: 1.7495 acc: 28.1250
[75,    25] loss: 2.6564 acc: 27.0000
[75,    26] loss: 2.0433 acc: 26.9231
[75,    27] loss: 1.8310 acc: 26.8519
[75,    28] loss: 0.7543 acc: 28.5714
[75,    29] loss: 1.5386 acc: 30.1724
[75,    30] loss: 2.1686 acc: 30.0000
[75,    31] loss: 1.5228 acc: 31.4516
[75,    32] loss: 1.8679 acc: 32.0312
[76,     1] loss: 0.8537 acc: 75.0000
[76,     2] loss: 2.4350 acc: 50.0000
[76,     3] loss: 2.4708 acc: 41.6667
[76,     4] loss: 1.5578 acc: 43.7500
[76,     5] loss: 2.1470 acc: 45.0000
[76,     6] loss: 2.0409 acc: 41.6667
[76,     7] loss: 1.6679 acc: 42.8571
[76,     8] loss: 1.1670 acc: 46.8750
[76,     9] loss: 2.8203 acc: 41.6667
[76,    10] loss: 1.8312 acc: 40.0000
[76,    11] loss: 1.4481 acc: 38.6364
[76,    12] loss: 1.9883 acc: 37.5000
[76,    13] loss: 1.5054 acc: 40.3846
[76,    14] loss: 2.5550 acc: 37.5000
[76,    15] loss: 2.6251 acc: 35.0000
[76,    16] loss: 2.8929 acc: 34.3750
[76,    17] loss: 1.8341 acc: 36.7647
[76,    18] loss: 2.2433 acc: 36.1111
[76,    19] loss: 2.2465 acc: 34.2105
[76,    20] loss: 2.7975 acc: 33.7500
[76,    21] loss: 1.6376 acc: 34.5238
[76,    22] loss: 2.7855 acc: 32.9545
[76,    23] loss: 2.0569 acc: 32.6087
[76,    24] loss: 3.3573 acc: 31.2500
[76,    25] loss: 1.8979 acc: 31.0000
[76,    26] loss: 2.0281 acc: 31.7308
[76,    27] loss: 1.8211 acc: 32.4074
[76,    28] loss: 2.0010 acc: 32.1429
[76,    29] loss: 1.7508 acc: 31.8966
[76,    30] loss: 2.5490 acc: 30.8333
[76,    31] loss: 2.4753 acc: 29.8387
[76,    32] loss: 1.9732 acc: 30.4688
[77,     1] loss: 1.6084 acc: 25.0000
[77,     2] loss: 1.7450 acc: 37.5000
[77,     3] loss: 3.3658 acc: 25.0000
[77,     4] loss: 2.6492 acc: 25.0000
[77,     5] loss: 1.6850 acc: 35.0000
[77,     6] loss: 2.5557 acc: 33.3333
[77,     7] loss: 2.1551 acc: 35.7143
[77,     8] loss: 1.6432 acc: 34.3750
[77,     9] loss: 2.1207 acc: 33.3333
[77,    10] loss: 2.1872 acc: 32.5000
[77,    11] loss: 1.8005 acc: 34.0909
[77,    12] loss: 1.4211 acc: 35.4167
[77,    13] loss: 2.2247 acc: 34.6154
[77,    14] loss: 2.7124 acc: 32.1429
[77,    15] loss: 1.5191 acc: 35.0000
[77,    16] loss: 2.3061 acc: 34.3750
[77,    17] loss: 2.2653 acc: 32.3529
[77,    18] loss: 1.8891 acc: 33.3333
[77,    19] loss: 1.8664 acc: 34.2105
[77,    20] loss: 1.2378 acc: 35.0000
[77,    21] loss: 2.1753 acc: 33.3333
[77,    22] loss: 2.4959 acc: 32.9545
[77,    23] loss: 1.7721 acc: 32.6087
[77,    24] loss: 1.6476 acc: 32.2917
[77,    25] loss: 2.4372 acc: 31.0000
[77,    26] loss: 3.2724 acc: 29.8077
[77,    27] loss: 1.8417 acc: 30.5556
[77,    28] loss: 1.6534 acc: 31.2500
[77,    29] loss: 2.4957 acc: 30.1724
[77,    30] loss: 1.3288 acc: 30.8333
[77,    31] loss: 2.5574 acc: 30.6452
[77,    32] loss: 2.0978 acc: 30.4688
[78,     1] loss: 1.8972 acc: 25.0000
[78,     2] loss: 2.0903 acc: 50.0000
[78,     3] loss: 1.9444 acc: 41.6667
[78,     4] loss: 3.0588 acc: 31.2500
[78,     5] loss: 2.1607 acc: 40.0000
[78,     6] loss: 1.6036 acc: 45.8333
[78,     7] loss: 1.3215 acc: 50.0000
[78,     8] loss: 2.6035 acc: 46.8750
[78,     9] loss: 2.5028 acc: 41.6667
[78,    10] loss: 1.7619 acc: 40.0000
[78,    11] loss: 2.6462 acc: 38.6364
[78,    12] loss: 1.0806 acc: 41.6667
[78,    13] loss: 2.7986 acc: 38.4615
[78,    14] loss: 1.8845 acc: 35.7143
[78,    15] loss: 2.2423 acc: 35.0000
[78,    16] loss: 2.5998 acc: 34.3750
[78,    17] loss: 2.7023 acc: 32.3529
[78,    18] loss: 1.9542 acc: 31.9444
[78,    19] loss: 0.8852 acc: 34.2105
[78,    20] loss: 1.1733 acc: 36.2500
[78,    21] loss: 1.7941 acc: 35.7143
[78,    22] loss: 3.1939 acc: 34.0909
[78,    23] loss: 2.2124 acc: 33.6957
[78,    24] loss: 2.2724 acc: 34.3750
[78,    25] loss: 1.5553 acc: 34.0000
[78,    26] loss: 2.0502 acc: 33.6538
[78,    27] loss: 1.7636 acc: 34.2593
[78,    28] loss: 1.8549 acc: 33.9286
[78,    29] loss: 2.0921 acc: 33.6207
[78,    30] loss: 1.8310 acc: 33.3333
[78,    31] loss: 1.9873 acc: 34.6774
[78,    32] loss: 2.5459 acc: 34.3750
[79,     1] loss: 2.7016 acc: 25.0000
[79,     2] loss: 1.9466 acc: 12.5000
[79,     3] loss: 1.5790 acc: 16.6667
[79,     4] loss: 1.6368 acc: 25.0000
[79,     5] loss: 1.5654 acc: 25.0000
[79,     6] loss: 1.2178 acc: 33.3333
[79,     7] loss: 2.1709 acc: 35.7143
[79,     8] loss: 2.5291 acc: 34.3750
[79,     9] loss: 2.3465 acc: 33.3333
[79,    10] loss: 1.9638 acc: 32.5000
[79,    11] loss: 1.3274 acc: 36.3636
[79,    12] loss: 1.9493 acc: 35.4167
[79,    13] loss: 2.0496 acc: 34.6154
[79,    14] loss: 2.6455 acc: 32.1429
[79,    15] loss: 1.0258 acc: 33.3333
[79,    16] loss: 1.9342 acc: 34.3750
[79,    17] loss: 1.1947 acc: 36.7647
[79,    18] loss: 2.5403 acc: 36.1111
[79,    19] loss: 1.6742 acc: 35.5263
[79,    20] loss: 1.5650 acc: 36.2500
[79,    21] loss: 2.0543 acc: 36.9048
[79,    22] loss: 1.5796 acc: 37.5000
[79,    23] loss: 1.3637 acc: 38.0435
[79,    24] loss: 2.4661 acc: 36.4583
[79,    25] loss: 2.7990 acc: 35.0000
[79,    26] loss: 1.6577 acc: 34.6154
[79,    27] loss: 2.5644 acc: 33.3333
[79,    28] loss: 1.4167 acc: 34.8214
[79,    29] loss: 2.3673 acc: 33.6207
[79,    30] loss: 1.7349 acc: 34.1667
[79,    31] loss: 1.7854 acc: 33.8710
[79,    32] loss: 1.6596 acc: 33.5938
[80,     1] loss: 1.6532 acc: 25.0000
[80,     2] loss: 1.9986 acc: 12.5000
[80,     3] loss: 2.7136 acc: 16.6667
[80,     4] loss: 1.5824 acc: 18.7500
[80,     5] loss: 2.0482 acc: 15.0000
[80,     6] loss: 1.6903 acc: 16.6667
[80,     7] loss: 1.7325 acc: 17.8571
[80,     8] loss: 2.1666 acc: 18.7500
[80,     9] loss: 1.6190 acc: 19.4444
[80,    10] loss: 3.2808 acc: 17.5000
[80,    11] loss: 1.3904 acc: 20.4545
[80,    12] loss: 2.3301 acc: 20.8333
[80,    13] loss: 2.0634 acc: 23.0769
[80,    14] loss: 2.2877 acc: 21.4286
[80,    15] loss: 1.6530 acc: 23.3333
[80,    16] loss: 1.6116 acc: 25.0000
[80,    17] loss: 2.9805 acc: 25.0000
[80,    18] loss: 3.4442 acc: 25.0000
[80,    19] loss: 1.9413 acc: 25.0000
[80,    20] loss: 2.2376 acc: 23.7500
[80,    21] loss: 2.0458 acc: 22.6190
[80,    22] loss: 1.7020 acc: 22.7273
[80,    23] loss: 3.0739 acc: 21.7391
[80,    24] loss: 1.1064 acc: 22.9167
[80,    25] loss: 2.1023 acc: 23.0000
[80,    26] loss: 1.8240 acc: 24.0385
[80,    27] loss: 2.4124 acc: 23.1481
[80,    28] loss: 1.1264 acc: 25.0000
[80,    29] loss: 2.1735 acc: 25.0000
[80,    30] loss: 1.6491 acc: 25.0000
[80,    31] loss: 1.6292 acc: 25.0000
[80,    32] loss: 1.9460 acc: 25.7812
[81,     1] loss: 2.6497 acc: 25.0000
[81,     2] loss: 1.6920 acc: 37.5000
[81,     3] loss: 2.3480 acc: 33.3333
[81,     4] loss: 2.2454 acc: 31.2500
[81,     5] loss: 1.3743 acc: 35.0000
[81,     6] loss: 2.5273 acc: 29.1667
[81,     7] loss: 2.1661 acc: 28.5714
[81,     8] loss: 1.8185 acc: 28.1250
[81,     9] loss: 1.9917 acc: 27.7778
[81,    10] loss: 2.6835 acc: 25.0000
[81,    11] loss: 1.4096 acc: 27.2727
[81,    12] loss: 2.6755 acc: 27.0833
[81,    13] loss: 1.3983 acc: 28.8462
[81,    14] loss: 1.8068 acc: 32.1429
[81,    15] loss: 2.8719 acc: 30.0000
[81,    16] loss: 1.8930 acc: 31.2500
[81,    17] loss: 1.9467 acc: 30.8824
[81,    18] loss: 2.5210 acc: 30.5556
[81,    19] loss: 1.5824 acc: 31.5789
[81,    20] loss: 1.6150 acc: 31.2500
[81,    21] loss: 1.1451 acc: 32.1429
[81,    22] loss: 2.1165 acc: 31.8182
[81,    23] loss: 1.6722 acc: 33.6957
[81,    24] loss: 2.0029 acc: 33.3333
[81,    25] loss: 2.2891 acc: 34.0000
[81,    26] loss: 2.2044 acc: 33.6538
[81,    27] loss: 1.5525 acc: 35.1852
[81,    28] loss: 2.3392 acc: 34.8214
[81,    29] loss: 2.3392 acc: 34.4828
[81,    30] loss: 2.1287 acc: 33.3333
[81,    31] loss: 1.7377 acc: 33.0645
[81,    32] loss: 1.6466 acc: 32.8125
[82,     1] loss: 1.7505 acc: 25.0000
[82,     2] loss: 2.6249 acc: 12.5000
[82,     3] loss: 2.2542 acc: 8.3333
[82,     4] loss: 2.9518 acc: 6.2500
[82,     5] loss: 2.4629 acc: 5.0000
[82,     6] loss: 2.6260 acc: 4.1667
[82,     7] loss: 1.8422 acc: 7.1429
[82,     8] loss: 1.9164 acc: 9.3750
[82,     9] loss: 1.9469 acc: 13.8889
[82,    10] loss: 1.8584 acc: 15.0000
[82,    11] loss: 2.1091 acc: 13.6364
[82,    12] loss: 2.5269 acc: 12.5000
[82,    13] loss: 2.7647 acc: 11.5385
[82,    14] loss: 2.4333 acc: 12.5000
[82,    15] loss: 2.4351 acc: 13.3333
[82,    16] loss: 1.4652 acc: 14.0625
[82,    17] loss: 1.7279 acc: 14.7059
[82,    18] loss: 1.1439 acc: 16.6667
[82,    19] loss: 1.1795 acc: 19.7368
[82,    20] loss: 3.1633 acc: 18.7500
[82,    21] loss: 1.7621 acc: 20.2381
[82,    22] loss: 1.9488 acc: 19.3182
[82,    23] loss: 2.1443 acc: 19.5652
[82,    24] loss: 2.2486 acc: 18.7500
[82,    25] loss: 2.1839 acc: 19.0000
[82,    26] loss: 1.1770 acc: 20.1923
[82,    27] loss: 1.7127 acc: 21.2963
[82,    28] loss: 1.9849 acc: 22.3214
[82,    29] loss: 1.9859 acc: 22.4138
[82,    30] loss: 1.9926 acc: 22.5000
[82,    31] loss: 2.3374 acc: 22.5806
[82,    32] loss: 2.0261 acc: 21.8750
[83,     1] loss: 1.7613 acc: 25.0000
[83,     2] loss: 1.7697 acc: 37.5000
[83,     3] loss: 1.5387 acc: 33.3333
[83,     4] loss: 2.0856 acc: 31.2500
[83,     5] loss: 2.3108 acc: 30.0000
[83,     6] loss: 1.5442 acc: 33.3333
[83,     7] loss: 3.2585 acc: 28.5714
[83,     8] loss: 2.8559 acc: 28.1250
[83,     9] loss: 2.5755 acc: 27.7778
[83,    10] loss: 1.7934 acc: 30.0000
[83,    11] loss: 1.5277 acc: 31.8182
[83,    12] loss: 2.4488 acc: 29.1667
[83,    13] loss: 1.8336 acc: 28.8462
[83,    14] loss: 0.6070 acc: 33.9286
[83,    15] loss: 2.6445 acc: 33.3333
[83,    16] loss: 1.5440 acc: 32.8125
[83,    17] loss: 1.8166 acc: 32.3529
[83,    18] loss: 2.3049 acc: 30.5556
[83,    19] loss: 1.4696 acc: 31.5789
[83,    20] loss: 2.8541 acc: 31.2500
[83,    21] loss: 2.9099 acc: 30.9524
[83,    22] loss: 3.4616 acc: 29.5455
[83,    23] loss: 2.2776 acc: 28.2609
[83,    24] loss: 0.5169 acc: 31.2500
[83,    25] loss: 1.7453 acc: 32.0000
[83,    26] loss: 2.5337 acc: 31.7308
[83,    27] loss: 2.0220 acc: 31.4815
[83,    28] loss: 1.3651 acc: 32.1429
[83,    29] loss: 3.1014 acc: 31.0345
[83,    30] loss: 1.8759 acc: 31.6667
[83,    31] loss: 1.4484 acc: 32.2581
[83,    32] loss: 1.3198 acc: 32.8125
[84,     1] loss: 1.5222 acc: 50.0000
[84,     2] loss: 2.7737 acc: 25.0000
[84,     3] loss: 1.8460 acc: 25.0000
[84,     4] loss: 1.6011 acc: 31.2500
[84,     5] loss: 2.1984 acc: 25.0000
[84,     6] loss: 2.3855 acc: 25.0000
[84,     7] loss: 1.5237 acc: 25.0000
[84,     8] loss: 2.1839 acc: 21.8750
[84,     9] loss: 1.8354 acc: 25.0000
[84,    10] loss: 1.6751 acc: 27.5000
[84,    11] loss: 1.9635 acc: 25.0000
[84,    12] loss: 2.1124 acc: 25.0000
[84,    13] loss: 2.4240 acc: 25.0000
[84,    14] loss: 1.1344 acc: 28.5714
[84,    15] loss: 2.7789 acc: 28.3333
[84,    16] loss: 1.9500 acc: 29.6875
[84,    17] loss: 1.6607 acc: 30.8824
[84,    18] loss: 2.7543 acc: 30.5556
[84,    19] loss: 1.8215 acc: 30.2632
[84,    20] loss: 1.7124 acc: 30.0000
[84,    21] loss: 2.8181 acc: 28.5714
[84,    22] loss: 0.8470 acc: 30.6818
[84,    23] loss: 1.6197 acc: 31.5217
[84,    24] loss: 1.3416 acc: 32.2917
[84,    25] loss: 1.6557 acc: 33.0000
[84,    26] loss: 1.2160 acc: 34.6154
[84,    27] loss: 2.4285 acc: 33.3333
[84,    28] loss: 2.1552 acc: 33.0357
[84,    29] loss: 1.5041 acc: 32.7586
[84,    30] loss: 1.4527 acc: 33.3333
[84,    31] loss: 2.6788 acc: 33.0645
[84,    32] loss: 2.0279 acc: 32.8125
[85,     1] loss: 1.0122 acc: 75.0000
[85,     2] loss: 1.7086 acc: 50.0000
[85,     3] loss: 1.4005 acc: 50.0000
[85,     4] loss: 2.0987 acc: 43.7500
[85,     5] loss: 1.8878 acc: 40.0000
[85,     6] loss: 2.9060 acc: 33.3333
[85,     7] loss: 0.6307 acc: 42.8571
[85,     8] loss: 1.9708 acc: 40.6250
[85,     9] loss: 2.0256 acc: 41.6667
[85,    10] loss: 2.0865 acc: 40.0000
[85,    11] loss: 2.2840 acc: 38.6364
[85,    12] loss: 2.6628 acc: 35.4167
[85,    13] loss: 2.3166 acc: 32.6923
[85,    14] loss: 2.3516 acc: 32.1429
[85,    15] loss: 1.5703 acc: 33.3333
[85,    16] loss: 2.1817 acc: 32.8125
[85,    17] loss: 2.5805 acc: 30.8824
[85,    18] loss: 2.1528 acc: 30.5556
[85,    19] loss: 2.2352 acc: 31.5789
[85,    20] loss: 1.4035 acc: 32.5000
[85,    21] loss: 2.1927 acc: 32.1429
[85,    22] loss: 1.8083 acc: 31.8182
[85,    23] loss: 1.4897 acc: 31.5217
[85,    24] loss: 1.9504 acc: 32.2917
[85,    25] loss: 1.7078 acc: 33.0000
[85,    26] loss: 2.3929 acc: 31.7308
[85,    27] loss: 2.2905 acc: 31.4815
[85,    28] loss: 2.0518 acc: 30.3571
[85,    29] loss: 1.5237 acc: 31.0345
[85,    30] loss: 2.1918 acc: 31.6667
[85,    31] loss: 1.2565 acc: 32.2581
[85,    32] loss: 2.8483 acc: 31.2500
[86,     1] loss: 1.6896 acc: 75.0000
[86,     2] loss: 1.4567 acc: 62.5000
[86,     3] loss: 1.7876 acc: 41.6667
[86,     4] loss: 1.3390 acc: 50.0000
[86,     5] loss: 1.7635 acc: 45.0000
[86,     6] loss: 2.3860 acc: 37.5000
[86,     7] loss: 0.7414 acc: 46.4286
[86,     8] loss: 2.7625 acc: 40.6250
[86,     9] loss: 0.8051 acc: 44.4444
[86,    10] loss: 2.5303 acc: 42.5000
[86,    11] loss: 2.6684 acc: 40.9091
[86,    12] loss: 1.6774 acc: 41.6667
[86,    13] loss: 1.0023 acc: 44.2308
[86,    14] loss: 2.8630 acc: 41.0714
[86,    15] loss: 1.8303 acc: 40.0000
[86,    16] loss: 1.5085 acc: 39.0625
[86,    17] loss: 1.5926 acc: 39.7059
[86,    18] loss: 2.7723 acc: 38.8889
[86,    19] loss: 1.7052 acc: 38.1579
[86,    20] loss: 2.2055 acc: 37.5000
[86,    21] loss: 1.7711 acc: 38.0952
[86,    22] loss: 2.2868 acc: 36.3636
[86,    23] loss: 1.6880 acc: 35.8696
[86,    24] loss: 1.7614 acc: 36.4583
[86,    25] loss: 1.3886 acc: 37.0000
[86,    26] loss: 1.5634 acc: 36.5385
[86,    27] loss: 1.9154 acc: 35.1852
[86,    28] loss: 1.6743 acc: 35.7143
[86,    29] loss: 2.9956 acc: 35.3448
[86,    30] loss: 2.2912 acc: 34.1667
[86,    31] loss: 2.4095 acc: 34.6774
[86,    32] loss: 2.3882 acc: 33.5938
[87,     1] loss: 2.1431 acc: 50.0000
[87,     2] loss: 2.1925 acc: 37.5000
[87,     3] loss: 2.4564 acc: 25.0000
[87,     4] loss: 2.0508 acc: 25.0000
[87,     5] loss: 1.7229 acc: 25.0000
[87,     6] loss: 1.9362 acc: 25.0000
[87,     7] loss: 1.6676 acc: 28.5714
[87,     8] loss: 1.5776 acc: 31.2500
[87,     9] loss: 1.4918 acc: 33.3333
[87,    10] loss: 1.4836 acc: 35.0000
[87,    11] loss: 1.7956 acc: 34.0909
[87,    12] loss: 2.3179 acc: 33.3333
[87,    13] loss: 1.0278 acc: 36.5385
[87,    14] loss: 2.0839 acc: 35.7143
[87,    15] loss: 1.3882 acc: 36.6667
[87,    16] loss: 2.1111 acc: 35.9375
[87,    17] loss: 1.9619 acc: 35.2941
[87,    18] loss: 2.2806 acc: 36.1111
[87,    19] loss: 2.6903 acc: 35.5263
[87,    20] loss: 2.9336 acc: 35.0000
[87,    21] loss: 2.0196 acc: 34.5238
[87,    22] loss: 1.9022 acc: 35.2273
[87,    23] loss: 2.2875 acc: 33.6957
[87,    24] loss: 1.7283 acc: 33.3333
[87,    25] loss: 1.5094 acc: 34.0000
[87,    26] loss: 2.2669 acc: 32.6923
[87,    27] loss: 1.9260 acc: 31.4815
[87,    28] loss: 1.6300 acc: 33.0357
[87,    29] loss: 1.5009 acc: 33.6207
[87,    30] loss: 2.3092 acc: 32.5000
[87,    31] loss: 1.7044 acc: 33.0645
[87,    32] loss: 2.0499 acc: 32.8125
[88,     1] loss: 2.2251 acc: 50.0000
[88,     2] loss: 2.4324 acc: 50.0000
[88,     3] loss: 1.3671 acc: 66.6667
[88,     4] loss: 1.9211 acc: 62.5000
[88,     5] loss: 2.0169 acc: 60.0000
[88,     6] loss: 1.9644 acc: 54.1667
[88,     7] loss: 2.4224 acc: 46.4286
[88,     8] loss: 1.5131 acc: 43.7500
[88,     9] loss: 1.8332 acc: 41.6667
[88,    10] loss: 1.6005 acc: 42.5000
[88,    11] loss: 2.4973 acc: 38.6364
[88,    12] loss: 2.3260 acc: 35.4167
[88,    13] loss: 1.8157 acc: 34.6154
[88,    14] loss: 1.2123 acc: 35.7143
[88,    15] loss: 1.9546 acc: 35.0000
[88,    16] loss: 1.7781 acc: 35.9375
[88,    17] loss: 1.9322 acc: 35.2941
[88,    18] loss: 1.9767 acc: 36.1111
[88,    19] loss: 2.0605 acc: 36.8421
[88,    20] loss: 1.7597 acc: 36.2500
[88,    21] loss: 1.6314 acc: 36.9048
[88,    22] loss: 1.5358 acc: 36.3636
[88,    23] loss: 1.2510 acc: 36.9565
[88,    24] loss: 1.4377 acc: 37.5000
[88,    25] loss: 2.2295 acc: 36.0000
[88,    26] loss: 1.5425 acc: 35.5769
[88,    27] loss: 2.3188 acc: 34.2593
[88,    28] loss: 1.6602 acc: 33.9286
[88,    29] loss: 1.1406 acc: 34.4828
[88,    30] loss: 2.3045 acc: 34.1667
[88,    31] loss: 2.0052 acc: 33.0645
[88,    32] loss: 1.9880 acc: 32.8125
[89,     1] loss: 1.7259 acc: 25.0000
[89,     2] loss: 1.7077 acc: 25.0000
[89,     3] loss: 1.8324 acc: 25.0000
[89,     4] loss: 2.1158 acc: 37.5000
[89,     5] loss: 3.1973 acc: 30.0000
[89,     6] loss: 1.2788 acc: 33.3333
[89,     7] loss: 4.0888 acc: 28.5714
[89,     8] loss: 1.8329 acc: 28.1250
[89,     9] loss: 2.1823 acc: 27.7778
[89,    10] loss: 2.0609 acc: 25.0000
[89,    11] loss: 2.3961 acc: 22.7273
[89,    12] loss: 4.2682 acc: 20.8333
[89,    13] loss: 2.7361 acc: 19.2308
[89,    14] loss: 1.1012 acc: 23.2143
[89,    15] loss: 3.2372 acc: 23.3333
[89,    16] loss: 2.7994 acc: 21.8750
[89,    17] loss: 2.0564 acc: 20.5882
[89,    18] loss: 1.3605 acc: 22.2222
[89,    19] loss: 2.4299 acc: 22.3684
[89,    20] loss: 1.1345 acc: 25.0000
[89,    21] loss: 2.0814 acc: 26.1905
[89,    22] loss: 1.8452 acc: 27.2727
[89,    23] loss: 2.3337 acc: 27.1739
[89,    24] loss: 2.1707 acc: 27.0833
[89,    25] loss: 2.4875 acc: 26.0000
[89,    26] loss: 2.0214 acc: 25.9615
[89,    27] loss: 2.7655 acc: 25.9259
[89,    28] loss: 2.1858 acc: 25.8929
[89,    29] loss: 2.3134 acc: 25.8621
[89,    30] loss: 2.1132 acc: 25.8333
[89,    31] loss: 1.8880 acc: 25.8065
[89,    32] loss: 2.0010 acc: 26.5625
[90,     1] loss: 1.8542 acc: 50.0000
[90,     2] loss: 2.7260 acc: 37.5000
[90,     3] loss: 1.8954 acc: 33.3333
[90,     4] loss: 1.9190 acc: 31.2500
[90,     5] loss: 2.4894 acc: 25.0000
[90,     6] loss: 1.9529 acc: 25.0000
[90,     7] loss: 1.9667 acc: 21.4286
[90,     8] loss: 1.8125 acc: 25.0000
[90,     9] loss: 2.1901 acc: 22.2222
[90,    10] loss: 1.7805 acc: 27.5000
[90,    11] loss: 1.1265 acc: 29.5455
[90,    12] loss: 1.7480 acc: 29.1667
[90,    13] loss: 2.6287 acc: 28.8462
[90,    14] loss: 2.1959 acc: 26.7857
[90,    15] loss: 2.0919 acc: 25.0000
[90,    16] loss: 1.1914 acc: 26.5625
[90,    17] loss: 1.7014 acc: 26.4706
[90,    18] loss: 1.7360 acc: 26.3889
[90,    19] loss: 2.1169 acc: 26.3158
[90,    20] loss: 1.5769 acc: 27.5000
[90,    21] loss: 2.3508 acc: 27.3810
[90,    22] loss: 2.8182 acc: 28.4091
[90,    23] loss: 2.0943 acc: 29.3478
[90,    24] loss: 2.1828 acc: 29.1667
[90,    25] loss: 1.8237 acc: 29.0000
[90,    26] loss: 2.6086 acc: 27.8846
[90,    27] loss: 1.6770 acc: 27.7778
[90,    28] loss: 2.2436 acc: 26.7857
[90,    29] loss: 1.0966 acc: 27.5862
[90,    30] loss: 1.9035 acc: 28.3333
[90,    31] loss: 1.7923 acc: 29.8387
[90,    32] loss: 2.0059 acc: 30.4688
[91,     1] loss: 2.5413 acc: 0.0000
[91,     2] loss: 1.5242 acc: 12.5000
[91,     3] loss: 2.1398 acc: 25.0000
[91,     4] loss: 1.6165 acc: 25.0000
[91,     5] loss: 1.8013 acc: 25.0000
[91,     6] loss: 1.8710 acc: 20.8333
[91,     7] loss: 2.0983 acc: 17.8571
[91,     8] loss: 1.7164 acc: 18.7500
[91,     9] loss: 1.9161 acc: 19.4444
[91,    10] loss: 1.5792 acc: 25.0000
[91,    11] loss: 2.2673 acc: 22.7273
[91,    12] loss: 2.5187 acc: 22.9167
[91,    13] loss: 2.0218 acc: 23.0769
[91,    14] loss: 1.9581 acc: 23.2143
[91,    15] loss: 3.2827 acc: 21.6667
[91,    16] loss: 1.6728 acc: 21.8750
[91,    17] loss: 1.4878 acc: 23.5294
[91,    18] loss: 1.8389 acc: 23.6111
[91,    19] loss: 2.1645 acc: 23.6842
[91,    20] loss: 1.9841 acc: 23.7500
[91,    21] loss: 2.0226 acc: 23.8095
[91,    22] loss: 2.2796 acc: 22.7273
[91,    23] loss: 1.3386 acc: 22.8261
[91,    24] loss: 2.7503 acc: 21.8750
[91,    25] loss: 2.7786 acc: 22.0000
[91,    26] loss: 1.7372 acc: 23.0769
[91,    27] loss: 1.9844 acc: 22.2222
[91,    28] loss: 1.9741 acc: 23.2143
[91,    29] loss: 0.8417 acc: 25.0000
[91,    30] loss: 1.0953 acc: 25.8333
[91,    31] loss: 1.6371 acc: 25.8065
[91,    32] loss: 2.2336 acc: 25.0000
[92,     1] loss: 1.7440 acc: 25.0000
[92,     2] loss: 1.6310 acc: 25.0000
[92,     3] loss: 2.2434 acc: 33.3333
[92,     4] loss: 2.8312 acc: 25.0000
[92,     5] loss: 2.3171 acc: 20.0000
[92,     6] loss: 1.8999 acc: 25.0000
[92,     7] loss: 2.8249 acc: 25.0000
[92,     8] loss: 2.2262 acc: 25.0000
[92,     9] loss: 1.6653 acc: 27.7778
[92,    10] loss: 2.2985 acc: 27.5000
[92,    11] loss: 2.2223 acc: 27.2727
[92,    12] loss: 2.6592 acc: 25.0000
[92,    13] loss: 1.3804 acc: 28.8462
[92,    14] loss: 2.0219 acc: 28.5714
[92,    15] loss: 2.3718 acc: 26.6667
[92,    16] loss: 1.9343 acc: 25.0000
[92,    17] loss: 1.1891 acc: 26.4706
[92,    18] loss: 1.2608 acc: 29.1667
[92,    19] loss: 1.4327 acc: 30.2632
[92,    20] loss: 2.6381 acc: 30.0000
[92,    21] loss: 1.9604 acc: 30.9524
[92,    22] loss: 1.4881 acc: 31.8182
[92,    23] loss: 1.8584 acc: 31.5217
[92,    24] loss: 1.1301 acc: 32.2917
[92,    25] loss: 1.6313 acc: 33.0000
[92,    26] loss: 2.3162 acc: 33.6538
[92,    27] loss: 1.6460 acc: 35.1852
[92,    28] loss: 2.1517 acc: 33.9286
[92,    29] loss: 1.6125 acc: 33.6207
[92,    30] loss: 1.8269 acc: 33.3333
[92,    31] loss: 2.3288 acc: 33.8710
[92,    32] loss: 2.3087 acc: 33.5938
[93,     1] loss: 1.5545 acc: 25.0000
[93,     2] loss: 1.2537 acc: 37.5000
[93,     3] loss: 3.3001 acc: 25.0000
[93,     4] loss: 0.9909 acc: 37.5000
[93,     5] loss: 1.2031 acc: 40.0000
[93,     6] loss: 1.9154 acc: 37.5000
[93,     7] loss: 3.5240 acc: 35.7143
[93,     8] loss: 1.5474 acc: 34.3750
[93,     9] loss: 2.0680 acc: 33.3333
[93,    10] loss: 1.2745 acc: 35.0000
[93,    11] loss: 1.3764 acc: 36.3636
[93,    12] loss: 2.5752 acc: 35.4167
[93,    13] loss: 2.0066 acc: 34.6154
[93,    14] loss: 2.1417 acc: 33.9286
[93,    15] loss: 1.0399 acc: 35.0000
[93,    16] loss: 1.9750 acc: 32.8125
[93,    17] loss: 1.3806 acc: 33.8235
[93,    18] loss: 2.0391 acc: 34.7222
[93,    19] loss: 1.4912 acc: 34.2105
[93,    20] loss: 2.2862 acc: 33.7500
[93,    21] loss: 1.9593 acc: 33.3333
[93,    22] loss: 3.0451 acc: 32.9545
[93,    23] loss: 2.3985 acc: 31.5217
[93,    24] loss: 1.3116 acc: 32.2917
[93,    25] loss: 1.7404 acc: 32.0000
[93,    26] loss: 2.2964 acc: 30.7692
[93,    27] loss: 1.3542 acc: 31.4815
[93,    28] loss: 3.1560 acc: 31.2500
[93,    29] loss: 0.9189 acc: 32.7586
[93,    30] loss: 1.6821 acc: 34.1667
[93,    31] loss: 2.8131 acc: 33.8710
[93,    32] loss: 2.3174 acc: 32.8125
[94,     1] loss: 1.5989 acc: 25.0000
[94,     2] loss: 1.5286 acc: 37.5000
[94,     3] loss: 1.4161 acc: 41.6667
[94,     4] loss: 1.4479 acc: 37.5000
[94,     5] loss: 1.3624 acc: 45.0000
[94,     6] loss: 1.6462 acc: 41.6667
[94,     7] loss: 2.5121 acc: 35.7143
[94,     8] loss: 1.9055 acc: 31.2500
[94,     9] loss: 2.4418 acc: 27.7778
[94,    10] loss: 2.6102 acc: 27.5000
[94,    11] loss: 2.4416 acc: 27.2727
[94,    12] loss: 1.8489 acc: 27.0833
[94,    13] loss: 1.8267 acc: 26.9231
[94,    14] loss: 1.9167 acc: 25.0000
[94,    15] loss: 2.7486 acc: 23.3333
[94,    16] loss: 1.5672 acc: 25.0000
[94,    17] loss: 2.0121 acc: 25.0000
[94,    18] loss: 2.2095 acc: 23.6111
[94,    19] loss: 2.6714 acc: 23.6842
[94,    20] loss: 1.8182 acc: 25.0000
[94,    21] loss: 2.0523 acc: 25.0000
[94,    22] loss: 1.6979 acc: 26.1364
[94,    23] loss: 1.4312 acc: 27.1739
[94,    24] loss: 2.1107 acc: 28.1250
[94,    25] loss: 2.7496 acc: 27.0000
[94,    26] loss: 1.3676 acc: 26.9231
[94,    27] loss: 2.0829 acc: 27.7778
[94,    28] loss: 2.1739 acc: 28.5714
[94,    29] loss: 2.4625 acc: 28.4483
[94,    30] loss: 1.0043 acc: 30.0000
[94,    31] loss: 2.7154 acc: 29.8387
[94,    32] loss: 1.1397 acc: 30.4688
[95,     1] loss: 1.3524 acc: 75.0000
[95,     2] loss: 1.6543 acc: 62.5000
[95,     3] loss: 2.4812 acc: 50.0000
[95,     4] loss: 1.1635 acc: 50.0000
[95,     5] loss: 1.8202 acc: 45.0000
[95,     6] loss: 1.3723 acc: 45.8333
[95,     7] loss: 1.3569 acc: 50.0000
[95,     8] loss: 2.4278 acc: 43.7500
[95,     9] loss: 1.9386 acc: 44.4444
[95,    10] loss: 1.3908 acc: 45.0000
[95,    11] loss: 2.5942 acc: 43.1818
[95,    12] loss: 1.4796 acc: 43.7500
[95,    13] loss: 1.6184 acc: 42.3077
[95,    14] loss: 1.7807 acc: 41.0714
[95,    15] loss: 1.1414 acc: 41.6667
[95,    16] loss: 1.7932 acc: 42.1875
[95,    17] loss: 1.6460 acc: 41.1765
[95,    18] loss: 1.6787 acc: 41.6667
[95,    19] loss: 2.1816 acc: 42.1053
[95,    20] loss: 1.9395 acc: 42.5000
[95,    21] loss: 2.0385 acc: 41.6667
[95,    22] loss: 2.2346 acc: 39.7727
[95,    23] loss: 3.2438 acc: 38.0435
[95,    24] loss: 1.6082 acc: 38.5417
[95,    25] loss: 2.1022 acc: 38.0000
[95,    26] loss: 2.0746 acc: 36.5385
[95,    27] loss: 1.3252 acc: 37.0370
[95,    28] loss: 1.9347 acc: 36.6071
[95,    29] loss: 1.7730 acc: 36.2069
[95,    30] loss: 1.1993 acc: 36.6667
[95,    31] loss: 1.3898 acc: 37.0968
[95,    32] loss: 1.5615 acc: 36.7188
[96,     1] loss: 2.3035 acc: 25.0000
[96,     2] loss: 1.1101 acc: 37.5000
[96,     3] loss: 1.2424 acc: 41.6667
[96,     4] loss: 1.6351 acc: 50.0000
[96,     5] loss: 2.2870 acc: 45.0000
[96,     6] loss: 1.4645 acc: 45.8333
[96,     7] loss: 1.9643 acc: 42.8571
[96,     8] loss: 2.5990 acc: 40.6250
[96,     9] loss: 1.8704 acc: 38.8889
[96,    10] loss: 1.5155 acc: 40.0000
[96,    11] loss: 2.7433 acc: 36.3636
[96,    12] loss: 1.3414 acc: 37.5000
[96,    13] loss: 2.1502 acc: 34.6154
[96,    14] loss: 2.4475 acc: 33.9286
[96,    15] loss: 2.2007 acc: 31.6667
[96,    16] loss: 1.7908 acc: 32.8125
[96,    17] loss: 2.1235 acc: 32.3529
[96,    18] loss: 1.9285 acc: 31.9444
[96,    19] loss: 1.9529 acc: 32.8947
[96,    20] loss: 1.9090 acc: 32.5000
[96,    21] loss: 2.2919 acc: 32.1429
[96,    22] loss: 2.9282 acc: 30.6818
[96,    23] loss: 1.8508 acc: 31.5217
[96,    24] loss: 2.3027 acc: 30.2083
[96,    25] loss: 2.1086 acc: 30.0000
[96,    26] loss: 1.9688 acc: 29.8077
[96,    27] loss: 1.2646 acc: 29.6296
[96,    28] loss: 2.3287 acc: 28.5714
[96,    29] loss: 2.1264 acc: 27.5862
[96,    30] loss: 2.0145 acc: 27.5000
[96,    31] loss: 2.7070 acc: 26.6129
[96,    32] loss: 1.1319 acc: 27.3438
[97,     1] loss: 1.9891 acc: 25.0000
[97,     2] loss: 2.0714 acc: 25.0000
[97,     3] loss: 1.4194 acc: 25.0000
[97,     4] loss: 1.9320 acc: 18.7500
[97,     5] loss: 1.8703 acc: 20.0000
[97,     6] loss: 2.6643 acc: 16.6667
[97,     7] loss: 2.5480 acc: 14.2857
[97,     8] loss: 2.1764 acc: 15.6250
[97,     9] loss: 1.2576 acc: 19.4444
[97,    10] loss: 1.4168 acc: 20.0000
[97,    11] loss: 1.5800 acc: 22.7273
[97,    12] loss: 1.9839 acc: 20.8333
[97,    13] loss: 2.6618 acc: 19.2308
[97,    14] loss: 2.4934 acc: 21.4286
[97,    15] loss: 2.0869 acc: 23.3333
[97,    16] loss: 2.5492 acc: 21.8750
[97,    17] loss: 1.7206 acc: 23.5294
[97,    18] loss: 1.5253 acc: 25.0000
[97,    19] loss: 2.5211 acc: 23.6842
[97,    20] loss: 2.3695 acc: 23.7500
[97,    21] loss: 2.2237 acc: 25.0000
[97,    22] loss: 1.7773 acc: 26.1364
[97,    23] loss: 1.9637 acc: 25.0000
[97,    24] loss: 1.6412 acc: 26.0417
[97,    25] loss: 1.8156 acc: 27.0000
[97,    26] loss: 2.0492 acc: 26.9231
[97,    27] loss: 2.2680 acc: 27.7778
[97,    28] loss: 2.1571 acc: 27.6786
[97,    29] loss: 3.2397 acc: 26.7241
[97,    30] loss: 2.1666 acc: 26.6667
[97,    31] loss: 1.5466 acc: 27.4194
[97,    32] loss: 2.5745 acc: 27.3438
[98,     1] loss: 1.8632 acc: 50.0000
[98,     2] loss: 1.2481 acc: 75.0000
[98,     3] loss: 1.8530 acc: 58.3333
[98,     4] loss: 1.9798 acc: 50.0000
[98,     5] loss: 2.5060 acc: 45.0000
[98,     6] loss: 2.5323 acc: 37.5000
[98,     7] loss: 2.7395 acc: 32.1429
[98,     8] loss: 1.9419 acc: 31.2500
[98,     9] loss: 2.0779 acc: 30.5556
[98,    10] loss: 1.5890 acc: 32.5000
[98,    11] loss: 2.5847 acc: 29.5455
[98,    12] loss: 2.0567 acc: 29.1667
[98,    13] loss: 2.9385 acc: 26.9231
[98,    14] loss: 1.4316 acc: 30.3571
[98,    15] loss: 2.0697 acc: 30.0000
[98,    16] loss: 1.2504 acc: 31.2500
[98,    17] loss: 2.0865 acc: 30.8824
[98,    18] loss: 1.9071 acc: 31.9444
[98,    19] loss: 1.5999 acc: 31.5789
[98,    20] loss: 1.8768 acc: 32.5000
[98,    21] loss: 2.4762 acc: 30.9524
[98,    22] loss: 1.8183 acc: 30.6818
[98,    23] loss: 2.5249 acc: 29.3478
[98,    24] loss: 2.4991 acc: 28.1250
[98,    25] loss: 2.6646 acc: 27.0000
[98,    26] loss: 2.5091 acc: 26.9231
[98,    27] loss: 2.1439 acc: 26.8519
[98,    28] loss: 1.4301 acc: 28.5714
[98,    29] loss: 2.0215 acc: 29.3103
[98,    30] loss: 1.3548 acc: 30.8333
[98,    31] loss: 2.1296 acc: 30.6452
[98,    32] loss: 2.4453 acc: 30.4688
[99,     1] loss: 2.3951 acc: 0.0000
[99,     2] loss: 2.3199 acc: 0.0000
[99,     3] loss: 0.8686 acc: 25.0000
[99,     4] loss: 2.2055 acc: 31.2500
[99,     5] loss: 2.1752 acc: 30.0000
[99,     6] loss: 1.6046 acc: 29.1667
[99,     7] loss: 1.3982 acc: 32.1429
[99,     8] loss: 1.3674 acc: 34.3750
[99,     9] loss: 2.2085 acc: 33.3333
[99,    10] loss: 1.9054 acc: 32.5000
[99,    11] loss: 1.7544 acc: 31.8182
[99,    12] loss: 1.9840 acc: 31.2500
[99,    13] loss: 1.5648 acc: 32.6923
[99,    14] loss: 2.1300 acc: 32.1429
[99,    15] loss: 4.1160 acc: 30.0000
[99,    16] loss: 3.0593 acc: 29.6875
[99,    17] loss: 2.4730 acc: 29.4118
[99,    18] loss: 2.2587 acc: 29.1667
[99,    19] loss: 2.0158 acc: 30.2632
[99,    20] loss: 1.9518 acc: 30.0000
[99,    21] loss: 1.0320 acc: 32.1429
[99,    22] loss: 1.9274 acc: 32.9545
[99,    23] loss: 1.4334 acc: 33.6957
[99,    24] loss: 1.9327 acc: 34.3750
[99,    25] loss: 2.0428 acc: 34.0000
[99,    26] loss: 2.2291 acc: 32.6923
[99,    27] loss: 2.2092 acc: 31.4815
[99,    28] loss: 2.3797 acc: 31.2500
[99,    29] loss: 1.4373 acc: 31.8966
[99,    30] loss: 1.3781 acc: 32.5000
[99,    31] loss: 2.8822 acc: 31.4516
[99,    32] loss: 1.4274 acc: 32.0312
[100,     1] loss: 1.7055 acc: 50.0000
[100,     2] loss: 2.0624 acc: 50.0000
[100,     3] loss: 2.3617 acc: 41.6667
[100,     4] loss: 1.8061 acc: 37.5000
[100,     5] loss: 1.6388 acc: 40.0000
[100,     6] loss: 2.1000 acc: 37.5000
[100,     7] loss: 1.9256 acc: 32.1429
[100,     8] loss: 1.3052 acc: 37.5000
[100,     9] loss: 2.1427 acc: 36.1111
[100,    10] loss: 2.5809 acc: 35.0000
[100,    11] loss: 1.1146 acc: 36.3636
[100,    12] loss: 1.8044 acc: 35.4167
[100,    13] loss: 0.8442 acc: 36.5385
[100,    14] loss: 2.0417 acc: 35.7143
[100,    15] loss: 1.3348 acc: 36.6667
[100,    16] loss: 1.8197 acc: 35.9375
[100,    17] loss: 1.3014 acc: 38.2353
[100,    18] loss: 1.9249 acc: 36.1111
[100,    19] loss: 1.7632 acc: 35.5263
[100,    20] loss: 1.7772 acc: 33.7500
[100,    21] loss: 2.4646 acc: 33.3333
[100,    22] loss: 3.2933 acc: 31.8182
[100,    23] loss: 1.1386 acc: 33.6957
[100,    24] loss: 1.9244 acc: 34.3750
[100,    25] loss: 1.5394 acc: 35.0000
[100,    26] loss: 1.9330 acc: 34.6154
[100,    27] loss: 2.8060 acc: 34.2593
[100,    28] loss: 2.3527 acc: 33.9286
[100,    29] loss: 2.7109 acc: 32.7586
[100,    30] loss: 2.9993 acc: 32.5000
[100,    31] loss: 1.6073 acc: 32.2581
[100,    32] loss: 1.1109 acc: 32.8125
30.654761904761905
[1,     1] loss: 2.5819 acc: 0.0000
[1,     2] loss: 2.6551 acc: 12.5000
[1,     3] loss: 1.8867 acc: 16.6667
[1,     4] loss: 2.4714 acc: 12.5000
[1,     5] loss: 2.4449 acc: 15.0000
[1,     6] loss: 2.4400 acc: 12.5000
[1,     7] loss: 2.5618 acc: 10.7143
[1,     8] loss: 2.4255 acc: 12.5000
[1,     9] loss: 2.6358 acc: 13.8889
[1,    10] loss: 2.1587 acc: 15.0000
[1,    11] loss: 2.5510 acc: 13.6364
[1,    12] loss: 1.7985 acc: 14.5833
[1,    13] loss: 1.6900 acc: 17.3077
[1,    14] loss: 1.8178 acc: 16.0714
[1,    15] loss: 1.6621 acc: 18.3333
[1,    16] loss: 1.7394 acc: 20.3125
[1,    17] loss: 2.5321 acc: 19.1176
[1,    18] loss: 1.6062 acc: 19.4444
[1,    19] loss: 3.5386 acc: 18.4211
[1,    20] loss: 1.6995 acc: 18.7500
[1,    21] loss: 2.6250 acc: 17.8571
[1,    22] loss: 2.4483 acc: 18.1818
[1,    23] loss: 2.3610 acc: 18.4783
[1,    24] loss: 1.3389 acc: 20.8333
[1,    25] loss: 1.8037 acc: 22.0000
[1,    26] loss: 2.3669 acc: 21.1538
[1,    27] loss: 2.6869 acc: 21.2963
[1,    28] loss: 2.4984 acc: 21.4286
[1,    29] loss: 2.1149 acc: 20.6897
[1,    30] loss: 2.8629 acc: 20.0000
[1,    31] loss: 2.1389 acc: 20.9677
[1,    32] loss: 2.5379 acc: 21.0938
[2,     1] loss: 2.3999 acc: 25.0000
[2,     2] loss: 2.8994 acc: 12.5000
[2,     3] loss: 2.8038 acc: 8.3333
[2,     4] loss: 1.8946 acc: 18.7500
[2,     5] loss: 2.1374 acc: 20.0000
[2,     6] loss: 1.6289 acc: 25.0000
[2,     7] loss: 1.4025 acc: 28.5714
[2,     8] loss: 2.1207 acc: 28.1250
[2,     9] loss: 2.2345 acc: 27.7778
[2,    10] loss: 1.6482 acc: 27.5000
[2,    11] loss: 2.4153 acc: 27.2727
[2,    12] loss: 1.9031 acc: 27.0833
[2,    13] loss: 1.8420 acc: 28.8462
[2,    14] loss: 1.9476 acc: 30.3571
[2,    15] loss: 2.3296 acc: 30.0000
[2,    16] loss: 1.9079 acc: 28.1250
[2,    17] loss: 2.0227 acc: 29.4118
[2,    18] loss: 1.6274 acc: 30.5556
[2,    19] loss: 1.4389 acc: 30.2632
[2,    20] loss: 2.9019 acc: 30.0000
[2,    21] loss: 2.1495 acc: 29.7619
[2,    22] loss: 2.5825 acc: 28.4091
[2,    23] loss: 1.8037 acc: 27.1739
[2,    24] loss: 1.3927 acc: 28.1250
[2,    25] loss: 1.5077 acc: 29.0000
[2,    26] loss: 2.5754 acc: 28.8462
[2,    27] loss: 2.5660 acc: 27.7778
[2,    28] loss: 2.4206 acc: 27.6786
[2,    29] loss: 1.5189 acc: 27.5862
[2,    30] loss: 2.0515 acc: 27.5000
[2,    31] loss: 2.1065 acc: 27.4194
[2,    32] loss: 2.3134 acc: 26.5625
[3,     1] loss: 1.8733 acc: 25.0000
[3,     2] loss: 1.7922 acc: 50.0000
[3,     3] loss: 1.7991 acc: 33.3333
[3,     4] loss: 1.9976 acc: 25.0000
[3,     5] loss: 1.9136 acc: 25.0000
[3,     6] loss: 2.3971 acc: 20.8333
[3,     7] loss: 2.2604 acc: 21.4286
[3,     8] loss: 1.5448 acc: 21.8750
[3,     9] loss: 2.0016 acc: 25.0000
[3,    10] loss: 2.0021 acc: 22.5000
[3,    11] loss: 1.8244 acc: 20.4545
[3,    12] loss: 1.4079 acc: 22.9167
[3,    13] loss: 2.2683 acc: 23.0769
[3,    14] loss: 1.8656 acc: 21.4286
[3,    15] loss: 2.1060 acc: 23.3333
[3,    16] loss: 1.7289 acc: 23.4375
[3,    17] loss: 1.6295 acc: 25.0000
[3,    18] loss: 1.7103 acc: 26.3889
[3,    19] loss: 1.5353 acc: 27.6316
[3,    20] loss: 1.8336 acc: 27.5000
[3,    21] loss: 1.2964 acc: 29.7619
[3,    22] loss: 1.6137 acc: 28.4091
[3,    23] loss: 1.7878 acc: 30.4348
[3,    24] loss: 2.5044 acc: 29.1667
[3,    25] loss: 2.2765 acc: 28.0000
[3,    26] loss: 1.9804 acc: 26.9231
[3,    27] loss: 2.0664 acc: 27.7778
[3,    28] loss: 1.5037 acc: 28.5714
[3,    29] loss: 1.7626 acc: 28.4483
[3,    30] loss: 1.4170 acc: 30.0000
[3,    31] loss: 1.5819 acc: 29.8387
[3,    32] loss: 1.7667 acc: 29.6875
[4,     1] loss: 1.5338 acc: 50.0000
[4,     2] loss: 1.5303 acc: 50.0000
[4,     3] loss: 1.4299 acc: 58.3333
[4,     4] loss: 1.9695 acc: 50.0000
[4,     5] loss: 1.4835 acc: 45.0000
[4,     6] loss: 1.5475 acc: 45.8333
[4,     7] loss: 1.9238 acc: 46.4286
[4,     8] loss: 2.0253 acc: 43.7500
[4,     9] loss: 1.6641 acc: 38.8889
[4,    10] loss: 1.7307 acc: 37.5000
[4,    11] loss: 1.6317 acc: 38.6364
[4,    12] loss: 1.4024 acc: 41.6667
[4,    13] loss: 1.3244 acc: 44.2308
[4,    14] loss: 1.4359 acc: 42.8571
[4,    15] loss: 1.9983 acc: 43.3333
[4,    16] loss: 1.5726 acc: 43.7500
[4,    17] loss: 1.5649 acc: 42.6471
[4,    18] loss: 2.2724 acc: 41.6667
[4,    19] loss: 1.4423 acc: 43.4211
[4,    20] loss: 1.4512 acc: 43.7500
[4,    21] loss: 1.7127 acc: 44.0476
[4,    22] loss: 2.4311 acc: 44.3182
[4,    23] loss: 2.0828 acc: 44.5652
[4,    24] loss: 1.7419 acc: 43.7500
[4,    25] loss: 3.1934 acc: 42.0000
[4,    26] loss: 1.4928 acc: 42.3077
[4,    27] loss: 1.3203 acc: 44.4444
[4,    28] loss: 1.7761 acc: 42.8571
[4,    29] loss: 1.7925 acc: 41.3793
[4,    30] loss: 1.7054 acc: 40.8333
[4,    31] loss: 1.4539 acc: 41.9355
[4,    32] loss: 1.5195 acc: 42.1875
[5,     1] loss: 2.1404 acc: 25.0000
[5,     2] loss: 1.4094 acc: 50.0000
[5,     3] loss: 1.7109 acc: 41.6667
[5,     4] loss: 2.3213 acc: 37.5000
[5,     5] loss: 1.4813 acc: 35.0000
[5,     6] loss: 1.6639 acc: 33.3333
[5,     7] loss: 2.0670 acc: 32.1429
[5,     8] loss: 1.8774 acc: 31.2500
[5,     9] loss: 1.5706 acc: 30.5556
[5,    10] loss: 2.0227 acc: 27.5000
[5,    11] loss: 1.7081 acc: 27.2727
[5,    12] loss: 1.5276 acc: 29.1667
[5,    13] loss: 1.5708 acc: 30.7692
[5,    14] loss: 1.4722 acc: 32.1429
[5,    15] loss: 1.3762 acc: 35.0000
[5,    16] loss: 1.2691 acc: 37.5000
[5,    17] loss: 1.4902 acc: 38.2353
[5,    18] loss: 1.8866 acc: 38.8889
[5,    19] loss: 1.6956 acc: 38.1579
[5,    20] loss: 1.9511 acc: 36.2500
[5,    21] loss: 1.6247 acc: 38.0952
[5,    22] loss: 1.6383 acc: 38.6364
[5,    23] loss: 1.8655 acc: 36.9565
[5,    24] loss: 1.3172 acc: 37.5000
[5,    25] loss: 2.1932 acc: 37.0000
[5,    26] loss: 1.4679 acc: 36.5385
[5,    27] loss: 1.3112 acc: 37.9630
[5,    28] loss: 2.0199 acc: 36.6071
[5,    29] loss: 1.7426 acc: 36.2069
[5,    30] loss: 1.7345 acc: 35.8333
[5,    31] loss: 1.3286 acc: 36.2903
[5,    32] loss: 1.4091 acc: 37.5000
[6,     1] loss: 1.1623 acc: 50.0000
[6,     2] loss: 1.4312 acc: 50.0000
[6,     3] loss: 1.3774 acc: 66.6667
[6,     4] loss: 1.2401 acc: 75.0000
[6,     5] loss: 1.4979 acc: 70.0000
[6,     6] loss: 1.4526 acc: 62.5000
[6,     7] loss: 1.8232 acc: 57.1429
[6,     8] loss: 1.7817 acc: 53.1250
[6,     9] loss: 2.1685 acc: 50.0000
[6,    10] loss: 1.9032 acc: 45.0000
[6,    11] loss: 1.2658 acc: 45.4545
[6,    12] loss: 1.4700 acc: 45.8333
[6,    13] loss: 1.5612 acc: 44.2308
[6,    14] loss: 1.7130 acc: 41.0714
[6,    15] loss: 1.6989 acc: 41.6667
[6,    16] loss: 1.6626 acc: 42.1875
[6,    17] loss: 1.6903 acc: 41.1765
[6,    18] loss: 1.3684 acc: 43.0556
[6,    19] loss: 2.0072 acc: 44.7368
[6,    20] loss: 1.5561 acc: 46.2500
[6,    21] loss: 1.4185 acc: 46.4286
[6,    22] loss: 1.9463 acc: 45.4545
[6,    23] loss: 1.5204 acc: 45.6522
[6,    24] loss: 1.4192 acc: 44.7917
[6,    25] loss: 1.5820 acc: 46.0000
[6,    26] loss: 1.4259 acc: 45.1923
[6,    27] loss: 1.5851 acc: 44.4444
[6,    28] loss: 1.2923 acc: 44.6429
[6,    29] loss: 1.6738 acc: 43.9655
[6,    30] loss: 1.1305 acc: 45.8333
[6,    31] loss: 1.2842 acc: 45.9677
[6,    32] loss: 1.6623 acc: 46.8750
[7,     1] loss: 1.6885 acc: 25.0000
[7,     2] loss: 1.7655 acc: 12.5000
[7,     3] loss: 1.6634 acc: 16.6667
[7,     4] loss: 1.6767 acc: 12.5000
[7,     5] loss: 1.4577 acc: 25.0000
[7,     6] loss: 1.7260 acc: 25.0000
[7,     7] loss: 1.7134 acc: 25.0000
[7,     8] loss: 1.5242 acc: 25.0000
[7,     9] loss: 1.4577 acc: 22.2222
[7,    10] loss: 1.9146 acc: 22.5000
[7,    11] loss: 1.3040 acc: 25.0000
[7,    12] loss: 1.3382 acc: 27.0833
[7,    13] loss: 1.6287 acc: 26.9231
[7,    14] loss: 1.6052 acc: 26.7857
[7,    15] loss: 1.5667 acc: 30.0000
[7,    16] loss: 1.4854 acc: 32.8125
[7,    17] loss: 1.7880 acc: 30.8824
[7,    18] loss: 1.7270 acc: 31.9444
[7,    19] loss: 1.3198 acc: 32.8947
[7,    20] loss: 1.4656 acc: 33.7500
[7,    21] loss: 1.4846 acc: 34.5238
[7,    22] loss: 1.8631 acc: 34.0909
[7,    23] loss: 1.3033 acc: 35.8696
[7,    24] loss: 1.6701 acc: 35.4167
[7,    25] loss: 1.4845 acc: 36.0000
[7,    26] loss: 1.5470 acc: 37.5000
[7,    27] loss: 2.5861 acc: 36.1111
[7,    28] loss: 1.4603 acc: 36.6071
[7,    29] loss: 1.8075 acc: 37.0690
[7,    30] loss: 1.4731 acc: 35.8333
[7,    31] loss: 1.5309 acc: 36.2903
[7,    32] loss: 1.7121 acc: 36.7188
[8,     1] loss: 2.3247 acc: 25.0000
[8,     2] loss: 1.7401 acc: 37.5000
[8,     3] loss: 1.5273 acc: 33.3333
[8,     4] loss: 1.5952 acc: 31.2500
[8,     5] loss: 2.0748 acc: 25.0000
[8,     6] loss: 1.3354 acc: 29.1667
[8,     7] loss: 1.3462 acc: 35.7143
[8,     8] loss: 1.2183 acc: 43.7500
[8,     9] loss: 1.2889 acc: 47.2222
[8,    10] loss: 1.4853 acc: 47.5000
[8,    11] loss: 1.7626 acc: 45.4545
[8,    12] loss: 2.3401 acc: 43.7500
[8,    13] loss: 1.2365 acc: 46.1538
[8,    14] loss: 1.3242 acc: 46.4286
[8,    15] loss: 1.4959 acc: 46.6667
[8,    16] loss: 2.2222 acc: 46.8750
[8,    17] loss: 2.2575 acc: 47.0588
[8,    18] loss: 1.3986 acc: 48.6111
[8,    19] loss: 1.2905 acc: 48.6842
[8,    20] loss: 1.1672 acc: 51.2500
[8,    21] loss: 1.5385 acc: 51.1905
[8,    22] loss: 1.0201 acc: 53.4091
[8,    23] loss: 1.2990 acc: 52.1739
[8,    24] loss: 2.1364 acc: 51.0417
[8,    25] loss: 1.7983 acc: 52.0000
[8,    26] loss: 1.4773 acc: 51.9231
[8,    27] loss: 2.1559 acc: 51.8519
[8,    28] loss: 1.9211 acc: 52.6786
[8,    29] loss: 1.5848 acc: 51.7241
[8,    30] loss: 1.2097 acc: 53.3333
[8,    31] loss: 1.9831 acc: 51.6129
[8,    32] loss: 1.6439 acc: 51.5625
[9,     1] loss: 1.6791 acc: 25.0000
[9,     2] loss: 1.5934 acc: 12.5000
[9,     3] loss: 1.2214 acc: 41.6667
[9,     4] loss: 1.3912 acc: 50.0000
[9,     5] loss: 1.6456 acc: 40.0000
[9,     6] loss: 1.5592 acc: 41.6667
[9,     7] loss: 1.8776 acc: 39.2857
[9,     8] loss: 1.5255 acc: 40.6250
[9,     9] loss: 1.3915 acc: 41.6667
[9,    10] loss: 1.3367 acc: 42.5000
[9,    11] loss: 1.2058 acc: 45.4545
[9,    12] loss: 1.5567 acc: 41.6667
[9,    13] loss: 2.2981 acc: 38.4615
[9,    14] loss: 1.1856 acc: 42.8571
[9,    15] loss: 2.1293 acc: 41.6667
[9,    16] loss: 1.7577 acc: 40.6250
[9,    17] loss: 1.4627 acc: 42.6471
[9,    18] loss: 1.6827 acc: 41.6667
[9,    19] loss: 1.4792 acc: 42.1053
[9,    20] loss: 2.3718 acc: 40.0000
[9,    21] loss: 2.3002 acc: 40.4762
[9,    22] loss: 1.1165 acc: 42.0455
[9,    23] loss: 2.0542 acc: 41.3043
[9,    24] loss: 1.1948 acc: 41.6667
[9,    25] loss: 1.5224 acc: 42.0000
[9,    26] loss: 1.7645 acc: 41.3462
[9,    27] loss: 2.0999 acc: 41.6667
[9,    28] loss: 1.2399 acc: 42.8571
[9,    29] loss: 1.7755 acc: 41.3793
[9,    30] loss: 1.1993 acc: 42.5000
[9,    31] loss: 1.6104 acc: 42.7419
[9,    32] loss: 1.3816 acc: 42.1875
[10,     1] loss: 1.6245 acc: 50.0000
[10,     2] loss: 1.4945 acc: 50.0000
[10,     3] loss: 1.2292 acc: 58.3333
[10,     4] loss: 1.4499 acc: 56.2500
[10,     5] loss: 1.1812 acc: 55.0000
[10,     6] loss: 1.4780 acc: 50.0000
[10,     7] loss: 1.8070 acc: 50.0000
[10,     8] loss: 1.3373 acc: 50.0000
[10,     9] loss: 1.6055 acc: 44.4444
[10,    10] loss: 1.2935 acc: 45.0000
[10,    11] loss: 1.5968 acc: 43.1818
[10,    12] loss: 1.2649 acc: 45.8333
[10,    13] loss: 1.1465 acc: 50.0000
[10,    14] loss: 1.5378 acc: 48.2143
[10,    15] loss: 1.1846 acc: 50.0000
[10,    16] loss: 1.6086 acc: 50.0000
[10,    17] loss: 1.6214 acc: 48.5294
[10,    18] loss: 1.6604 acc: 47.2222
[10,    19] loss: 1.5693 acc: 47.3684
[10,    20] loss: 1.6158 acc: 45.0000
[10,    21] loss: 1.7220 acc: 44.0476
[10,    22] loss: 1.2440 acc: 45.4545
[10,    23] loss: 1.1185 acc: 46.7391
[10,    24] loss: 1.5896 acc: 46.8750
[10,    25] loss: 1.5392 acc: 48.0000
[10,    26] loss: 1.8107 acc: 46.1538
[10,    27] loss: 1.0908 acc: 48.1481
[10,    28] loss: 1.0941 acc: 49.1071
[10,    29] loss: 1.3642 acc: 48.2759
[10,    30] loss: 1.4745 acc: 49.1667
[10,    31] loss: 2.5456 acc: 47.5806
[10,    32] loss: 1.2731 acc: 47.6562
[11,     1] loss: 1.3705 acc: 25.0000
[11,     2] loss: 1.4262 acc: 25.0000
[11,     3] loss: 1.0607 acc: 50.0000
[11,     4] loss: 1.1978 acc: 50.0000
[11,     5] loss: 1.2077 acc: 55.0000
[11,     6] loss: 1.5940 acc: 54.1667
[11,     7] loss: 1.0797 acc: 60.7143
[11,     8] loss: 1.2063 acc: 62.5000
[11,     9] loss: 1.3635 acc: 61.1111
[11,    10] loss: 1.0397 acc: 62.5000
[11,    11] loss: 1.3747 acc: 61.3636
[11,    12] loss: 1.3816 acc: 60.4167
[11,    13] loss: 1.2253 acc: 59.6154
[11,    14] loss: 1.7978 acc: 57.1429
[11,    15] loss: 1.3317 acc: 55.0000
[11,    16] loss: 1.2539 acc: 56.2500
[11,    17] loss: 1.6216 acc: 55.8824
[11,    18] loss: 1.6361 acc: 54.1667
[11,    19] loss: 1.1889 acc: 55.2632
[11,    20] loss: 1.9469 acc: 53.7500
[11,    21] loss: 1.7644 acc: 51.1905
[11,    22] loss: 1.2838 acc: 51.1364
[11,    23] loss: 1.6755 acc: 50.0000
[11,    24] loss: 1.4178 acc: 48.9583
[11,    25] loss: 1.9349 acc: 48.0000
[11,    26] loss: 1.5669 acc: 48.0769
[11,    27] loss: 1.3022 acc: 49.0741
[11,    28] loss: 1.3315 acc: 49.1071
[11,    29] loss: 1.6110 acc: 48.2759
[11,    30] loss: 1.2328 acc: 49.1667
[11,    31] loss: 1.8418 acc: 47.5806
[11,    32] loss: 1.3106 acc: 47.6562
[12,     1] loss: 1.6395 acc: 50.0000
[12,     2] loss: 1.5463 acc: 50.0000
[12,     3] loss: 1.4570 acc: 41.6667
[12,     4] loss: 1.2943 acc: 43.7500
[12,     5] loss: 1.4025 acc: 45.0000
[12,     6] loss: 1.1630 acc: 50.0000
[12,     7] loss: 1.5651 acc: 50.0000
[12,     8] loss: 2.0422 acc: 43.7500
[12,     9] loss: 1.5315 acc: 41.6667
[12,    10] loss: 2.0915 acc: 40.0000
[12,    11] loss: 1.1407 acc: 43.1818
[12,    12] loss: 1.5491 acc: 43.7500
[12,    13] loss: 1.6539 acc: 44.2308
[12,    14] loss: 1.2170 acc: 48.2143
[12,    15] loss: 1.7443 acc: 46.6667
[12,    16] loss: 2.4512 acc: 45.3125
[12,    17] loss: 1.3300 acc: 45.5882
[12,    18] loss: 1.7349 acc: 43.0556
[12,    19] loss: 1.4475 acc: 43.4211
[12,    20] loss: 1.3037 acc: 43.7500
[12,    21] loss: 1.2604 acc: 44.0476
[12,    22] loss: 1.3936 acc: 44.3182
[12,    23] loss: 1.4016 acc: 44.5652
[12,    24] loss: 1.4635 acc: 43.7500
[12,    25] loss: 1.2519 acc: 46.0000
[12,    26] loss: 1.3032 acc: 48.0769
[12,    27] loss: 2.1055 acc: 47.2222
[12,    28] loss: 1.7386 acc: 46.4286
[12,    29] loss: 1.3265 acc: 46.5517
[12,    30] loss: 1.3861 acc: 46.6667
[12,    31] loss: 1.8463 acc: 45.1613
[12,    32] loss: 1.1841 acc: 46.0938
[13,     1] loss: 1.1105 acc: 75.0000
[13,     2] loss: 1.2027 acc: 75.0000
[13,     3] loss: 1.1838 acc: 75.0000
[13,     4] loss: 1.3627 acc: 62.5000
[13,     5] loss: 1.5191 acc: 55.0000
[13,     6] loss: 1.5803 acc: 50.0000
[13,     7] loss: 1.7507 acc: 50.0000
[13,     8] loss: 1.6335 acc: 46.8750
[13,     9] loss: 1.3174 acc: 47.2222
[13,    10] loss: 1.4776 acc: 45.0000
[13,    11] loss: 1.6988 acc: 40.9091
[13,    12] loss: 1.3809 acc: 43.7500
[13,    13] loss: 1.5324 acc: 42.3077
[13,    14] loss: 1.4092 acc: 42.8571
[13,    15] loss: 1.2172 acc: 45.0000
[13,    16] loss: 1.6438 acc: 43.7500
[13,    17] loss: 1.8086 acc: 45.5882
[13,    18] loss: 1.4160 acc: 45.8333
[13,    19] loss: 1.5159 acc: 46.0526
[13,    20] loss: 1.4112 acc: 46.2500
[13,    21] loss: 1.0993 acc: 46.4286
[13,    22] loss: 1.0236 acc: 47.7273
[13,    23] loss: 1.0797 acc: 48.9130
[13,    24] loss: 1.9600 acc: 47.9167
[13,    25] loss: 1.2257 acc: 48.0000
[13,    26] loss: 1.3207 acc: 48.0769
[13,    27] loss: 1.4677 acc: 48.1481
[13,    28] loss: 1.3511 acc: 48.2143
[13,    29] loss: 2.2523 acc: 47.4138
[13,    30] loss: 1.2134 acc: 47.5000
[13,    31] loss: 1.5239 acc: 46.7742
[13,    32] loss: 1.3617 acc: 46.8750
[14,     1] loss: 1.3057 acc: 75.0000
[14,     2] loss: 1.4565 acc: 75.0000
[14,     3] loss: 1.4536 acc: 58.3333
[14,     4] loss: 1.1450 acc: 62.5000
[14,     5] loss: 1.4373 acc: 65.0000
[14,     6] loss: 1.3345 acc: 66.6667
[14,     7] loss: 1.3064 acc: 67.8571
[14,     8] loss: 1.4597 acc: 65.6250
[14,     9] loss: 1.1563 acc: 66.6667
[14,    10] loss: 1.3551 acc: 62.5000
[14,    11] loss: 1.2651 acc: 61.3636
[14,    12] loss: 1.0745 acc: 62.5000
[14,    13] loss: 1.2486 acc: 59.6154
[14,    14] loss: 1.1952 acc: 60.7143
[14,    15] loss: 1.2734 acc: 60.0000
[14,    16] loss: 1.0448 acc: 60.9375
[14,    17] loss: 1.1109 acc: 61.7647
[14,    18] loss: 1.5769 acc: 61.1111
[14,    19] loss: 1.5712 acc: 59.2105
[14,    20] loss: 1.4292 acc: 58.7500
[14,    21] loss: 1.1440 acc: 59.5238
[14,    22] loss: 1.5889 acc: 57.9545
[14,    23] loss: 1.4570 acc: 57.6087
[14,    24] loss: 1.5465 acc: 57.2917
[14,    25] loss: 1.8328 acc: 56.0000
[14,    26] loss: 1.2807 acc: 56.7308
[14,    27] loss: 1.6249 acc: 55.5556
[14,    28] loss: 1.5898 acc: 53.5714
[14,    29] loss: 1.4600 acc: 53.4483
[14,    30] loss: 1.0190 acc: 55.0000
[14,    31] loss: 1.3383 acc: 54.8387
[14,    32] loss: 1.1545 acc: 54.6875
[15,     1] loss: 1.9582 acc: 25.0000
[15,     2] loss: 1.9477 acc: 37.5000
[15,     3] loss: 1.2193 acc: 50.0000
[15,     4] loss: 1.4607 acc: 43.7500
[15,     5] loss: 1.4336 acc: 45.0000
[15,     6] loss: 1.9155 acc: 37.5000
[15,     7] loss: 1.2924 acc: 42.8571
[15,     8] loss: 1.0465 acc: 46.8750
[15,     9] loss: 1.1753 acc: 47.2222
[15,    10] loss: 2.0037 acc: 45.0000
[15,    11] loss: 1.1329 acc: 45.4545
[15,    12] loss: 1.0174 acc: 50.0000
[15,    13] loss: 1.0597 acc: 51.9231
[15,    14] loss: 1.6029 acc: 50.0000
[15,    15] loss: 1.3031 acc: 50.0000
[15,    16] loss: 1.0681 acc: 53.1250
[15,    17] loss: 1.0772 acc: 55.8824
[15,    18] loss: 1.0509 acc: 58.3333
[15,    19] loss: 1.0197 acc: 60.5263
[15,    20] loss: 1.2479 acc: 60.0000
[15,    21] loss: 1.1195 acc: 61.9048
[15,    22] loss: 1.3140 acc: 62.5000
[15,    23] loss: 1.1359 acc: 63.0435
[15,    24] loss: 1.5178 acc: 61.4583
[15,    25] loss: 1.2226 acc: 61.0000
[15,    26] loss: 1.6415 acc: 60.5769
[15,    27] loss: 1.2416 acc: 60.1852
[15,    28] loss: 1.0781 acc: 60.7143
[15,    29] loss: 1.1263 acc: 60.3448
[15,    30] loss: 1.4386 acc: 60.8333
[15,    31] loss: 2.4423 acc: 59.6774
[15,    32] loss: 1.2308 acc: 59.3750
[16,     1] loss: 1.3166 acc: 50.0000
[16,     2] loss: 1.6551 acc: 50.0000
[16,     3] loss: 1.3679 acc: 50.0000
[16,     4] loss: 1.7870 acc: 43.7500
[16,     5] loss: 1.2003 acc: 55.0000
[16,     6] loss: 1.5400 acc: 54.1667
[16,     7] loss: 1.3896 acc: 50.0000
[16,     8] loss: 0.9855 acc: 56.2500
[16,     9] loss: 1.4715 acc: 55.5556
[16,    10] loss: 1.2082 acc: 55.0000
[16,    11] loss: 1.3289 acc: 56.8182
[16,    12] loss: 1.4626 acc: 56.2500
[16,    13] loss: 1.5592 acc: 57.6923
[16,    14] loss: 1.6310 acc: 57.1429
[16,    15] loss: 1.4481 acc: 58.3333
[16,    16] loss: 1.5930 acc: 57.8125
[16,    17] loss: 1.4245 acc: 58.8235
[16,    18] loss: 1.5496 acc: 58.3333
[16,    19] loss: 1.2705 acc: 59.2105
[16,    20] loss: 0.9430 acc: 61.2500
[16,    21] loss: 1.4088 acc: 60.7143
[16,    22] loss: 1.8281 acc: 57.9545
[16,    23] loss: 1.1124 acc: 58.6957
[16,    24] loss: 1.3905 acc: 59.3750
[16,    25] loss: 1.4356 acc: 59.0000
[16,    26] loss: 1.5292 acc: 58.6538
[16,    27] loss: 1.2476 acc: 59.2593
[16,    28] loss: 1.2512 acc: 60.7143
[16,    29] loss: 1.5332 acc: 60.3448
[16,    30] loss: 1.0412 acc: 61.6667
[16,    31] loss: 1.6776 acc: 60.4839
[16,    32] loss: 1.5148 acc: 58.5938
[17,     1] loss: 1.4637 acc: 50.0000
[17,     2] loss: 1.2839 acc: 62.5000
[17,     3] loss: 1.2636 acc: 66.6667
[17,     4] loss: 1.5813 acc: 56.2500
[17,     5] loss: 1.1031 acc: 65.0000
[17,     6] loss: 1.1426 acc: 62.5000
[17,     7] loss: 2.1466 acc: 53.5714
[17,     8] loss: 1.1633 acc: 56.2500
[17,     9] loss: 1.2774 acc: 55.5556
[17,    10] loss: 1.5678 acc: 52.5000
[17,    11] loss: 1.1379 acc: 56.8182
[17,    12] loss: 1.4694 acc: 58.3333
[17,    13] loss: 1.1159 acc: 59.6154
[17,    14] loss: 1.4838 acc: 58.9286
[17,    15] loss: 1.4787 acc: 58.3333
[17,    16] loss: 1.1843 acc: 60.9375
[17,    17] loss: 1.1099 acc: 61.7647
[17,    18] loss: 1.2549 acc: 61.1111
[17,    19] loss: 1.2594 acc: 60.5263
[17,    20] loss: 1.0927 acc: 60.0000
[17,    21] loss: 1.4130 acc: 59.5238
[17,    22] loss: 1.4207 acc: 59.0909
[17,    23] loss: 1.6452 acc: 57.6087
[17,    24] loss: 1.1268 acc: 59.3750
[17,    25] loss: 1.1208 acc: 60.0000
[17,    26] loss: 1.0769 acc: 60.5769
[17,    27] loss: 1.2413 acc: 60.1852
[17,    28] loss: 1.2156 acc: 60.7143
[17,    29] loss: 1.0132 acc: 62.0690
[17,    30] loss: 1.1923 acc: 61.6667
[17,    31] loss: 1.5327 acc: 61.2903
[17,    32] loss: 1.4677 acc: 60.9375
[18,     1] loss: 1.3419 acc: 75.0000
[18,     2] loss: 1.9561 acc: 50.0000
[18,     3] loss: 2.0834 acc: 50.0000
[18,     4] loss: 1.0851 acc: 56.2500
[18,     5] loss: 1.0917 acc: 60.0000
[18,     6] loss: 1.1198 acc: 62.5000
[18,     7] loss: 1.6307 acc: 60.7143
[18,     8] loss: 1.5443 acc: 56.2500
[18,     9] loss: 1.4788 acc: 55.5556
[18,    10] loss: 1.4954 acc: 52.5000
[18,    11] loss: 1.1933 acc: 54.5455
[18,    12] loss: 1.4081 acc: 56.2500
[18,    13] loss: 1.0695 acc: 57.6923
[18,    14] loss: 0.9902 acc: 60.7143
[18,    15] loss: 1.8757 acc: 60.0000
[18,    16] loss: 1.0957 acc: 60.9375
[18,    17] loss: 1.1041 acc: 61.7647
[18,    18] loss: 1.3694 acc: 59.7222
[18,    19] loss: 0.9434 acc: 60.5263
[18,    20] loss: 1.5769 acc: 58.7500
[18,    21] loss: 2.7896 acc: 55.9524
[18,    22] loss: 0.9693 acc: 56.8182
[18,    23] loss: 1.3832 acc: 56.5217
[18,    24] loss: 0.9633 acc: 58.3333
[18,    25] loss: 2.0586 acc: 57.0000
[18,    26] loss: 1.5616 acc: 56.7308
[18,    27] loss: 1.1524 acc: 56.4815
[18,    28] loss: 1.7546 acc: 55.3571
[18,    29] loss: 1.1682 acc: 56.0345
[18,    30] loss: 1.2860 acc: 56.6667
[18,    31] loss: 1.0473 acc: 58.0645
[18,    32] loss: 1.9518 acc: 56.2500
[19,     1] loss: 0.8559 acc: 100.0000
[19,     2] loss: 1.0573 acc: 87.5000
[19,     3] loss: 1.8511 acc: 66.6667
[19,     4] loss: 1.3091 acc: 68.7500
[19,     5] loss: 1.5019 acc: 65.0000
[19,     6] loss: 1.4949 acc: 58.3333
[19,     7] loss: 1.0289 acc: 60.7143
[19,     8] loss: 1.1527 acc: 59.3750
[19,     9] loss: 1.4617 acc: 58.3333
[19,    10] loss: 1.5782 acc: 55.0000
[19,    11] loss: 1.4037 acc: 54.5455
[19,    12] loss: 1.2209 acc: 56.2500
[19,    13] loss: 1.6576 acc: 53.8462
[19,    14] loss: 1.8596 acc: 53.5714
[19,    15] loss: 1.1207 acc: 55.0000
[19,    16] loss: 1.3628 acc: 53.1250
[19,    17] loss: 1.4009 acc: 54.4118
[19,    18] loss: 1.1396 acc: 55.5556
[19,    19] loss: 1.2790 acc: 55.2632
[19,    20] loss: 1.3802 acc: 55.0000
[19,    21] loss: 1.1962 acc: 55.9524
[19,    22] loss: 1.2730 acc: 55.6818
[19,    23] loss: 1.0425 acc: 56.5217
[19,    24] loss: 1.9077 acc: 55.2083
[19,    25] loss: 1.3250 acc: 54.0000
[19,    26] loss: 1.6424 acc: 52.8846
[19,    27] loss: 1.1542 acc: 51.8519
[19,    28] loss: 1.9276 acc: 51.7857
[19,    29] loss: 1.3084 acc: 51.7241
[19,    30] loss: 0.9960 acc: 53.3333
[19,    31] loss: 1.4365 acc: 53.2258
[19,    32] loss: 1.0708 acc: 53.9062
[20,     1] loss: 1.2142 acc: 75.0000
[20,     2] loss: 1.0196 acc: 75.0000
[20,     3] loss: 1.1151 acc: 75.0000
[20,     4] loss: 1.2740 acc: 68.7500
[20,     5] loss: 1.3919 acc: 70.0000
[20,     6] loss: 1.2002 acc: 66.6667
[20,     7] loss: 1.6175 acc: 60.7143
[20,     8] loss: 1.1790 acc: 62.5000
[20,     9] loss: 1.0123 acc: 63.8889
[20,    10] loss: 1.2317 acc: 62.5000
[20,    11] loss: 1.4024 acc: 61.3636
[20,    12] loss: 1.2117 acc: 60.4167
[20,    13] loss: 1.4222 acc: 59.6154
[20,    14] loss: 1.6791 acc: 60.7143
[20,    15] loss: 1.6036 acc: 60.0000
[20,    16] loss: 1.4920 acc: 56.2500
[20,    17] loss: 1.1869 acc: 55.8824
[20,    18] loss: 1.3234 acc: 56.9444
[20,    19] loss: 1.6217 acc: 55.2632
[20,    20] loss: 1.3607 acc: 55.0000
[20,    21] loss: 1.1880 acc: 54.7619
[20,    22] loss: 1.4594 acc: 55.6818
[20,    23] loss: 1.2585 acc: 55.4348
[20,    24] loss: 1.2481 acc: 54.1667
[20,    25] loss: 2.2287 acc: 52.0000
[20,    26] loss: 1.1795 acc: 51.9231
[20,    27] loss: 1.5095 acc: 50.9259
[20,    28] loss: 1.1950 acc: 50.8929
[20,    29] loss: 1.5124 acc: 50.8621
[20,    30] loss: 1.1028 acc: 51.6667
[20,    31] loss: 1.0299 acc: 53.2258
[20,    32] loss: 1.3341 acc: 53.1250
[21,     1] loss: 1.1310 acc: 50.0000
[21,     2] loss: 1.5446 acc: 50.0000
[21,     3] loss: 1.7057 acc: 50.0000
[21,     4] loss: 1.0783 acc: 62.5000
[21,     5] loss: 1.1067 acc: 60.0000
[21,     6] loss: 1.1086 acc: 62.5000
[21,     7] loss: 1.4583 acc: 60.7143
[21,     8] loss: 0.9116 acc: 62.5000
[21,     9] loss: 1.1691 acc: 58.3333
[21,    10] loss: 1.1500 acc: 57.5000
[21,    11] loss: 1.3131 acc: 59.0909
[21,    12] loss: 1.4710 acc: 56.2500
[21,    13] loss: 2.2352 acc: 53.8462
[21,    14] loss: 1.0818 acc: 55.3571
[21,    15] loss: 1.4466 acc: 55.0000
[21,    16] loss: 1.2275 acc: 53.1250
[21,    17] loss: 0.9939 acc: 54.4118
[21,    18] loss: 1.4298 acc: 54.1667
[21,    19] loss: 1.1751 acc: 52.6316
[21,    20] loss: 1.4573 acc: 52.5000
[21,    21] loss: 1.4849 acc: 52.3810
[21,    22] loss: 1.1214 acc: 52.2727
[21,    23] loss: 1.4145 acc: 53.2609
[21,    24] loss: 2.1097 acc: 52.0833
[21,    25] loss: 1.2099 acc: 53.0000
[21,    26] loss: 0.9814 acc: 54.8077
[21,    27] loss: 0.9302 acc: 55.5556
[21,    28] loss: 1.1999 acc: 55.3571
[21,    29] loss: 2.1044 acc: 54.3103
[21,    30] loss: 2.0236 acc: 53.3333
[21,    31] loss: 0.8992 acc: 54.8387
[21,    32] loss: 1.0655 acc: 54.6875
[22,     1] loss: 1.2349 acc: 50.0000
[22,     2] loss: 0.8785 acc: 75.0000
[22,     3] loss: 0.9920 acc: 75.0000
[22,     4] loss: 2.1274 acc: 62.5000
[22,     5] loss: 1.1370 acc: 60.0000
[22,     6] loss: 1.0846 acc: 62.5000
[22,     7] loss: 0.9828 acc: 60.7143
[22,     8] loss: 1.3251 acc: 56.2500
[22,     9] loss: 1.2721 acc: 58.3333
[22,    10] loss: 1.5542 acc: 55.0000
[22,    11] loss: 0.9770 acc: 56.8182
[22,    12] loss: 1.2205 acc: 56.2500
[22,    13] loss: 1.0767 acc: 57.6923
[22,    14] loss: 1.9439 acc: 55.3571
[22,    15] loss: 1.2377 acc: 56.6667
[22,    16] loss: 1.2771 acc: 56.2500
[22,    17] loss: 1.4052 acc: 55.8824
[22,    18] loss: 1.6737 acc: 52.7778
[22,    19] loss: 1.2571 acc: 52.6316
[22,    20] loss: 1.3684 acc: 53.7500
[22,    21] loss: 1.6460 acc: 54.7619
[22,    22] loss: 1.0739 acc: 55.6818
[22,    23] loss: 1.9396 acc: 55.4348
[22,    24] loss: 1.4945 acc: 53.1250
[22,    25] loss: 0.8877 acc: 55.0000
[22,    26] loss: 1.2894 acc: 54.8077
[22,    27] loss: 0.8991 acc: 56.4815
[22,    28] loss: 0.8748 acc: 57.1429
[22,    29] loss: 1.3831 acc: 56.8966
[22,    30] loss: 1.0784 acc: 57.5000
[22,    31] loss: 1.0508 acc: 58.0645
[22,    32] loss: 1.5211 acc: 58.5938
[23,     1] loss: 1.2988 acc: 75.0000
[23,     2] loss: 1.4287 acc: 50.0000
[23,     3] loss: 1.0457 acc: 66.6667
[23,     4] loss: 1.3774 acc: 62.5000
[23,     5] loss: 1.5418 acc: 60.0000
[23,     6] loss: 1.8499 acc: 58.3333
[23,     7] loss: 1.0346 acc: 60.7143
[23,     8] loss: 0.7757 acc: 65.6250
[23,     9] loss: 1.2108 acc: 63.8889
[23,    10] loss: 1.1365 acc: 62.5000
[23,    11] loss: 1.3657 acc: 63.6364
[23,    12] loss: 1.1991 acc: 64.5833
[23,    13] loss: 1.4662 acc: 63.4615
[23,    14] loss: 0.9074 acc: 66.0714
[23,    15] loss: 1.0347 acc: 66.6667
[23,    16] loss: 1.2167 acc: 64.0625
[23,    17] loss: 1.8945 acc: 63.2353
[23,    18] loss: 0.8634 acc: 65.2778
[23,    19] loss: 0.9007 acc: 65.7895
[23,    20] loss: 1.8242 acc: 63.7500
[23,    21] loss: 1.2073 acc: 64.2857
[23,    22] loss: 0.9321 acc: 65.9091
[23,    23] loss: 1.0988 acc: 65.2174
[23,    24] loss: 1.5948 acc: 64.5833
[23,    25] loss: 1.9202 acc: 63.0000
[23,    26] loss: 1.2906 acc: 63.4615
[23,    27] loss: 1.1489 acc: 63.8889
[23,    28] loss: 0.9505 acc: 65.1786
[23,    29] loss: 0.9932 acc: 65.5172
[23,    30] loss: 1.1502 acc: 65.8333
[23,    31] loss: 1.5158 acc: 65.3226
[23,    32] loss: 1.8630 acc: 64.8438
[24,     1] loss: 1.0011 acc: 100.0000
[24,     2] loss: 2.1998 acc: 62.5000
[24,     3] loss: 1.8928 acc: 41.6667
[24,     4] loss: 1.1185 acc: 56.2500
[24,     5] loss: 1.2251 acc: 55.0000
[24,     6] loss: 1.1757 acc: 54.1667
[24,     7] loss: 1.6375 acc: 50.0000
[24,     8] loss: 1.1993 acc: 53.1250
[24,     9] loss: 1.1577 acc: 55.5556
[24,    10] loss: 1.4275 acc: 57.5000
[24,    11] loss: 1.8161 acc: 56.8182
[24,    12] loss: 1.4625 acc: 56.2500
[24,    13] loss: 1.0985 acc: 57.6923
[24,    14] loss: 1.3528 acc: 55.3571
[24,    15] loss: 1.6213 acc: 53.3333
[24,    16] loss: 1.6491 acc: 53.1250
[24,    17] loss: 1.6297 acc: 52.9412
[24,    18] loss: 1.6328 acc: 51.3889
[24,    19] loss: 1.5708 acc: 51.3158
[24,    20] loss: 1.5098 acc: 51.2500
[24,    21] loss: 1.2613 acc: 51.1905
[24,    22] loss: 1.4606 acc: 51.1364
[24,    23] loss: 1.8786 acc: 50.0000
[24,    24] loss: 0.9183 acc: 51.0417
[24,    25] loss: 1.2228 acc: 53.0000
[24,    26] loss: 1.3346 acc: 52.8846
[24,    27] loss: 1.2812 acc: 53.7037
[24,    28] loss: 0.9273 acc: 54.4643
[24,    29] loss: 0.8657 acc: 56.0345
[24,    30] loss: 1.7296 acc: 55.0000
[24,    31] loss: 1.2232 acc: 54.8387
[24,    32] loss: 0.8617 acc: 55.4688
[25,     1] loss: 1.0711 acc: 25.0000
[25,     2] loss: 1.0561 acc: 50.0000
[25,     3] loss: 0.9070 acc: 58.3333
[25,     4] loss: 1.0392 acc: 56.2500
[25,     5] loss: 1.3238 acc: 55.0000
[25,     6] loss: 1.4589 acc: 54.1667
[25,     7] loss: 1.3412 acc: 50.0000
[25,     8] loss: 1.5359 acc: 53.1250
[25,     9] loss: 1.1009 acc: 52.7778
[25,    10] loss: 1.0142 acc: 55.0000
[25,    11] loss: 0.8671 acc: 59.0909
[25,    12] loss: 1.8717 acc: 60.4167
[25,    13] loss: 1.1754 acc: 59.6154
[25,    14] loss: 1.4168 acc: 58.9286
[25,    15] loss: 0.9316 acc: 61.6667
[25,    16] loss: 0.9138 acc: 64.0625
[25,    17] loss: 1.2451 acc: 61.7647
[25,    18] loss: 1.6775 acc: 62.5000
[25,    19] loss: 1.0865 acc: 64.4737
[25,    20] loss: 1.2895 acc: 65.0000
[25,    21] loss: 1.0072 acc: 65.4762
[25,    22] loss: 0.9270 acc: 65.9091
[25,    23] loss: 1.0530 acc: 65.2174
[25,    24] loss: 1.5220 acc: 65.6250
[25,    25] loss: 1.2420 acc: 66.0000
[25,    26] loss: 1.2374 acc: 65.3846
[25,    27] loss: 1.5930 acc: 63.8889
[25,    28] loss: 1.3648 acc: 63.3929
[25,    29] loss: 2.2136 acc: 61.2069
[25,    30] loss: 1.6363 acc: 60.0000
[25,    31] loss: 1.2462 acc: 59.6774
[25,    32] loss: 1.4029 acc: 58.5938
[26,     1] loss: 1.0862 acc: 50.0000
[26,     2] loss: 0.8795 acc: 75.0000
[26,     3] loss: 1.4072 acc: 75.0000
[26,     4] loss: 1.2675 acc: 75.0000
[26,     5] loss: 1.4795 acc: 65.0000
[26,     6] loss: 1.2379 acc: 66.6667
[26,     7] loss: 1.0894 acc: 64.2857
[26,     8] loss: 1.1261 acc: 65.6250
[26,     9] loss: 1.4663 acc: 63.8889
[26,    10] loss: 1.2256 acc: 65.0000
[26,    11] loss: 1.1888 acc: 63.6364
[26,    12] loss: 1.3497 acc: 64.5833
[26,    13] loss: 1.3407 acc: 65.3846
[26,    14] loss: 1.4725 acc: 64.2857
[26,    15] loss: 1.0421 acc: 65.0000
[26,    16] loss: 1.8478 acc: 64.0625
[26,    17] loss: 1.1943 acc: 64.7059
[26,    18] loss: 1.9203 acc: 62.5000
[26,    19] loss: 1.3908 acc: 63.1579
[26,    20] loss: 1.0538 acc: 65.0000
[26,    21] loss: 1.0420 acc: 66.6667
[26,    22] loss: 1.2210 acc: 67.0455
[26,    23] loss: 1.1434 acc: 67.3913
[26,    24] loss: 1.8638 acc: 65.6250
[26,    25] loss: 0.9958 acc: 67.0000
[26,    26] loss: 1.3770 acc: 66.3462
[26,    27] loss: 1.1296 acc: 65.7407
[26,    28] loss: 1.0146 acc: 66.0714
[26,    29] loss: 1.0504 acc: 67.2414
[26,    30] loss: 1.7240 acc: 66.6667
[26,    31] loss: 1.0003 acc: 67.7419
[26,    32] loss: 1.9056 acc: 66.4062
[27,     1] loss: 0.8516 acc: 100.0000
[27,     2] loss: 0.9733 acc: 100.0000
[27,     3] loss: 1.3934 acc: 83.3333
[27,     4] loss: 1.1768 acc: 75.0000
[27,     5] loss: 1.4656 acc: 70.0000
[27,     6] loss: 1.5666 acc: 62.5000
[27,     7] loss: 0.8988 acc: 64.2857
[27,     8] loss: 1.4069 acc: 62.5000
[27,     9] loss: 0.9867 acc: 66.6667
[27,    10] loss: 0.9135 acc: 67.5000
[27,    11] loss: 1.1568 acc: 65.9091
[27,    12] loss: 1.0745 acc: 66.6667
[27,    13] loss: 1.3306 acc: 65.3846
[27,    14] loss: 1.1726 acc: 64.2857
[27,    15] loss: 1.1558 acc: 66.6667
[27,    16] loss: 1.4138 acc: 64.0625
[27,    17] loss: 1.4833 acc: 61.7647
[27,    18] loss: 1.1085 acc: 62.5000
[27,    19] loss: 1.8226 acc: 59.2105
[27,    20] loss: 1.3502 acc: 58.7500
[27,    21] loss: 1.4990 acc: 57.1429
[27,    22] loss: 1.3388 acc: 57.9545
[27,    23] loss: 1.6101 acc: 55.4348
[27,    24] loss: 0.9115 acc: 56.2500
[27,    25] loss: 0.9348 acc: 57.0000
[27,    26] loss: 0.9672 acc: 57.6923
[27,    27] loss: 0.9679 acc: 58.3333
[27,    28] loss: 1.3959 acc: 58.0357
[27,    29] loss: 1.2479 acc: 57.7586
[27,    30] loss: 1.0909 acc: 57.5000
[27,    31] loss: 1.5405 acc: 56.4516
[27,    32] loss: 1.0845 acc: 57.0312
[28,     1] loss: 1.4353 acc: 75.0000
[28,     2] loss: 1.4123 acc: 62.5000
[28,     3] loss: 0.8570 acc: 75.0000
[28,     4] loss: 1.0823 acc: 68.7500
[28,     5] loss: 1.2255 acc: 65.0000
[28,     6] loss: 1.0545 acc: 62.5000
[28,     7] loss: 1.2986 acc: 64.2857
[28,     8] loss: 1.4903 acc: 62.5000
[28,     9] loss: 1.4667 acc: 63.8889
[28,    10] loss: 0.9143 acc: 65.0000
[28,    11] loss: 1.3991 acc: 61.3636
[28,    12] loss: 0.8282 acc: 64.5833
[28,    13] loss: 0.9476 acc: 65.3846
[28,    14] loss: 1.1286 acc: 66.0714
[28,    15] loss: 1.4886 acc: 63.3333
[28,    16] loss: 1.2098 acc: 64.0625
[28,    17] loss: 1.3120 acc: 63.2353
[28,    18] loss: 1.0226 acc: 62.5000
[28,    19] loss: 0.9644 acc: 63.1579
[28,    20] loss: 0.9745 acc: 62.5000
[28,    21] loss: 1.0841 acc: 63.0952
[28,    22] loss: 0.8097 acc: 64.7727
[28,    23] loss: 1.3899 acc: 64.1304
[28,    24] loss: 1.1090 acc: 64.5833
[28,    25] loss: 1.5222 acc: 65.0000
[28,    26] loss: 0.8638 acc: 66.3462
[28,    27] loss: 1.0602 acc: 65.7407
[28,    28] loss: 0.9772 acc: 65.1786
[28,    29] loss: 1.3378 acc: 64.6552
[28,    30] loss: 1.0070 acc: 65.8333
[28,    31] loss: 1.0510 acc: 66.1290
[28,    32] loss: 0.9417 acc: 66.4062
[29,     1] loss: 1.2572 acc: 50.0000
[29,     2] loss: 0.8471 acc: 75.0000
[29,     3] loss: 1.0171 acc: 83.3333
[29,     4] loss: 1.3852 acc: 68.7500
[29,     5] loss: 1.3492 acc: 65.0000
[29,     6] loss: 1.2287 acc: 66.6667
[29,     7] loss: 1.8968 acc: 60.7143
[29,     8] loss: 1.4038 acc: 62.5000
[29,     9] loss: 0.9244 acc: 66.6667
[29,    10] loss: 0.8749 acc: 70.0000
[29,    11] loss: 0.8015 acc: 72.7273
[29,    12] loss: 0.9441 acc: 75.0000
[29,    13] loss: 1.4886 acc: 73.0769
[29,    14] loss: 1.1290 acc: 73.2143
[29,    15] loss: 1.1039 acc: 73.3333
[29,    16] loss: 1.0592 acc: 73.4375
[29,    17] loss: 0.8583 acc: 75.0000
[29,    18] loss: 1.1448 acc: 75.0000
[29,    19] loss: 2.9436 acc: 72.3684
[29,    20] loss: 1.0835 acc: 72.5000
[29,    21] loss: 1.1035 acc: 72.6190
[29,    22] loss: 1.8462 acc: 71.5909
[29,    23] loss: 1.0111 acc: 71.7391
[29,    24] loss: 1.2388 acc: 70.8333
[29,    25] loss: 2.3703 acc: 69.0000
[29,    26] loss: 0.9897 acc: 69.2308
[29,    27] loss: 1.5667 acc: 68.5185
[29,    28] loss: 1.2990 acc: 66.9643
[29,    29] loss: 1.3555 acc: 67.2414
[29,    30] loss: 0.8811 acc: 67.5000
[29,    31] loss: 1.1861 acc: 66.1290
[29,    32] loss: 1.0616 acc: 66.4062
[30,     1] loss: 0.8734 acc: 100.0000
[30,     2] loss: 1.3948 acc: 75.0000
[30,     3] loss: 0.9949 acc: 75.0000
[30,     4] loss: 1.2379 acc: 75.0000
[30,     5] loss: 1.9187 acc: 65.0000
[30,     6] loss: 2.1650 acc: 58.3333
[30,     7] loss: 1.4164 acc: 57.1429
[30,     8] loss: 1.1075 acc: 56.2500
[30,     9] loss: 1.7767 acc: 52.7778
[30,    10] loss: 1.4000 acc: 55.0000
[30,    11] loss: 1.2945 acc: 56.8182
[30,    12] loss: 2.0042 acc: 54.1667
[30,    13] loss: 1.2743 acc: 53.8462
[30,    14] loss: 1.5261 acc: 55.3571
[30,    15] loss: 1.2830 acc: 55.0000
[30,    16] loss: 0.9293 acc: 57.8125
[30,    17] loss: 1.2391 acc: 58.8235
[30,    18] loss: 1.0516 acc: 59.7222
[30,    19] loss: 1.2008 acc: 60.5263
[30,    20] loss: 1.4155 acc: 60.0000
[30,    21] loss: 0.8605 acc: 60.7143
[30,    22] loss: 1.2406 acc: 60.2273
[30,    23] loss: 1.2028 acc: 59.7826
[30,    24] loss: 1.2855 acc: 60.4167
[30,    25] loss: 1.2889 acc: 61.0000
[30,    26] loss: 1.5172 acc: 60.5769
[30,    27] loss: 1.7034 acc: 59.2593
[30,    28] loss: 0.8898 acc: 59.8214
[30,    29] loss: 1.5229 acc: 58.6207
[30,    30] loss: 1.0886 acc: 59.1667
[30,    31] loss: 1.1261 acc: 58.8710
[30,    32] loss: 1.2293 acc: 58.5938
[31,     1] loss: 1.4129 acc: 75.0000
[31,     2] loss: 1.9222 acc: 62.5000
[31,     3] loss: 1.6949 acc: 66.6667
[31,     4] loss: 1.2829 acc: 62.5000
[31,     5] loss: 0.9938 acc: 65.0000
[31,     6] loss: 1.3170 acc: 62.5000
[31,     7] loss: 1.2643 acc: 60.7143
[31,     8] loss: 0.9477 acc: 62.5000
[31,     9] loss: 0.9308 acc: 63.8889
[31,    10] loss: 0.8717 acc: 67.5000
[31,    11] loss: 1.8870 acc: 63.6364
[31,    12] loss: 1.3060 acc: 64.5833
[31,    13] loss: 1.5752 acc: 61.5385
[31,    14] loss: 1.3167 acc: 62.5000
[31,    15] loss: 1.4234 acc: 61.6667
[31,    16] loss: 0.9085 acc: 62.5000
[31,    17] loss: 1.2346 acc: 61.7647
[31,    18] loss: 1.2002 acc: 62.5000
[31,    19] loss: 1.8121 acc: 61.8421
[31,    20] loss: 1.3279 acc: 62.5000
[31,    21] loss: 1.4815 acc: 61.9048
[31,    22] loss: 1.0926 acc: 62.5000
[31,    23] loss: 1.5282 acc: 60.8696
[31,    24] loss: 1.5351 acc: 60.4167
[31,    25] loss: 1.8703 acc: 59.0000
[31,    26] loss: 1.8041 acc: 57.6923
[31,    27] loss: 2.2472 acc: 57.4074
[31,    28] loss: 1.0636 acc: 57.1429
[31,    29] loss: 0.9188 acc: 57.7586
[31,    30] loss: 2.2278 acc: 56.6667
[31,    31] loss: 0.9671 acc: 57.2581
[31,    32] loss: 1.1284 acc: 57.0312
[32,     1] loss: 1.8551 acc: 25.0000
[32,     2] loss: 0.8673 acc: 62.5000
[32,     3] loss: 1.3616 acc: 58.3333
[32,     4] loss: 1.2199 acc: 56.2500
[32,     5] loss: 1.5435 acc: 55.0000
[32,     6] loss: 1.0337 acc: 58.3333
[32,     7] loss: 1.3154 acc: 57.1429
[32,     8] loss: 1.1501 acc: 59.3750
[32,     9] loss: 1.1969 acc: 58.3333
[32,    10] loss: 0.8756 acc: 60.0000
[32,    11] loss: 1.7924 acc: 59.0909
[32,    12] loss: 0.8782 acc: 62.5000
[32,    13] loss: 1.1974 acc: 63.4615
[32,    14] loss: 0.9397 acc: 64.2857
[32,    15] loss: 1.1894 acc: 63.3333
[32,    16] loss: 1.0366 acc: 64.0625
[32,    17] loss: 1.0067 acc: 64.7059
[32,    18] loss: 0.8887 acc: 65.2778
[32,    19] loss: 1.3648 acc: 64.4737
[32,    20] loss: 1.6275 acc: 65.0000
[32,    21] loss: 0.9827 acc: 65.4762
[32,    22] loss: 1.2470 acc: 64.7727
[32,    23] loss: 1.0248 acc: 65.2174
[32,    24] loss: 1.4130 acc: 63.5417
[32,    25] loss: 1.2558 acc: 63.0000
[32,    26] loss: 1.0459 acc: 62.5000
[32,    27] loss: 1.4007 acc: 61.1111
[32,    28] loss: 1.1401 acc: 60.7143
[32,    29] loss: 1.2277 acc: 59.4828
[32,    30] loss: 1.4051 acc: 59.1667
[32,    31] loss: 0.9465 acc: 59.6774
[32,    32] loss: 1.2542 acc: 59.3750
[33,     1] loss: 1.0394 acc: 50.0000
[33,     2] loss: 1.1336 acc: 62.5000
[33,     3] loss: 1.4714 acc: 58.3333
[33,     4] loss: 1.6622 acc: 56.2500
[33,     5] loss: 0.9900 acc: 60.0000
[33,     6] loss: 1.4600 acc: 58.3333
[33,     7] loss: 1.5134 acc: 57.1429
[33,     8] loss: 1.0759 acc: 62.5000
[33,     9] loss: 1.2007 acc: 61.1111
[33,    10] loss: 0.9833 acc: 60.0000
[33,    11] loss: 1.0231 acc: 61.3636
[33,    12] loss: 1.3783 acc: 62.5000
[33,    13] loss: 0.8472 acc: 63.4615
[33,    14] loss: 1.0696 acc: 64.2857
[33,    15] loss: 0.9504 acc: 66.6667
[33,    16] loss: 0.9881 acc: 68.7500
[33,    17] loss: 1.4424 acc: 67.6471
[33,    18] loss: 1.7716 acc: 65.2778
[33,    19] loss: 0.9361 acc: 67.1053
[33,    20] loss: 0.9217 acc: 68.7500
[33,    21] loss: 1.4180 acc: 67.8571
[33,    22] loss: 1.4500 acc: 68.1818
[33,    23] loss: 1.1433 acc: 67.3913
[33,    24] loss: 1.1635 acc: 66.6667
[33,    25] loss: 0.9506 acc: 67.0000
[33,    26] loss: 1.4059 acc: 66.3462
[33,    27] loss: 1.5382 acc: 64.8148
[33,    28] loss: 1.2061 acc: 65.1786
[33,    29] loss: 1.2379 acc: 64.6552
[33,    30] loss: 1.1657 acc: 63.3333
[33,    31] loss: 1.6634 acc: 63.7097
[33,    32] loss: 1.4006 acc: 62.5000
[34,     1] loss: 2.0364 acc: 50.0000
[34,     2] loss: 1.2449 acc: 50.0000
[34,     3] loss: 1.8007 acc: 50.0000
[34,     4] loss: 1.5708 acc: 50.0000
[34,     5] loss: 1.7085 acc: 50.0000
[34,     6] loss: 1.1317 acc: 54.1667
[34,     7] loss: 0.8940 acc: 60.7143
[34,     8] loss: 1.2742 acc: 62.5000
[34,     9] loss: 0.9887 acc: 61.1111
[34,    10] loss: 1.0134 acc: 62.5000
[34,    11] loss: 1.5869 acc: 63.6364
[34,    12] loss: 1.3509 acc: 62.5000
[34,    13] loss: 0.9164 acc: 63.4615
[34,    14] loss: 1.1661 acc: 62.5000
[34,    15] loss: 1.4233 acc: 60.0000
[34,    16] loss: 1.1298 acc: 57.8125
[34,    17] loss: 1.1668 acc: 57.3529
[34,    18] loss: 1.6481 acc: 56.9444
[34,    19] loss: 1.7005 acc: 57.8947
[34,    20] loss: 1.4890 acc: 57.5000
[34,    21] loss: 1.0124 acc: 57.1429
[34,    22] loss: 1.5655 acc: 56.8182
[34,    23] loss: 1.8358 acc: 55.4348
[34,    24] loss: 1.0541 acc: 55.2083
[34,    25] loss: 1.4255 acc: 54.0000
[34,    26] loss: 1.2272 acc: 52.8846
[34,    27] loss: 1.0773 acc: 52.7778
[34,    28] loss: 0.9091 acc: 54.4643
[34,    29] loss: 0.8168 acc: 56.0345
[34,    30] loss: 1.4335 acc: 55.0000
[34,    31] loss: 1.6516 acc: 55.6452
[34,    32] loss: 1.1436 acc: 55.4688
[35,     1] loss: 1.3278 acc: 50.0000
[35,     2] loss: 0.8463 acc: 75.0000
[35,     3] loss: 1.7340 acc: 58.3333
[35,     4] loss: 1.1383 acc: 56.2500
[35,     5] loss: 1.3100 acc: 60.0000
[35,     6] loss: 1.1322 acc: 58.3333
[35,     7] loss: 1.2057 acc: 57.1429
[35,     8] loss: 0.8518 acc: 59.3750
[35,     9] loss: 0.8863 acc: 61.1111
[35,    10] loss: 1.4659 acc: 57.5000
[35,    11] loss: 1.2032 acc: 59.0909
[35,    12] loss: 0.9044 acc: 60.4167
[35,    13] loss: 1.3408 acc: 61.5385
[35,    14] loss: 1.2968 acc: 60.7143
[35,    15] loss: 1.0234 acc: 61.6667
[35,    16] loss: 1.3864 acc: 60.9375
[35,    17] loss: 1.1248 acc: 61.7647
[35,    18] loss: 1.3061 acc: 61.1111
[35,    19] loss: 0.9032 acc: 61.8421
[35,    20] loss: 1.1762 acc: 61.2500
[35,    21] loss: 0.8184 acc: 61.9048
[35,    22] loss: 1.3598 acc: 60.2273
[35,    23] loss: 0.9613 acc: 61.9565
[35,    24] loss: 1.2989 acc: 61.4583
[35,    25] loss: 1.3062 acc: 61.0000
[35,    26] loss: 1.5605 acc: 60.5769
[35,    27] loss: 1.2102 acc: 61.1111
[35,    28] loss: 0.7416 acc: 62.5000
[35,    29] loss: 1.2476 acc: 62.0690
[35,    30] loss: 0.9238 acc: 61.6667
[35,    31] loss: 0.9883 acc: 62.0968
[35,    32] loss: 1.4087 acc: 60.1562
[36,     1] loss: 1.1820 acc: 25.0000
[36,     2] loss: 1.4799 acc: 37.5000
[36,     3] loss: 1.2023 acc: 41.6667
[36,     4] loss: 1.3986 acc: 43.7500
[36,     5] loss: 1.1993 acc: 40.0000
[36,     6] loss: 0.8251 acc: 50.0000
[36,     7] loss: 1.8294 acc: 46.4286
[36,     8] loss: 1.3269 acc: 46.8750
[36,     9] loss: 1.1469 acc: 50.0000
[36,    10] loss: 1.1550 acc: 50.0000
[36,    11] loss: 0.9499 acc: 54.5455
[36,    12] loss: 1.2018 acc: 54.1667
[36,    13] loss: 0.9605 acc: 55.7692
[36,    14] loss: 1.2447 acc: 57.1429
[36,    15] loss: 0.7668 acc: 60.0000
[36,    16] loss: 1.2825 acc: 60.9375
[36,    17] loss: 1.2257 acc: 60.2941
[36,    18] loss: 0.9774 acc: 61.1111
[36,    19] loss: 1.1413 acc: 61.8421
[36,    20] loss: 0.8614 acc: 62.5000
[36,    21] loss: 1.5433 acc: 60.7143
[36,    22] loss: 0.7453 acc: 62.5000
[36,    23] loss: 1.1918 acc: 61.9565
[36,    24] loss: 0.8257 acc: 63.5417
[36,    25] loss: 1.0808 acc: 64.0000
[36,    26] loss: 1.4999 acc: 63.4615
[36,    27] loss: 1.1770 acc: 62.9630
[36,    28] loss: 0.9685 acc: 62.5000
[36,    29] loss: 1.7649 acc: 62.0690
[36,    30] loss: 1.4066 acc: 60.8333
[36,    31] loss: 2.0981 acc: 60.4839
[36,    32] loss: 0.9173 acc: 60.9375
[37,     1] loss: 1.1914 acc: 50.0000
[37,     2] loss: 1.1683 acc: 37.5000
[37,     3] loss: 1.9417 acc: 25.0000
[37,     4] loss: 1.1502 acc: 37.5000
[37,     5] loss: 0.9765 acc: 45.0000
[37,     6] loss: 1.0643 acc: 45.8333
[37,     7] loss: 1.9071 acc: 46.4286
[37,     8] loss: 0.9029 acc: 50.0000
[37,     9] loss: 1.2070 acc: 50.0000
[37,    10] loss: 0.8921 acc: 52.5000
[37,    11] loss: 1.0803 acc: 56.8182
[37,    12] loss: 0.8455 acc: 60.4167
[37,    13] loss: 1.3182 acc: 57.6923
[37,    14] loss: 1.2648 acc: 57.1429
[37,    15] loss: 1.1332 acc: 58.3333
[37,    16] loss: 1.3516 acc: 57.8125
[37,    17] loss: 1.0601 acc: 57.3529
[37,    18] loss: 1.0628 acc: 58.3333
[37,    19] loss: 0.8444 acc: 60.5263
[37,    20] loss: 0.9337 acc: 60.0000
[37,    21] loss: 0.9791 acc: 60.7143
[37,    22] loss: 1.2582 acc: 60.2273
[37,    23] loss: 2.0471 acc: 59.7826
[37,    24] loss: 1.1748 acc: 59.3750
[37,    25] loss: 0.7879 acc: 61.0000
[37,    26] loss: 2.0277 acc: 59.6154
[37,    27] loss: 0.7762 acc: 61.1111
[37,    28] loss: 1.0141 acc: 62.5000
[37,    29] loss: 0.8999 acc: 62.9310
[37,    30] loss: 0.8960 acc: 63.3333
[37,    31] loss: 1.2898 acc: 62.9032
[37,    32] loss: 1.0663 acc: 63.2812
[38,     1] loss: 0.7706 acc: 100.0000
[38,     2] loss: 1.3271 acc: 75.0000
[38,     3] loss: 0.8898 acc: 83.3333
[38,     4] loss: 1.3298 acc: 75.0000
[38,     5] loss: 1.8809 acc: 70.0000
[38,     6] loss: 1.2287 acc: 70.8333
[38,     7] loss: 1.1119 acc: 71.4286
[38,     8] loss: 1.3204 acc: 68.7500
[38,     9] loss: 1.1739 acc: 69.4444
[38,    10] loss: 1.3618 acc: 65.0000
[38,    11] loss: 1.0239 acc: 65.9091
[38,    12] loss: 0.8033 acc: 66.6667
[38,    13] loss: 1.2246 acc: 65.3846
[38,    14] loss: 0.8361 acc: 67.8571
[38,    15] loss: 0.8966 acc: 68.3333
[38,    16] loss: 1.4656 acc: 68.7500
[38,    17] loss: 1.8004 acc: 66.1765
[38,    18] loss: 1.0588 acc: 65.2778
[38,    19] loss: 1.3839 acc: 64.4737
[38,    20] loss: 0.9811 acc: 65.0000
[38,    21] loss: 1.3751 acc: 65.4762
[38,    22] loss: 0.8343 acc: 65.9091
[38,    23] loss: 1.0558 acc: 65.2174
[38,    24] loss: 1.1214 acc: 64.5833
[38,    25] loss: 0.8526 acc: 66.0000
[38,    26] loss: 1.3647 acc: 66.3462
[38,    27] loss: 0.7684 acc: 67.5926
[38,    28] loss: 1.0559 acc: 67.8571
[38,    29] loss: 0.8321 acc: 68.9655
[38,    30] loss: 0.9519 acc: 70.0000
[38,    31] loss: 1.4613 acc: 68.5484
[38,    32] loss: 1.5899 acc: 67.9688
[39,     1] loss: 1.1107 acc: 75.0000
[39,     2] loss: 1.3467 acc: 50.0000
[39,     3] loss: 0.8403 acc: 58.3333
[39,     4] loss: 1.1941 acc: 62.5000
[39,     5] loss: 1.1534 acc: 65.0000
[39,     6] loss: 1.5155 acc: 62.5000
[39,     7] loss: 1.4799 acc: 53.5714
[39,     8] loss: 0.9694 acc: 59.3750
[39,     9] loss: 0.9849 acc: 63.8889
[39,    10] loss: 0.9714 acc: 65.0000
[39,    11] loss: 0.7757 acc: 65.9091
[39,    12] loss: 1.0536 acc: 62.5000
[39,    13] loss: 1.9642 acc: 61.5385
[39,    14] loss: 0.8439 acc: 64.2857
[39,    15] loss: 1.1746 acc: 65.0000
[39,    16] loss: 1.3742 acc: 62.5000
[39,    17] loss: 1.0367 acc: 63.2353
[39,    18] loss: 1.4942 acc: 62.5000
[39,    19] loss: 1.1387 acc: 61.8421
[39,    20] loss: 0.9387 acc: 62.5000
[39,    21] loss: 2.0222 acc: 60.7143
[39,    22] loss: 1.0446 acc: 60.2273
[39,    23] loss: 1.8716 acc: 57.6087
[39,    24] loss: 1.0112 acc: 58.3333
[39,    25] loss: 0.9720 acc: 59.0000
[39,    26] loss: 1.2362 acc: 59.6154
[39,    27] loss: 1.3070 acc: 59.2593
[39,    28] loss: 0.9443 acc: 60.7143
[39,    29] loss: 0.7398 acc: 62.0690
[39,    30] loss: 1.5779 acc: 62.5000
[39,    31] loss: 1.7829 acc: 61.2903
[39,    32] loss: 1.2841 acc: 60.9375
[40,     1] loss: 1.5281 acc: 25.0000
[40,     2] loss: 1.9604 acc: 37.5000
[40,     3] loss: 0.9783 acc: 58.3333
[40,     4] loss: 0.7952 acc: 68.7500
[40,     5] loss: 1.2896 acc: 65.0000
[40,     6] loss: 0.8588 acc: 70.8333
[40,     7] loss: 1.0846 acc: 67.8571
[40,     8] loss: 2.2864 acc: 62.5000
[40,     9] loss: 0.9166 acc: 66.6667
[40,    10] loss: 1.7729 acc: 60.0000
[40,    11] loss: 1.0485 acc: 63.6364
[40,    12] loss: 1.3413 acc: 62.5000
[40,    13] loss: 1.7035 acc: 59.6154
[40,    14] loss: 0.8049 acc: 62.5000
[40,    15] loss: 0.8876 acc: 63.3333
[40,    16] loss: 1.0299 acc: 64.0625
[40,    17] loss: 0.7757 acc: 66.1765
[40,    18] loss: 1.2168 acc: 65.2778
[40,    19] loss: 0.7897 acc: 65.7895
[40,    20] loss: 1.2630 acc: 65.0000
[40,    21] loss: 2.0035 acc: 63.0952
[40,    22] loss: 1.9689 acc: 61.3636
[40,    23] loss: 0.9182 acc: 61.9565
[40,    24] loss: 1.4593 acc: 61.4583
[40,    25] loss: 1.1116 acc: 62.0000
[40,    26] loss: 2.5384 acc: 60.5769
[40,    27] loss: 1.1393 acc: 61.1111
[40,    28] loss: 0.8299 acc: 62.5000
[40,    29] loss: 1.7300 acc: 62.9310
[40,    30] loss: 0.9323 acc: 63.3333
[40,    31] loss: 0.9114 acc: 63.7097
[40,    32] loss: 1.1606 acc: 64.8438
[41,     1] loss: 1.1747 acc: 75.0000
[41,     2] loss: 1.4339 acc: 62.5000
[41,     3] loss: 1.1468 acc: 66.6667
[41,     4] loss: 1.3032 acc: 62.5000
[41,     5] loss: 1.4785 acc: 60.0000
[41,     6] loss: 1.2743 acc: 58.3333
[41,     7] loss: 1.2124 acc: 57.1429
[41,     8] loss: 1.1354 acc: 59.3750
[41,     9] loss: 1.7955 acc: 58.3333
[41,    10] loss: 1.8969 acc: 57.5000
[41,    11] loss: 0.7909 acc: 61.3636
[41,    12] loss: 0.7859 acc: 64.5833
[41,    13] loss: 0.9619 acc: 67.3077
[41,    14] loss: 1.8065 acc: 64.2857
[41,    15] loss: 1.5304 acc: 61.6667
[41,    16] loss: 1.5753 acc: 62.5000
[41,    17] loss: 1.1551 acc: 64.7059
[41,    18] loss: 1.5910 acc: 65.2778
[41,    19] loss: 1.4719 acc: 64.4737
[41,    20] loss: 0.8539 acc: 66.2500
[41,    21] loss: 1.2412 acc: 65.4762
[41,    22] loss: 1.3879 acc: 64.7727
[41,    23] loss: 1.0964 acc: 65.2174
[41,    24] loss: 0.7560 acc: 65.6250
[41,    25] loss: 0.8691 acc: 66.0000
[41,    26] loss: 1.2343 acc: 66.3462
[41,    27] loss: 0.8962 acc: 65.7407
[41,    28] loss: 1.0693 acc: 66.0714
[41,    29] loss: 1.1682 acc: 66.3793
[41,    30] loss: 1.8569 acc: 65.8333
[41,    31] loss: 0.9028 acc: 66.9355
[41,    32] loss: 0.8311 acc: 67.9688
[42,     1] loss: 0.7893 acc: 75.0000
[42,     2] loss: 1.5728 acc: 50.0000
[42,     3] loss: 1.1444 acc: 50.0000
[42,     4] loss: 1.9912 acc: 50.0000
[42,     5] loss: 1.6341 acc: 50.0000
[42,     6] loss: 0.9037 acc: 54.1667
[42,     7] loss: 0.8605 acc: 60.7143
[42,     8] loss: 1.2863 acc: 59.3750
[42,     9] loss: 1.6972 acc: 58.3333
[42,    10] loss: 1.1060 acc: 60.0000
[42,    11] loss: 1.2182 acc: 61.3636
[42,    12] loss: 1.8285 acc: 58.3333
[42,    13] loss: 1.0590 acc: 57.6923
[42,    14] loss: 0.7035 acc: 60.7143
[42,    15] loss: 0.7733 acc: 61.6667
[42,    16] loss: 1.1342 acc: 62.5000
[42,    17] loss: 0.9428 acc: 64.7059
[42,    18] loss: 0.7131 acc: 65.2778
[42,    19] loss: 2.4845 acc: 63.1579
[42,    20] loss: 1.2257 acc: 62.5000
[42,    21] loss: 0.8515 acc: 64.2857
[42,    22] loss: 0.8527 acc: 65.9091
[42,    23] loss: 1.0530 acc: 65.2174
[42,    24] loss: 1.6916 acc: 65.6250
[42,    25] loss: 0.9219 acc: 67.0000
[42,    26] loss: 0.9703 acc: 67.3077
[42,    27] loss: 1.0879 acc: 66.6667
[42,    28] loss: 1.9460 acc: 66.0714
[42,    29] loss: 0.9338 acc: 66.3793
[42,    30] loss: 1.3361 acc: 65.0000
[42,    31] loss: 0.9950 acc: 66.1290
[42,    32] loss: 1.3819 acc: 65.6250
[43,     1] loss: 1.2875 acc: 50.0000
[43,     2] loss: 1.2133 acc: 62.5000
[43,     3] loss: 0.8815 acc: 66.6667
[43,     4] loss: 0.8000 acc: 75.0000
[43,     5] loss: 1.3508 acc: 70.0000
[43,     6] loss: 1.3721 acc: 66.6667
[43,     7] loss: 2.7074 acc: 60.7143
[43,     8] loss: 1.3731 acc: 62.5000
[43,     9] loss: 1.5742 acc: 61.1111
[43,    10] loss: 1.4899 acc: 60.0000
[43,    11] loss: 1.5715 acc: 61.3636
[43,    12] loss: 0.9681 acc: 62.5000
[43,    13] loss: 1.7818 acc: 59.6154
[43,    14] loss: 0.8565 acc: 62.5000
[43,    15] loss: 0.9683 acc: 63.3333
[43,    16] loss: 0.8379 acc: 62.5000
[43,    17] loss: 0.9242 acc: 63.2353
[43,    18] loss: 1.2618 acc: 62.5000
[43,    19] loss: 1.7159 acc: 60.5263
[43,    20] loss: 0.7749 acc: 62.5000
[43,    21] loss: 1.0648 acc: 63.0952
[43,    22] loss: 1.8170 acc: 61.3636
[43,    23] loss: 1.8183 acc: 60.8696
[43,    24] loss: 1.6814 acc: 61.4583
[43,    25] loss: 0.9869 acc: 62.0000
[43,    26] loss: 1.0751 acc: 62.5000
[43,    27] loss: 0.7281 acc: 63.8889
[43,    28] loss: 1.1970 acc: 63.3929
[43,    29] loss: 1.1474 acc: 63.7931
[43,    30] loss: 1.7076 acc: 62.5000
[43,    31] loss: 0.9062 acc: 62.9032
[43,    32] loss: 1.6721 acc: 61.7188
[44,     1] loss: 1.2436 acc: 75.0000
[44,     2] loss: 0.8483 acc: 75.0000
[44,     3] loss: 1.1077 acc: 66.6667
[44,     4] loss: 1.4439 acc: 68.7500
[44,     5] loss: 1.4520 acc: 70.0000
[44,     6] loss: 0.8837 acc: 70.8333
[44,     7] loss: 1.5268 acc: 71.4286
[44,     8] loss: 1.1630 acc: 68.7500
[44,     9] loss: 0.8832 acc: 69.4444
[44,    10] loss: 1.1307 acc: 67.5000
[44,    11] loss: 0.7943 acc: 70.4545
[44,    12] loss: 0.8496 acc: 72.9167
[44,    13] loss: 1.1035 acc: 73.0769
[44,    14] loss: 1.0055 acc: 73.2143
[44,    15] loss: 1.1644 acc: 73.3333
[44,    16] loss: 0.8520 acc: 73.4375
[44,    17] loss: 1.6715 acc: 69.1176
[44,    18] loss: 0.9293 acc: 69.4444
[44,    19] loss: 1.3980 acc: 67.1053
[44,    20] loss: 1.9114 acc: 66.2500
[44,    21] loss: 1.0201 acc: 66.6667
[44,    22] loss: 1.4535 acc: 65.9091
[44,    23] loss: 0.6722 acc: 67.3913
[44,    24] loss: 1.2874 acc: 66.6667
[44,    25] loss: 0.8959 acc: 66.0000
[44,    26] loss: 0.8145 acc: 67.3077
[44,    27] loss: 1.1605 acc: 67.5926
[44,    28] loss: 0.6971 acc: 68.7500
[44,    29] loss: 1.2215 acc: 68.9655
[44,    30] loss: 1.4091 acc: 67.5000
[44,    31] loss: 1.8841 acc: 65.3226
[44,    32] loss: 1.6612 acc: 65.6250
[45,     1] loss: 1.2191 acc: 75.0000
[45,     2] loss: 1.0136 acc: 87.5000
[45,     3] loss: 1.6856 acc: 66.6667
[45,     4] loss: 1.4388 acc: 62.5000
[45,     5] loss: 0.7365 acc: 70.0000
[45,     6] loss: 0.7507 acc: 75.0000
[45,     7] loss: 1.1018 acc: 75.0000
[45,     8] loss: 0.9917 acc: 75.0000
[45,     9] loss: 0.8016 acc: 75.0000
[45,    10] loss: 1.3225 acc: 75.0000
[45,    11] loss: 1.0743 acc: 75.0000
[45,    12] loss: 0.8329 acc: 75.0000
[45,    13] loss: 1.0239 acc: 75.0000
[45,    14] loss: 0.7777 acc: 76.7857
[45,    15] loss: 1.5653 acc: 75.0000
[45,    16] loss: 1.0174 acc: 75.0000
[45,    17] loss: 2.0138 acc: 70.5882
[45,    18] loss: 0.9313 acc: 72.2222
[45,    19] loss: 1.1894 acc: 71.0526
[45,    20] loss: 1.1265 acc: 70.0000
[45,    21] loss: 1.0493 acc: 69.0476
[45,    22] loss: 1.1620 acc: 68.1818
[45,    23] loss: 1.3098 acc: 68.4783
[45,    24] loss: 1.0858 acc: 68.7500
[45,    25] loss: 0.9032 acc: 69.0000
[45,    26] loss: 0.7285 acc: 69.2308
[45,    27] loss: 0.9561 acc: 70.3704
[45,    28] loss: 1.1447 acc: 69.6429
[45,    29] loss: 0.8644 acc: 69.8276
[45,    30] loss: 0.7708 acc: 70.8333
[45,    31] loss: 1.2957 acc: 70.9677
[45,    32] loss: 1.0333 acc: 71.0938
[46,     1] loss: 0.7597 acc: 75.0000
[46,     2] loss: 1.4398 acc: 62.5000
[46,     3] loss: 0.8793 acc: 66.6667
[46,     4] loss: 0.9541 acc: 62.5000
[46,     5] loss: 1.3852 acc: 60.0000
[46,     6] loss: 1.3289 acc: 58.3333
[46,     7] loss: 0.8311 acc: 60.7143
[46,     8] loss: 1.4175 acc: 59.3750
[46,     9] loss: 0.7950 acc: 63.8889
[46,    10] loss: 0.9762 acc: 65.0000
[46,    11] loss: 0.8030 acc: 63.6364
[46,    12] loss: 1.2080 acc: 64.5833
[46,    13] loss: 1.0806 acc: 65.3846
[46,    14] loss: 1.0440 acc: 66.0714
[46,    15] loss: 0.9608 acc: 66.6667
[46,    16] loss: 1.3084 acc: 65.6250
[46,    17] loss: 2.2992 acc: 61.7647
[46,    18] loss: 1.3271 acc: 59.7222
[46,    19] loss: 1.1033 acc: 61.8421
[46,    20] loss: 1.0888 acc: 61.2500
[46,    21] loss: 0.8565 acc: 63.0952
[46,    22] loss: 1.9860 acc: 62.5000
[46,    23] loss: 1.2825 acc: 60.8696
[46,    24] loss: 1.2553 acc: 61.4583
[46,    25] loss: 0.9935 acc: 62.0000
[46,    26] loss: 1.5808 acc: 61.5385
[46,    27] loss: 0.8556 acc: 62.9630
[46,    28] loss: 1.0537 acc: 63.3929
[46,    29] loss: 1.4132 acc: 63.7931
[46,    30] loss: 0.8878 acc: 65.0000
[46,    31] loss: 1.3054 acc: 63.7097
[46,    32] loss: 1.3331 acc: 64.0625
[47,     1] loss: 1.3604 acc: 50.0000
[47,     2] loss: 1.0820 acc: 50.0000
[47,     3] loss: 0.8878 acc: 66.6667
[47,     4] loss: 1.7959 acc: 56.2500
[47,     5] loss: 1.3976 acc: 55.0000
[47,     6] loss: 1.2143 acc: 54.1667
[47,     7] loss: 1.0231 acc: 53.5714
[47,     8] loss: 1.3025 acc: 56.2500
[47,     9] loss: 1.0914 acc: 58.3333
[47,    10] loss: 0.7091 acc: 62.5000
[47,    11] loss: 1.3686 acc: 61.3636
[47,    12] loss: 0.7861 acc: 62.5000
[47,    13] loss: 1.2676 acc: 61.5385
[47,    14] loss: 0.8219 acc: 62.5000
[47,    15] loss: 1.7123 acc: 61.6667
[47,    16] loss: 1.0070 acc: 64.0625
[47,    17] loss: 0.7959 acc: 64.7059
[47,    18] loss: 1.1366 acc: 63.8889
[47,    19] loss: 0.7210 acc: 65.7895
[47,    20] loss: 1.5747 acc: 63.7500
[47,    21] loss: 1.2036 acc: 63.0952
[47,    22] loss: 0.8715 acc: 63.6364
[47,    23] loss: 0.9195 acc: 64.1304
[47,    24] loss: 1.1714 acc: 63.5417
[47,    25] loss: 1.2696 acc: 63.0000
[47,    26] loss: 1.1712 acc: 62.5000
[47,    27] loss: 1.0738 acc: 63.8889
[47,    28] loss: 1.1542 acc: 64.2857
[47,    29] loss: 1.1883 acc: 64.6552
[47,    30] loss: 1.4099 acc: 64.1667
[47,    31] loss: 1.2800 acc: 63.7097
[47,    32] loss: 1.5527 acc: 62.5000
[48,     1] loss: 0.7329 acc: 75.0000
[48,     2] loss: 0.8453 acc: 75.0000
[48,     3] loss: 1.1591 acc: 66.6667
[48,     4] loss: 1.0192 acc: 68.7500
[48,     5] loss: 0.9236 acc: 70.0000
[48,     6] loss: 0.9878 acc: 70.8333
[48,     7] loss: 0.9877 acc: 71.4286
[48,     8] loss: 1.3230 acc: 68.7500
[48,     9] loss: 0.9573 acc: 69.4444
[48,    10] loss: 0.7529 acc: 70.0000
[48,    11] loss: 0.8843 acc: 70.4545
[48,    12] loss: 0.8872 acc: 70.8333
[48,    13] loss: 0.9862 acc: 73.0769
[48,    14] loss: 0.7292 acc: 75.0000
[48,    15] loss: 0.9843 acc: 73.3333
[48,    16] loss: 0.8004 acc: 75.0000
[48,    17] loss: 0.7157 acc: 76.4706
[48,    18] loss: 2.1950 acc: 72.2222
[48,    19] loss: 1.2190 acc: 71.0526
[48,    20] loss: 1.2173 acc: 71.2500
[48,    21] loss: 1.3597 acc: 70.2381
[48,    22] loss: 1.6502 acc: 68.1818
[48,    23] loss: 0.7130 acc: 69.5652
[48,    24] loss: 0.8779 acc: 69.7917
[48,    25] loss: 0.7464 acc: 71.0000
[48,    26] loss: 1.1527 acc: 71.1538
[48,    27] loss: 1.0068 acc: 71.2963
[48,    28] loss: 1.0412 acc: 70.5357
[48,    29] loss: 1.1401 acc: 69.8276
[48,    30] loss: 2.1658 acc: 67.5000
[48,    31] loss: 1.3304 acc: 66.1290
[48,    32] loss: 0.7987 acc: 67.1875
[49,     1] loss: 1.0589 acc: 75.0000
[49,     2] loss: 1.4584 acc: 50.0000
[49,     3] loss: 0.7363 acc: 66.6667
[49,     4] loss: 1.3793 acc: 68.7500
[49,     5] loss: 1.1132 acc: 70.0000
[49,     6] loss: 1.3914 acc: 70.8333
[49,     7] loss: 1.3487 acc: 67.8571
[49,     8] loss: 1.4567 acc: 65.6250
[49,     9] loss: 0.7369 acc: 69.4444
[49,    10] loss: 2.2748 acc: 65.0000
[49,    11] loss: 0.9359 acc: 63.6364
[49,    12] loss: 0.8591 acc: 66.6667
[49,    13] loss: 1.5014 acc: 65.3846
[49,    14] loss: 0.9684 acc: 66.0714
[49,    15] loss: 1.0983 acc: 66.6667
[49,    16] loss: 1.5082 acc: 64.0625
[49,    17] loss: 1.2952 acc: 63.2353
[49,    18] loss: 1.0221 acc: 63.8889
[49,    19] loss: 1.2527 acc: 61.8421
[49,    20] loss: 0.9338 acc: 61.2500
[49,    21] loss: 0.6730 acc: 61.9048
[49,    22] loss: 1.4090 acc: 60.2273
[49,    23] loss: 0.8899 acc: 60.8696
[49,    24] loss: 1.3429 acc: 61.4583
[49,    25] loss: 1.5572 acc: 60.0000
[49,    26] loss: 1.7642 acc: 59.6154
[49,    27] loss: 1.1876 acc: 59.2593
[49,    28] loss: 0.9718 acc: 58.9286
[49,    29] loss: 1.1059 acc: 59.4828
[49,    30] loss: 1.0543 acc: 60.0000
[49,    31] loss: 1.2453 acc: 59.6774
[49,    32] loss: 0.9230 acc: 59.3750
[50,     1] loss: 1.1172 acc: 75.0000
[50,     2] loss: 0.9747 acc: 87.5000
[50,     3] loss: 0.7739 acc: 83.3333
[50,     4] loss: 1.0338 acc: 75.0000
[50,     5] loss: 1.6404 acc: 70.0000
[50,     6] loss: 1.6045 acc: 70.8333
[50,     7] loss: 0.9631 acc: 71.4286
[50,     8] loss: 1.9794 acc: 65.6250
[50,     9] loss: 0.8772 acc: 66.6667
[50,    10] loss: 1.6219 acc: 67.5000
[50,    11] loss: 0.8117 acc: 70.4545
[50,    12] loss: 1.2524 acc: 70.8333
[50,    13] loss: 1.4171 acc: 69.2308
[50,    14] loss: 1.5012 acc: 67.8571
[50,    15] loss: 1.0409 acc: 68.3333
[50,    16] loss: 1.4018 acc: 65.6250
[50,    17] loss: 1.1191 acc: 66.1765
[50,    18] loss: 0.7370 acc: 66.6667
[50,    19] loss: 0.8621 acc: 65.7895
[50,    20] loss: 1.0056 acc: 67.5000
[50,    21] loss: 0.8833 acc: 67.8571
[50,    22] loss: 1.1777 acc: 68.1818
[50,    23] loss: 0.7518 acc: 68.4783
[50,    24] loss: 1.7562 acc: 66.6667
[50,    25] loss: 1.2172 acc: 66.0000
[50,    26] loss: 1.3399 acc: 66.3462
[50,    27] loss: 0.9329 acc: 67.5926
[50,    28] loss: 1.0475 acc: 67.8571
[50,    29] loss: 0.8501 acc: 67.2414
[50,    30] loss: 0.8874 acc: 68.3333
[50,    31] loss: 1.1772 acc: 68.5484
[50,    32] loss: 0.9884 acc: 68.7500
[51,     1] loss: 0.6682 acc: 100.0000
[51,     2] loss: 0.7537 acc: 100.0000
[51,     3] loss: 1.0904 acc: 83.3333
[51,     4] loss: 1.1230 acc: 75.0000
[51,     5] loss: 0.7390 acc: 80.0000
[51,     6] loss: 0.9306 acc: 79.1667
[51,     7] loss: 0.8360 acc: 82.1429
[51,     8] loss: 0.6843 acc: 84.3750
[51,     9] loss: 1.0948 acc: 83.3333
[51,    10] loss: 1.4590 acc: 80.0000
[51,    11] loss: 0.7651 acc: 79.5455
[51,    12] loss: 0.8268 acc: 81.2500
[51,    13] loss: 1.4313 acc: 78.8462
[51,    14] loss: 1.5565 acc: 78.5714
[51,    15] loss: 0.8768 acc: 78.3333
[51,    16] loss: 1.9667 acc: 76.5625
[51,    17] loss: 0.9913 acc: 76.4706
[51,    18] loss: 1.2714 acc: 76.3889
[51,    19] loss: 0.6398 acc: 77.6316
[51,    20] loss: 0.9003 acc: 78.7500
[51,    21] loss: 1.1346 acc: 78.5714
[51,    22] loss: 0.7022 acc: 79.5455
[51,    23] loss: 2.0431 acc: 78.2609
[51,    24] loss: 2.1087 acc: 76.0417
[51,    25] loss: 1.1952 acc: 76.0000
[51,    26] loss: 1.0339 acc: 75.0000
[51,    27] loss: 0.7211 acc: 75.0000
[51,    28] loss: 0.7688 acc: 75.8929
[51,    29] loss: 0.7547 acc: 75.8621
[51,    30] loss: 1.1856 acc: 75.0000
[51,    31] loss: 0.9449 acc: 75.0000
[51,    32] loss: 1.2473 acc: 75.0000
[52,     1] loss: 0.9905 acc: 75.0000
[52,     2] loss: 1.3742 acc: 75.0000
[52,     3] loss: 1.0433 acc: 83.3333
[52,     4] loss: 1.1775 acc: 68.7500
[52,     5] loss: 0.9760 acc: 65.0000
[52,     6] loss: 1.4859 acc: 62.5000
[52,     7] loss: 1.4606 acc: 60.7143
[52,     8] loss: 1.1497 acc: 59.3750
[52,     9] loss: 0.9756 acc: 61.1111
[52,    10] loss: 0.9101 acc: 62.5000
[52,    11] loss: 0.8042 acc: 65.9091
[52,    12] loss: 1.0492 acc: 66.6667
[52,    13] loss: 0.6662 acc: 69.2308
[52,    14] loss: 0.9679 acc: 69.6429
[52,    15] loss: 1.5251 acc: 68.3333
[52,    16] loss: 0.8122 acc: 68.7500
[52,    17] loss: 0.6748 acc: 69.1176
[52,    18] loss: 1.1561 acc: 69.4444
[52,    19] loss: 1.1428 acc: 69.7368
[52,    20] loss: 0.7146 acc: 71.2500
[52,    21] loss: 2.1081 acc: 69.0476
[52,    22] loss: 1.1562 acc: 68.1818
[52,    23] loss: 0.6598 acc: 69.5652
[52,    24] loss: 0.6625 acc: 70.8333
[52,    25] loss: 1.3501 acc: 70.0000
[52,    26] loss: 1.4238 acc: 69.2308
[52,    27] loss: 0.7205 acc: 70.3704
[52,    28] loss: 0.7073 acc: 71.4286
[52,    29] loss: 1.0189 acc: 71.5517
[52,    30] loss: 1.0678 acc: 70.8333
[52,    31] loss: 0.9440 acc: 70.1613
[52,    32] loss: 0.6758 acc: 71.0938
[53,     1] loss: 1.6487 acc: 25.0000
[53,     2] loss: 1.3868 acc: 37.5000
[53,     3] loss: 1.0880 acc: 33.3333
[53,     4] loss: 1.0676 acc: 37.5000
[53,     5] loss: 1.1920 acc: 40.0000
[53,     6] loss: 0.8656 acc: 45.8333
[53,     7] loss: 1.0988 acc: 46.4286
[53,     8] loss: 1.1661 acc: 50.0000
[53,     9] loss: 0.6278 acc: 55.5556
[53,    10] loss: 1.1079 acc: 57.5000
[53,    11] loss: 0.7180 acc: 61.3636
[53,    12] loss: 0.7198 acc: 64.5833
[53,    13] loss: 1.1151 acc: 63.4615
[53,    14] loss: 0.9909 acc: 66.0714
[53,    15] loss: 0.7383 acc: 68.3333
[53,    16] loss: 1.1814 acc: 67.1875
[53,    17] loss: 0.8817 acc: 67.6471
[53,    18] loss: 1.0595 acc: 68.0556
[53,    19] loss: 0.9579 acc: 68.4211
[53,    20] loss: 0.8052 acc: 70.0000
[53,    21] loss: 1.3971 acc: 69.0476
[53,    22] loss: 1.2618 acc: 68.1818
[53,    23] loss: 0.5527 acc: 69.5652
[53,    24] loss: 1.5911 acc: 68.7500
[53,    25] loss: 1.1828 acc: 68.0000
[53,    26] loss: 1.6300 acc: 67.3077
[53,    27] loss: 1.6692 acc: 65.7407
[53,    28] loss: 1.1765 acc: 65.1786
[53,    29] loss: 0.9556 acc: 65.5172
[53,    30] loss: 0.7633 acc: 65.8333
[53,    31] loss: 0.6848 acc: 66.1290
[53,    32] loss: 1.2657 acc: 65.6250
[54,     1] loss: 0.9054 acc: 50.0000
[54,     2] loss: 0.9634 acc: 62.5000
[54,     3] loss: 0.8835 acc: 75.0000
[54,     4] loss: 1.0479 acc: 81.2500
[54,     5] loss: 0.6665 acc: 85.0000
[54,     6] loss: 1.5279 acc: 79.1667
[54,     7] loss: 0.9436 acc: 82.1429
[54,     8] loss: 1.6317 acc: 75.0000
[54,     9] loss: 0.7694 acc: 77.7778
[54,    10] loss: 0.7412 acc: 77.5000
[54,    11] loss: 1.2027 acc: 72.7273
[54,    12] loss: 1.1059 acc: 75.0000
[54,    13] loss: 0.6852 acc: 76.9231
[54,    14] loss: 0.9782 acc: 76.7857
[54,    15] loss: 1.6338 acc: 75.0000
[54,    16] loss: 0.7048 acc: 76.5625
[54,    17] loss: 2.5502 acc: 73.5294
[54,    18] loss: 1.6425 acc: 73.6111
[54,    19] loss: 1.3893 acc: 72.3684
[54,    20] loss: 0.6547 acc: 73.7500
[54,    21] loss: 1.0074 acc: 72.6190
[54,    22] loss: 1.6773 acc: 70.4545
[54,    23] loss: 1.2246 acc: 69.5652
[54,    24] loss: 1.3487 acc: 69.7917
[54,    25] loss: 1.3942 acc: 69.0000
[54,    26] loss: 0.8454 acc: 69.2308
[54,    27] loss: 1.0269 acc: 69.4444
[54,    28] loss: 1.3024 acc: 69.6429
[54,    29] loss: 1.0227 acc: 69.8276
[54,    30] loss: 1.1527 acc: 69.1667
[54,    31] loss: 1.0446 acc: 69.3548
[54,    32] loss: 1.3938 acc: 68.7500
[55,     1] loss: 1.3697 acc: 50.0000
[55,     2] loss: 1.7666 acc: 50.0000
[55,     3] loss: 0.6880 acc: 66.6667
[55,     4] loss: 0.8519 acc: 68.7500
[55,     5] loss: 0.6672 acc: 75.0000
[55,     6] loss: 1.1802 acc: 75.0000
[55,     7] loss: 1.1856 acc: 75.0000
[55,     8] loss: 1.1903 acc: 71.8750
[55,     9] loss: 1.3585 acc: 66.6667
[55,    10] loss: 1.0170 acc: 65.0000
[55,    11] loss: 0.7576 acc: 68.1818
[55,    12] loss: 0.9875 acc: 68.7500
[55,    13] loss: 1.5053 acc: 67.3077
[55,    14] loss: 1.4152 acc: 66.0714
[55,    15] loss: 0.8896 acc: 68.3333
[55,    16] loss: 1.0343 acc: 68.7500
[55,    17] loss: 0.7596 acc: 69.1176
[55,    18] loss: 1.5260 acc: 66.6667
[55,    19] loss: 0.9349 acc: 67.1053
[55,    20] loss: 1.3648 acc: 66.2500
[55,    21] loss: 1.5943 acc: 66.6667
[55,    22] loss: 0.8047 acc: 67.0455
[55,    23] loss: 1.1485 acc: 66.3043
[55,    24] loss: 1.0577 acc: 66.6667
[55,    25] loss: 1.0447 acc: 67.0000
[55,    26] loss: 0.8449 acc: 68.2692
[55,    27] loss: 1.3383 acc: 66.6667
[55,    28] loss: 1.1701 acc: 66.9643
[55,    29] loss: 1.4133 acc: 66.3793
[55,    30] loss: 1.0949 acc: 66.6667
[55,    31] loss: 0.8433 acc: 67.7419
[55,    32] loss: 1.2954 acc: 67.1875
[56,     1] loss: 1.1320 acc: 75.0000
[56,     2] loss: 1.0748 acc: 62.5000
[56,     3] loss: 0.7206 acc: 75.0000
[56,     4] loss: 0.7482 acc: 81.2500
[56,     5] loss: 0.9946 acc: 75.0000
[56,     6] loss: 0.8071 acc: 79.1667
[56,     7] loss: 0.6948 acc: 82.1429
[56,     8] loss: 0.7332 acc: 84.3750
[56,     9] loss: 1.1828 acc: 80.5556
[56,    10] loss: 0.9327 acc: 80.0000
[56,    11] loss: 0.8541 acc: 79.5455
[56,    12] loss: 0.7273 acc: 81.2500
[56,    13] loss: 2.1981 acc: 75.0000
[56,    14] loss: 1.4409 acc: 75.0000
[56,    15] loss: 0.6303 acc: 76.6667
[56,    16] loss: 0.9247 acc: 75.0000
[56,    17] loss: 2.0523 acc: 72.0588
[56,    18] loss: 1.6392 acc: 69.4444
[56,    19] loss: 1.1806 acc: 68.4211
[56,    20] loss: 1.2473 acc: 67.5000
[56,    21] loss: 1.1620 acc: 67.8571
[56,    22] loss: 0.6512 acc: 69.3182
[56,    23] loss: 0.8445 acc: 69.5652
[56,    24] loss: 1.5309 acc: 67.7083
[56,    25] loss: 1.0350 acc: 68.0000
[56,    26] loss: 0.7122 acc: 69.2308
[56,    27] loss: 0.7875 acc: 69.4444
[56,    28] loss: 0.7408 acc: 70.5357
[56,    29] loss: 1.0278 acc: 69.8276
[56,    30] loss: 1.0359 acc: 70.0000
[56,    31] loss: 1.0339 acc: 69.3548
[56,    32] loss: 1.5441 acc: 68.7500
[57,     1] loss: 1.0903 acc: 75.0000
[57,     2] loss: 0.8201 acc: 75.0000
[57,     3] loss: 2.5225 acc: 50.0000
[57,     4] loss: 2.1037 acc: 43.7500
[57,     5] loss: 0.8257 acc: 50.0000
[57,     6] loss: 1.1455 acc: 54.1667
[57,     7] loss: 1.3584 acc: 57.1429
[57,     8] loss: 2.4096 acc: 53.1250
[57,     9] loss: 1.2015 acc: 52.7778
[57,    10] loss: 0.8925 acc: 57.5000
[57,    11] loss: 0.7302 acc: 61.3636
[57,    12] loss: 0.6562 acc: 64.5833
[57,    13] loss: 1.5086 acc: 63.4615
[57,    14] loss: 1.3490 acc: 62.5000
[57,    15] loss: 1.3580 acc: 60.0000
[57,    16] loss: 1.3489 acc: 57.8125
[57,    17] loss: 1.2631 acc: 57.3529
[57,    18] loss: 1.4330 acc: 58.3333
[57,    19] loss: 1.1877 acc: 56.5789
[57,    20] loss: 1.7068 acc: 56.2500
[57,    21] loss: 0.9296 acc: 57.1429
[57,    22] loss: 0.6443 acc: 59.0909
[57,    23] loss: 1.0037 acc: 59.7826
[57,    24] loss: 1.0537 acc: 60.4167
[57,    25] loss: 1.9071 acc: 59.0000
[57,    26] loss: 0.6712 acc: 60.5769
[57,    27] loss: 1.2197 acc: 60.1852
[57,    28] loss: 0.7830 acc: 60.7143
[57,    29] loss: 0.8615 acc: 62.0690
[57,    30] loss: 1.0684 acc: 62.5000
[57,    31] loss: 0.9163 acc: 62.9032
[57,    32] loss: 0.9712 acc: 63.2812
[58,     1] loss: 0.6723 acc: 100.0000
[58,     2] loss: 0.7712 acc: 87.5000
[58,     3] loss: 0.9142 acc: 83.3333
[58,     4] loss: 1.3716 acc: 68.7500
[58,     5] loss: 0.9664 acc: 75.0000
[58,     6] loss: 1.0943 acc: 75.0000
[58,     7] loss: 0.9858 acc: 75.0000
[58,     8] loss: 0.7868 acc: 75.0000
[58,     9] loss: 1.0285 acc: 72.2222
[58,    10] loss: 1.2006 acc: 72.5000
[58,    11] loss: 1.1998 acc: 70.4545
[58,    12] loss: 0.9014 acc: 72.9167
[58,    13] loss: 1.4828 acc: 71.1538
[58,    14] loss: 1.3682 acc: 66.0714
[58,    15] loss: 0.7214 acc: 68.3333
[58,    16] loss: 0.7192 acc: 70.3125
[58,    17] loss: 1.0344 acc: 70.5882
[58,    18] loss: 1.9231 acc: 66.6667
[58,    19] loss: 0.6236 acc: 68.4211
[58,    20] loss: 0.6690 acc: 70.0000
[58,    21] loss: 1.1806 acc: 70.2381
[58,    22] loss: 0.7864 acc: 71.5909
[58,    23] loss: 0.8964 acc: 71.7391
[58,    24] loss: 0.8349 acc: 71.8750
[58,    25] loss: 0.8190 acc: 71.0000
[58,    26] loss: 0.6371 acc: 72.1154
[58,    27] loss: 1.4585 acc: 71.2963
[58,    28] loss: 0.6686 acc: 72.3214
[58,    29] loss: 1.1696 acc: 70.6897
[58,    30] loss: 2.5836 acc: 69.1667
[58,    31] loss: 1.1764 acc: 69.3548
[58,    32] loss: 0.7515 acc: 69.5312
[59,     1] loss: 1.6432 acc: 50.0000
[59,     2] loss: 1.5373 acc: 62.5000
[59,     3] loss: 1.4344 acc: 58.3333
[59,     4] loss: 1.1882 acc: 56.2500
[59,     5] loss: 0.7349 acc: 65.0000
[59,     6] loss: 1.3503 acc: 62.5000
[59,     7] loss: 1.4355 acc: 60.7143
[59,     8] loss: 0.8484 acc: 59.3750
[59,     9] loss: 0.8983 acc: 58.3333
[59,    10] loss: 1.3319 acc: 55.0000
[59,    11] loss: 1.0713 acc: 56.8182
[59,    12] loss: 0.7617 acc: 58.3333
[59,    13] loss: 0.9479 acc: 59.6154
[59,    14] loss: 0.9327 acc: 60.7143
[59,    15] loss: 0.9746 acc: 61.6667
[59,    16] loss: 1.1988 acc: 62.5000
[59,    17] loss: 0.7615 acc: 61.7647
[59,    18] loss: 0.7728 acc: 63.8889
[59,    19] loss: 0.7351 acc: 65.7895
[59,    20] loss: 0.8013 acc: 66.2500
[59,    21] loss: 0.8795 acc: 65.4762
[59,    22] loss: 1.2569 acc: 64.7727
[59,    23] loss: 1.1705 acc: 65.2174
[59,    24] loss: 0.7431 acc: 66.6667
[59,    25] loss: 1.4923 acc: 67.0000
[59,    26] loss: 0.7136 acc: 68.2692
[59,    27] loss: 0.6261 acc: 69.4444
[59,    28] loss: 1.0060 acc: 69.6429
[59,    29] loss: 1.3114 acc: 68.9655
[59,    30] loss: 0.6031 acc: 70.0000
[59,    31] loss: 1.2191 acc: 69.3548
[59,    32] loss: 1.2783 acc: 67.9688
[60,     1] loss: 0.7215 acc: 75.0000
[60,     2] loss: 0.9920 acc: 87.5000
[60,     3] loss: 1.3821 acc: 75.0000
[60,     4] loss: 1.5271 acc: 75.0000
[60,     5] loss: 0.8461 acc: 80.0000
[60,     6] loss: 0.5892 acc: 83.3333
[60,     7] loss: 0.7996 acc: 82.1429
[60,     8] loss: 0.6911 acc: 84.3750
[60,     9] loss: 0.9169 acc: 80.5556
[60,    10] loss: 1.0179 acc: 80.0000
[60,    11] loss: 1.2986 acc: 77.2727
[60,    12] loss: 0.9128 acc: 79.1667
[60,    13] loss: 1.7390 acc: 76.9231
[60,    14] loss: 0.8236 acc: 78.5714
[60,    15] loss: 1.0617 acc: 76.6667
[60,    16] loss: 1.1442 acc: 75.0000
[60,    17] loss: 0.8034 acc: 75.0000
[60,    18] loss: 1.1770 acc: 73.6111
[60,    19] loss: 1.4974 acc: 72.3684
[60,    20] loss: 0.8929 acc: 72.5000
[60,    21] loss: 0.5485 acc: 73.8095
[60,    22] loss: 0.8844 acc: 72.7273
[60,    23] loss: 2.3831 acc: 71.7391
[60,    24] loss: 0.7907 acc: 71.8750
[60,    25] loss: 0.7321 acc: 73.0000
[60,    26] loss: 1.0419 acc: 73.0769
[60,    27] loss: 1.5059 acc: 72.2222
[60,    28] loss: 1.3046 acc: 72.3214
[60,    29] loss: 0.7427 acc: 73.2759
[60,    30] loss: 1.2353 acc: 73.3333
[60,    31] loss: 0.6346 acc: 74.1935
[60,    32] loss: 0.9234 acc: 74.2188
[61,     1] loss: 0.6203 acc: 75.0000
[61,     2] loss: 1.3421 acc: 62.5000
[61,     3] loss: 1.9554 acc: 58.3333
[61,     4] loss: 0.7944 acc: 62.5000
[61,     5] loss: 1.1003 acc: 60.0000
[61,     6] loss: 1.1908 acc: 62.5000
[61,     7] loss: 0.8445 acc: 64.2857
[61,     8] loss: 1.4517 acc: 62.5000
[61,     9] loss: 0.8499 acc: 63.8889
[61,    10] loss: 0.9618 acc: 65.0000
[61,    11] loss: 1.2608 acc: 63.6364
[61,    12] loss: 0.5814 acc: 66.6667
[61,    13] loss: 1.2375 acc: 65.3846
[61,    14] loss: 1.3440 acc: 64.2857
[61,    15] loss: 0.9002 acc: 65.0000
[61,    16] loss: 1.4053 acc: 65.6250
[61,    17] loss: 0.8460 acc: 64.7059
[61,    18] loss: 1.1309 acc: 65.2778
[61,    19] loss: 0.6378 acc: 67.1053
[61,    20] loss: 0.6676 acc: 68.7500
[61,    21] loss: 0.8844 acc: 69.0476
[61,    22] loss: 1.1372 acc: 69.3182
[61,    23] loss: 1.3647 acc: 68.4783
[61,    24] loss: 1.5604 acc: 67.7083
[61,    25] loss: 1.9174 acc: 67.0000
[61,    26] loss: 1.5759 acc: 65.3846
[61,    27] loss: 0.7657 acc: 66.6667
[61,    28] loss: 1.3197 acc: 66.9643
[61,    29] loss: 1.1867 acc: 66.3793
[61,    30] loss: 1.1789 acc: 66.6667
[61,    31] loss: 0.7271 acc: 66.9355
[61,    32] loss: 1.4648 acc: 67.1875
[62,     1] loss: 0.5604 acc: 100.0000
[62,     2] loss: 1.1966 acc: 87.5000
[62,     3] loss: 0.9535 acc: 75.0000
[62,     4] loss: 0.8675 acc: 68.7500
[62,     5] loss: 0.5636 acc: 75.0000
[62,     6] loss: 0.8141 acc: 79.1667
[62,     7] loss: 1.1935 acc: 78.5714
[62,     8] loss: 1.0812 acc: 75.0000
[62,     9] loss: 1.1185 acc: 75.0000
[62,    10] loss: 0.5752 acc: 77.5000
[62,    11] loss: 1.0769 acc: 75.0000
[62,    12] loss: 0.8071 acc: 77.0833
[62,    13] loss: 0.8130 acc: 76.9231
[62,    14] loss: 1.3337 acc: 75.0000
[62,    15] loss: 1.3800 acc: 75.0000
[62,    16] loss: 0.8320 acc: 75.0000
[62,    17] loss: 1.3170 acc: 75.0000
[62,    18] loss: 0.8995 acc: 76.3889
[62,    19] loss: 1.0891 acc: 76.3158
[62,    20] loss: 0.8879 acc: 75.0000
[62,    21] loss: 1.2839 acc: 75.0000
[62,    22] loss: 1.6770 acc: 75.0000
[62,    23] loss: 1.9247 acc: 73.9130
[62,    24] loss: 1.1512 acc: 72.9167
[62,    25] loss: 1.0819 acc: 72.0000
[62,    26] loss: 0.9847 acc: 71.1538
[62,    27] loss: 1.5693 acc: 71.2963
[62,    28] loss: 0.5781 acc: 72.3214
[62,    29] loss: 1.3038 acc: 71.5517
[62,    30] loss: 0.9061 acc: 71.6667
[62,    31] loss: 2.0614 acc: 70.1613
[62,    32] loss: 0.8394 acc: 70.3125
[63,     1] loss: 0.7083 acc: 75.0000
[63,     2] loss: 0.9218 acc: 75.0000
[63,     3] loss: 0.9001 acc: 75.0000
[63,     4] loss: 0.5527 acc: 81.2500
[63,     5] loss: 1.0573 acc: 80.0000
[63,     6] loss: 0.6500 acc: 79.1667
[63,     7] loss: 1.1976 acc: 78.5714
[63,     8] loss: 0.6983 acc: 78.1250
[63,     9] loss: 0.9530 acc: 80.5556
[63,    10] loss: 1.0252 acc: 77.5000
[63,    11] loss: 1.7383 acc: 72.7273
[63,    12] loss: 0.8077 acc: 75.0000
[63,    13] loss: 1.7225 acc: 73.0769
[63,    14] loss: 1.0583 acc: 69.6429
[63,    15] loss: 1.0008 acc: 71.6667
[63,    16] loss: 0.7616 acc: 73.4375
[63,    17] loss: 1.0357 acc: 73.5294
[63,    18] loss: 0.9550 acc: 72.2222
[63,    19] loss: 0.6038 acc: 73.6842
[63,    20] loss: 0.6278 acc: 75.0000
[63,    21] loss: 0.7550 acc: 75.0000
[63,    22] loss: 0.9359 acc: 73.8636
[63,    23] loss: 0.8401 acc: 73.9130
[63,    24] loss: 1.9545 acc: 71.8750
[63,    25] loss: 2.0939 acc: 70.0000
[63,    26] loss: 0.6938 acc: 70.1923
[63,    27] loss: 0.6661 acc: 71.2963
[63,    28] loss: 0.9623 acc: 71.4286
[63,    29] loss: 0.6232 acc: 72.4138
[63,    30] loss: 0.9252 acc: 72.5000
[63,    31] loss: 1.0375 acc: 72.5806
[63,    32] loss: 1.0008 acc: 72.6562
[64,     1] loss: 0.9052 acc: 50.0000
[64,     2] loss: 1.0645 acc: 62.5000
[64,     3] loss: 0.6745 acc: 75.0000
[64,     4] loss: 0.7276 acc: 81.2500
[64,     5] loss: 1.0244 acc: 75.0000
[64,     6] loss: 1.1260 acc: 75.0000
[64,     7] loss: 0.9825 acc: 75.0000
[64,     8] loss: 1.2120 acc: 71.8750
[64,     9] loss: 0.8291 acc: 72.2222
[64,    10] loss: 0.6262 acc: 75.0000
[64,    11] loss: 0.5476 acc: 77.2727
[64,    12] loss: 1.3817 acc: 75.0000
[64,    13] loss: 0.6606 acc: 76.9231
[64,    14] loss: 0.5374 acc: 78.5714
[64,    15] loss: 1.1395 acc: 76.6667
[64,    16] loss: 0.8938 acc: 75.0000
[64,    17] loss: 0.6916 acc: 75.0000
[64,    18] loss: 1.3361 acc: 73.6111
[64,    19] loss: 0.8122 acc: 75.0000
[64,    20] loss: 0.8763 acc: 76.2500
[64,    21] loss: 0.7649 acc: 76.1905
[64,    22] loss: 0.5788 acc: 77.2727
[64,    23] loss: 0.5248 acc: 78.2609
[64,    24] loss: 1.2249 acc: 78.1250
[64,    25] loss: 0.8315 acc: 79.0000
[64,    26] loss: 1.4480 acc: 77.8846
[64,    27] loss: 0.8427 acc: 77.7778
[64,    28] loss: 1.0292 acc: 76.7857
[64,    29] loss: 1.0106 acc: 76.7241
[64,    30] loss: 0.7556 acc: 77.5000
[64,    31] loss: 0.5327 acc: 78.2258
[64,    32] loss: 1.1759 acc: 77.3438
[65,     1] loss: 0.5925 acc: 100.0000
[65,     2] loss: 1.2241 acc: 62.5000
[65,     3] loss: 0.7960 acc: 75.0000
[65,     4] loss: 2.1616 acc: 62.5000
[65,     5] loss: 0.8267 acc: 65.0000
[65,     6] loss: 1.5667 acc: 62.5000
[65,     7] loss: 1.8508 acc: 57.1429
[65,     8] loss: 0.8022 acc: 59.3750
[65,     9] loss: 0.7210 acc: 61.1111
[65,    10] loss: 0.7872 acc: 62.5000
[65,    11] loss: 0.9159 acc: 63.6364
[65,    12] loss: 0.5982 acc: 66.6667
[65,    13] loss: 1.0921 acc: 65.3846
[65,    14] loss: 1.3085 acc: 64.2857
[65,    15] loss: 1.0732 acc: 65.0000
[65,    16] loss: 0.7946 acc: 65.6250
[65,    17] loss: 1.0708 acc: 67.6471
[65,    18] loss: 1.3604 acc: 66.6667
[65,    19] loss: 0.8074 acc: 67.1053
[65,    20] loss: 1.1750 acc: 66.2500
[65,    21] loss: 0.5926 acc: 67.8571
[65,    22] loss: 1.6195 acc: 67.0455
[65,    23] loss: 0.9110 acc: 67.3913
[65,    24] loss: 0.7219 acc: 68.7500
[65,    25] loss: 1.1942 acc: 68.0000
[65,    26] loss: 1.4991 acc: 68.2692
[65,    27] loss: 1.2066 acc: 67.5926
[65,    28] loss: 1.7693 acc: 67.8571
[65,    29] loss: 1.2625 acc: 68.1034
[65,    30] loss: 0.6402 acc: 69.1667
[65,    31] loss: 1.0573 acc: 68.5484
[65,    32] loss: 0.6904 acc: 69.5312
[66,     1] loss: 1.2377 acc: 75.0000
[66,     2] loss: 0.8525 acc: 75.0000
[66,     3] loss: 0.6106 acc: 75.0000
[66,     4] loss: 0.8494 acc: 81.2500
[66,     5] loss: 1.2694 acc: 80.0000
[66,     6] loss: 1.0243 acc: 75.0000
[66,     7] loss: 0.8064 acc: 75.0000
[66,     8] loss: 0.8922 acc: 71.8750
[66,     9] loss: 1.2323 acc: 72.2222
[66,    10] loss: 1.0046 acc: 72.5000
[66,    11] loss: 1.0830 acc: 70.4545
[66,    12] loss: 1.2477 acc: 68.7500
[66,    13] loss: 0.9583 acc: 71.1538
[66,    14] loss: 1.0156 acc: 71.4286
[66,    15] loss: 0.5695 acc: 73.3333
[66,    16] loss: 0.8544 acc: 73.4375
[66,    17] loss: 0.6244 acc: 75.0000
[66,    18] loss: 1.3938 acc: 75.0000
[66,    19] loss: 1.1485 acc: 75.0000
[66,    20] loss: 0.8090 acc: 76.2500
[66,    21] loss: 0.7600 acc: 76.1905
[66,    22] loss: 0.7390 acc: 76.1364
[66,    23] loss: 1.3720 acc: 75.0000
[66,    24] loss: 2.5196 acc: 73.9583
[66,    25] loss: 0.7338 acc: 74.0000
[66,    26] loss: 0.6785 acc: 74.0385
[66,    27] loss: 1.1253 acc: 73.1481
[66,    28] loss: 0.8878 acc: 73.2143
[66,    29] loss: 0.8892 acc: 73.2759
[66,    30] loss: 1.1138 acc: 73.3333
[66,    31] loss: 0.5748 acc: 74.1935
[66,    32] loss: 0.5330 acc: 75.0000
[67,     1] loss: 1.1337 acc: 50.0000
[67,     2] loss: 1.0648 acc: 62.5000
[67,     3] loss: 0.7755 acc: 75.0000
[67,     4] loss: 0.6334 acc: 81.2500
[67,     5] loss: 1.1471 acc: 80.0000
[67,     6] loss: 1.0790 acc: 75.0000
[67,     7] loss: 0.6942 acc: 75.0000
[67,     8] loss: 1.9288 acc: 71.8750
[67,     9] loss: 1.0319 acc: 72.2222
[67,    10] loss: 0.8741 acc: 72.5000
[67,    11] loss: 0.8706 acc: 75.0000
[67,    12] loss: 0.8218 acc: 75.0000
[67,    13] loss: 0.5121 acc: 76.9231
[67,    14] loss: 1.2061 acc: 75.0000
[67,    15] loss: 0.5730 acc: 76.6667
[67,    16] loss: 1.0953 acc: 76.5625
[67,    17] loss: 0.7673 acc: 76.4706
[67,    18] loss: 0.8452 acc: 76.3889
[67,    19] loss: 0.5937 acc: 77.6316
[67,    20] loss: 0.9150 acc: 77.5000
[67,    21] loss: 0.5643 acc: 78.5714
[67,    22] loss: 0.8948 acc: 78.4091
[67,    23] loss: 0.6160 acc: 79.3478
[67,    24] loss: 1.2644 acc: 78.1250
[67,    25] loss: 0.5776 acc: 79.0000
[67,    26] loss: 1.6740 acc: 78.8462
[67,    27] loss: 1.6934 acc: 76.8519
[67,    28] loss: 0.7118 acc: 76.7857
[67,    29] loss: 1.7570 acc: 75.8621
[67,    30] loss: 0.7521 acc: 76.6667
[67,    31] loss: 1.2546 acc: 76.6129
[67,    32] loss: 1.3303 acc: 76.5625
[68,     1] loss: 0.5951 acc: 100.0000
[68,     2] loss: 1.0404 acc: 75.0000
[68,     3] loss: 0.8422 acc: 75.0000
[68,     4] loss: 1.5678 acc: 75.0000
[68,     5] loss: 0.6395 acc: 80.0000
[68,     6] loss: 1.1393 acc: 75.0000
[68,     7] loss: 1.1167 acc: 71.4286
[68,     8] loss: 0.7146 acc: 71.8750
[68,     9] loss: 0.8339 acc: 72.2222
[68,    10] loss: 0.6709 acc: 72.5000
[68,    11] loss: 0.5476 acc: 75.0000
[68,    12] loss: 1.3119 acc: 75.0000
[68,    13] loss: 0.8648 acc: 75.0000
[68,    14] loss: 1.7226 acc: 73.2143
[68,    15] loss: 0.9675 acc: 73.3333
[68,    16] loss: 0.6406 acc: 75.0000
[68,    17] loss: 1.1793 acc: 75.0000
[68,    18] loss: 1.8483 acc: 73.6111
[68,    19] loss: 0.5864 acc: 75.0000
[68,    20] loss: 0.9530 acc: 75.0000
[68,    21] loss: 0.9766 acc: 75.0000
[68,    22] loss: 0.5590 acc: 76.1364
[68,    23] loss: 0.6449 acc: 76.0870
[68,    24] loss: 0.5354 acc: 77.0833
[68,    25] loss: 0.9394 acc: 77.0000
[68,    26] loss: 1.1206 acc: 76.9231
[68,    27] loss: 1.4348 acc: 75.9259
[68,    28] loss: 1.1834 acc: 75.0000
[68,    29] loss: 1.6612 acc: 73.2759
[68,    30] loss: 1.4367 acc: 72.5000
[68,    31] loss: 1.2403 acc: 71.7742
[68,    32] loss: 0.4879 acc: 72.6562
[69,     1] loss: 0.7841 acc: 75.0000
[69,     2] loss: 2.0980 acc: 62.5000
[69,     3] loss: 0.9356 acc: 58.3333
[69,     4] loss: 1.0622 acc: 56.2500
[69,     5] loss: 1.0310 acc: 65.0000
[69,     6] loss: 1.1367 acc: 62.5000
[69,     7] loss: 0.7096 acc: 67.8571
[69,     8] loss: 0.7702 acc: 71.8750
[69,     9] loss: 0.6500 acc: 75.0000
[69,    10] loss: 0.7212 acc: 77.5000
[69,    11] loss: 0.5669 acc: 77.2727
[69,    12] loss: 1.3266 acc: 75.0000
[69,    13] loss: 1.1637 acc: 73.0769
[69,    14] loss: 1.5219 acc: 73.2143
[69,    15] loss: 1.1685 acc: 73.3333
[69,    16] loss: 0.4775 acc: 75.0000
[69,    17] loss: 1.0662 acc: 73.5294
[69,    18] loss: 1.6997 acc: 70.8333
[69,    19] loss: 1.4530 acc: 68.4211
[69,    20] loss: 0.6313 acc: 68.7500
[69,    21] loss: 1.0068 acc: 67.8571
[69,    22] loss: 0.6722 acc: 69.3182
[69,    23] loss: 0.5979 acc: 70.6522
[69,    24] loss: 0.7813 acc: 70.8333
[69,    25] loss: 0.9193 acc: 70.0000
[69,    26] loss: 1.0226 acc: 69.2308
[69,    27] loss: 0.4696 acc: 70.3704
[69,    28] loss: 1.5318 acc: 69.6429
[69,    29] loss: 0.7505 acc: 69.8276
[69,    30] loss: 0.6298 acc: 70.8333
[69,    31] loss: 0.8045 acc: 70.9677
[69,    32] loss: 1.4367 acc: 69.5312
[70,     1] loss: 0.5846 acc: 100.0000
[70,     2] loss: 0.8315 acc: 100.0000
[70,     3] loss: 0.7258 acc: 100.0000
[70,     4] loss: 0.5563 acc: 100.0000
[70,     5] loss: 1.3000 acc: 90.0000
[70,     6] loss: 0.7843 acc: 91.6667
[70,     7] loss: 0.6568 acc: 89.2857
[70,     8] loss: 0.5044 acc: 87.5000
[70,     9] loss: 0.9862 acc: 83.3333
[70,    10] loss: 1.8798 acc: 77.5000
[70,    11] loss: 1.1465 acc: 75.0000
[70,    12] loss: 1.5830 acc: 70.8333
[70,    13] loss: 0.9961 acc: 73.0769
[70,    14] loss: 1.8272 acc: 71.4286
[70,    15] loss: 1.0784 acc: 71.6667
[70,    16] loss: 0.6999 acc: 71.8750
[70,    17] loss: 1.3819 acc: 70.5882
[70,    18] loss: 1.1152 acc: 69.4444
[70,    19] loss: 1.0060 acc: 69.7368
[70,    20] loss: 1.0473 acc: 68.7500
[70,    21] loss: 1.2248 acc: 67.8571
[70,    22] loss: 0.7476 acc: 69.3182
[70,    23] loss: 0.8067 acc: 69.5652
[70,    24] loss: 1.0271 acc: 69.7917
[70,    25] loss: 0.7741 acc: 71.0000
[70,    26] loss: 1.7571 acc: 71.1538
[70,    27] loss: 0.5751 acc: 72.2222
[70,    28] loss: 1.0484 acc: 72.3214
[70,    29] loss: 0.7078 acc: 73.2759
[70,    30] loss: 1.1804 acc: 71.6667
[70,    31] loss: 0.7650 acc: 72.5806
[70,    32] loss: 1.5405 acc: 71.8750
[71,     1] loss: 1.0535 acc: 75.0000
[71,     2] loss: 1.3473 acc: 75.0000
[71,     3] loss: 1.3080 acc: 58.3333
[71,     4] loss: 1.5469 acc: 56.2500
[71,     5] loss: 1.1738 acc: 60.0000
[71,     6] loss: 0.6476 acc: 62.5000
[71,     7] loss: 0.7095 acc: 64.2857
[71,     8] loss: 0.6917 acc: 65.6250
[71,     9] loss: 0.7165 acc: 66.6667
[71,    10] loss: 0.8979 acc: 70.0000
[71,    11] loss: 1.4166 acc: 68.1818
[71,    12] loss: 0.9110 acc: 70.8333
[71,    13] loss: 0.9358 acc: 73.0769
[71,    14] loss: 0.9593 acc: 73.2143
[71,    15] loss: 1.4843 acc: 70.0000
[71,    16] loss: 0.8132 acc: 71.8750
[71,    17] loss: 1.1726 acc: 70.5882
[71,    18] loss: 0.9795 acc: 70.8333
[71,    19] loss: 1.1523 acc: 69.7368
[71,    20] loss: 0.7403 acc: 70.0000
[71,    21] loss: 1.3053 acc: 69.0476
[71,    22] loss: 0.7515 acc: 69.3182
[71,    23] loss: 0.7671 acc: 69.5652
[71,    24] loss: 1.0964 acc: 69.7917
[71,    25] loss: 0.9878 acc: 70.0000
[71,    26] loss: 0.5504 acc: 70.1923
[71,    27] loss: 1.4854 acc: 68.5185
[71,    28] loss: 0.8649 acc: 68.7500
[71,    29] loss: 1.0518 acc: 68.1034
[71,    30] loss: 1.0940 acc: 68.3333
[71,    31] loss: 2.1177 acc: 67.7419
[71,    32] loss: 0.7742 acc: 67.9688
[72,     1] loss: 1.6117 acc: 75.0000
[72,     2] loss: 0.8255 acc: 75.0000
[72,     3] loss: 1.3566 acc: 66.6667
[72,     4] loss: 1.9864 acc: 56.2500
[72,     5] loss: 0.5792 acc: 65.0000
[72,     6] loss: 0.7452 acc: 70.8333
[72,     7] loss: 0.8861 acc: 71.4286
[72,     8] loss: 1.2181 acc: 71.8750
[72,     9] loss: 0.7881 acc: 72.2222
[72,    10] loss: 0.5535 acc: 75.0000
[72,    11] loss: 1.0899 acc: 72.7273
[72,    12] loss: 0.6009 acc: 72.9167
[72,    13] loss: 0.8655 acc: 75.0000
[72,    14] loss: 0.5618 acc: 76.7857
[72,    15] loss: 1.0430 acc: 76.6667
[72,    16] loss: 0.7423 acc: 76.5625
[72,    17] loss: 0.5866 acc: 77.9412
[72,    18] loss: 0.5702 acc: 79.1667
[72,    19] loss: 1.7002 acc: 76.3158
[72,    20] loss: 1.3522 acc: 76.2500
[72,    21] loss: 0.8651 acc: 76.1905
[72,    22] loss: 1.0922 acc: 75.0000
[72,    23] loss: 0.5892 acc: 76.0870
[72,    24] loss: 1.2558 acc: 76.0417
[72,    25] loss: 1.3242 acc: 74.0000
[72,    26] loss: 1.7783 acc: 74.0385
[72,    27] loss: 1.0859 acc: 73.1481
[72,    28] loss: 0.8670 acc: 73.2143
[72,    29] loss: 0.8728 acc: 73.2759
[72,    30] loss: 1.8319 acc: 72.5000
[72,    31] loss: 1.3994 acc: 72.5806
[72,    32] loss: 0.9378 acc: 72.6562
[73,     1] loss: 0.5603 acc: 100.0000
[73,     2] loss: 2.0181 acc: 62.5000
[73,     3] loss: 0.5464 acc: 75.0000
[73,     4] loss: 1.9672 acc: 68.7500
[73,     5] loss: 2.1211 acc: 60.0000
[73,     6] loss: 2.1327 acc: 54.1667
[73,     7] loss: 2.1063 acc: 50.0000
[73,     8] loss: 0.7831 acc: 53.1250
[73,     9] loss: 0.9540 acc: 55.5556
[73,    10] loss: 1.6135 acc: 50.0000
[73,    11] loss: 0.6958 acc: 52.2727
[73,    12] loss: 0.9610 acc: 56.2500
[73,    13] loss: 2.4653 acc: 53.8462
[73,    14] loss: 0.6431 acc: 57.1429
[73,    15] loss: 0.6393 acc: 60.0000
[73,    16] loss: 0.5223 acc: 62.5000
[73,    17] loss: 2.2456 acc: 60.2941
[73,    18] loss: 1.5783 acc: 58.3333
[73,    19] loss: 0.9637 acc: 59.2105
[73,    20] loss: 2.2962 acc: 57.5000
[73,    21] loss: 0.6450 acc: 59.5238
[73,    22] loss: 1.1410 acc: 59.0909
[73,    23] loss: 1.9047 acc: 58.6957
[73,    24] loss: 1.8825 acc: 59.3750
[73,    25] loss: 1.1628 acc: 59.0000
[73,    26] loss: 0.8972 acc: 59.6154
[73,    27] loss: 0.7174 acc: 61.1111
[73,    28] loss: 1.2153 acc: 60.7143
[73,    29] loss: 0.4592 acc: 62.0690
[73,    30] loss: 0.5205 acc: 63.3333
[73,    31] loss: 0.6349 acc: 63.7097
[73,    32] loss: 1.2686 acc: 64.0625
[74,     1] loss: 0.7141 acc: 100.0000
[74,     2] loss: 0.7715 acc: 87.5000
[74,     3] loss: 0.8758 acc: 75.0000
[74,     4] loss: 0.7460 acc: 75.0000
[74,     5] loss: 0.8451 acc: 75.0000
[74,     6] loss: 0.6001 acc: 79.1667
[74,     7] loss: 0.7391 acc: 78.5714
[74,     8] loss: 1.0460 acc: 71.8750
[74,     9] loss: 1.5185 acc: 66.6667
[74,    10] loss: 1.4494 acc: 67.5000
[74,    11] loss: 2.0506 acc: 63.6364
[74,    12] loss: 1.0302 acc: 64.5833
[74,    13] loss: 1.3746 acc: 65.3846
[74,    14] loss: 0.9658 acc: 66.0714
[74,    15] loss: 1.3606 acc: 66.6667
[74,    16] loss: 1.4219 acc: 67.1875
[74,    17] loss: 1.2609 acc: 67.6471
[74,    18] loss: 1.4550 acc: 63.8889
[74,    19] loss: 1.2486 acc: 63.1579
[74,    20] loss: 0.7531 acc: 63.7500
[74,    21] loss: 0.8917 acc: 63.0952
[74,    22] loss: 0.9897 acc: 63.6364
[74,    23] loss: 2.1058 acc: 61.9565
[74,    24] loss: 1.1857 acc: 62.5000
[74,    25] loss: 0.8283 acc: 63.0000
[74,    26] loss: 0.7448 acc: 63.4615
[74,    27] loss: 1.0170 acc: 62.9630
[74,    28] loss: 1.5778 acc: 61.6071
[74,    29] loss: 1.3005 acc: 62.0690
[74,    30] loss: 1.4806 acc: 61.6667
[74,    31] loss: 1.7160 acc: 61.2903
[74,    32] loss: 1.2109 acc: 61.7188
[75,     1] loss: 0.9027 acc: 75.0000
[75,     2] loss: 0.9939 acc: 75.0000
[75,     3] loss: 1.2323 acc: 66.6667
[75,     4] loss: 1.2000 acc: 62.5000
[75,     5] loss: 1.5225 acc: 65.0000
[75,     6] loss: 1.2869 acc: 62.5000
[75,     7] loss: 1.7025 acc: 64.2857
[75,     8] loss: 1.9830 acc: 59.3750
[75,     9] loss: 0.9376 acc: 61.1111
[75,    10] loss: 0.7645 acc: 65.0000
[75,    11] loss: 1.7258 acc: 65.9091
[75,    12] loss: 1.7520 acc: 62.5000
[75,    13] loss: 0.7346 acc: 65.3846
[75,    14] loss: 0.5808 acc: 67.8571
[75,    15] loss: 0.6658 acc: 70.0000
[75,    16] loss: 0.8862 acc: 68.7500
[75,    17] loss: 0.9483 acc: 69.1176
[75,    18] loss: 1.0724 acc: 69.4444
[75,    19] loss: 1.5753 acc: 68.4211
[75,    20] loss: 0.9744 acc: 68.7500
[75,    21] loss: 0.7569 acc: 69.0476
[75,    22] loss: 0.6356 acc: 70.4545
[75,    23] loss: 1.1072 acc: 70.6522
[75,    24] loss: 0.7897 acc: 70.8333
[75,    25] loss: 0.9462 acc: 71.0000
[75,    26] loss: 0.5662 acc: 72.1154
[75,    27] loss: 1.1377 acc: 72.2222
[75,    28] loss: 1.4326 acc: 71.4286
[75,    29] loss: 0.7649 acc: 72.4138
[75,    30] loss: 0.6594 acc: 73.3333
[75,    31] loss: 0.8682 acc: 72.5806
[75,    32] loss: 0.7332 acc: 73.4375
[76,     1] loss: 0.6523 acc: 75.0000
[76,     2] loss: 0.5192 acc: 87.5000
[76,     3] loss: 0.6571 acc: 83.3333
[76,     4] loss: 0.6747 acc: 87.5000
[76,     5] loss: 0.9285 acc: 85.0000
[76,     6] loss: 0.7767 acc: 83.3333
[76,     7] loss: 0.7017 acc: 85.7143
[76,     8] loss: 0.5985 acc: 87.5000
[76,     9] loss: 1.4969 acc: 86.1111
[76,    10] loss: 0.8067 acc: 87.5000
[76,    11] loss: 0.9737 acc: 86.3636
[76,    12] loss: 0.9056 acc: 83.3333
[76,    13] loss: 1.0753 acc: 82.6923
[76,    14] loss: 0.9540 acc: 80.3571
[76,    15] loss: 0.7768 acc: 78.3333
[76,    16] loss: 0.8100 acc: 79.6875
[76,    17] loss: 1.0031 acc: 79.4118
[76,    18] loss: 0.7159 acc: 80.5556
[76,    19] loss: 0.9694 acc: 80.2632
[76,    20] loss: 0.6338 acc: 81.2500
[76,    21] loss: 1.4860 acc: 79.7619
[76,    22] loss: 1.0553 acc: 79.5455
[76,    23] loss: 0.7291 acc: 80.4348
[76,    24] loss: 1.1706 acc: 80.2083
[76,    25] loss: 0.5342 acc: 81.0000
[76,    26] loss: 0.5182 acc: 81.7308
[76,    27] loss: 0.8638 acc: 81.4815
[76,    28] loss: 0.7249 acc: 81.2500
[76,    29] loss: 1.3697 acc: 80.1724
[76,    30] loss: 1.4426 acc: 79.1667
[76,    31] loss: 0.8015 acc: 79.0323
[76,    32] loss: 0.6235 acc: 78.9062
[77,     1] loss: 0.9147 acc: 75.0000
[77,     2] loss: 0.8376 acc: 75.0000
[77,     3] loss: 1.2384 acc: 66.6667
[77,     4] loss: 0.6364 acc: 75.0000
[77,     5] loss: 1.6560 acc: 75.0000
[77,     6] loss: 1.1682 acc: 75.0000
[77,     7] loss: 1.3267 acc: 71.4286
[77,     8] loss: 1.2469 acc: 71.8750
[77,     9] loss: 1.3456 acc: 72.2222
[77,    10] loss: 1.3056 acc: 70.0000
[77,    11] loss: 1.3939 acc: 65.9091
[77,    12] loss: 1.0946 acc: 62.5000
[77,    13] loss: 1.6994 acc: 59.6154
[77,    14] loss: 1.0693 acc: 60.7143
[77,    15] loss: 0.6356 acc: 61.6667
[77,    16] loss: 1.5383 acc: 57.8125
[77,    17] loss: 1.1973 acc: 58.8235
[77,    18] loss: 0.8524 acc: 59.7222
[77,    19] loss: 1.0212 acc: 60.5263
[77,    20] loss: 1.1047 acc: 61.2500
[77,    21] loss: 1.0838 acc: 61.9048
[77,    22] loss: 1.0748 acc: 61.3636
[77,    23] loss: 0.7490 acc: 61.9565
[77,    24] loss: 0.7254 acc: 63.5417
[77,    25] loss: 0.6862 acc: 64.0000
[77,    26] loss: 0.7482 acc: 64.4231
[77,    27] loss: 1.6351 acc: 62.9630
[77,    28] loss: 0.7749 acc: 63.3929
[77,    29] loss: 1.0870 acc: 63.7931
[77,    30] loss: 1.0345 acc: 64.1667
[77,    31] loss: 0.6764 acc: 64.5161
[77,    32] loss: 1.9542 acc: 63.2812
[78,     1] loss: 1.7224 acc: 25.0000
[78,     2] loss: 0.8142 acc: 50.0000
[78,     3] loss: 1.1152 acc: 50.0000
[78,     4] loss: 1.2881 acc: 50.0000
[78,     5] loss: 1.2044 acc: 55.0000
[78,     6] loss: 1.1187 acc: 58.3333
[78,     7] loss: 0.7772 acc: 60.7143
[78,     8] loss: 1.5579 acc: 56.2500
[78,     9] loss: 1.0119 acc: 55.5556
[78,    10] loss: 1.5111 acc: 55.0000
[78,    11] loss: 1.3680 acc: 52.2727
[78,    12] loss: 1.0244 acc: 54.1667
[78,    13] loss: 0.7823 acc: 57.6923
[78,    14] loss: 1.4791 acc: 55.3571
[78,    15] loss: 0.6316 acc: 58.3333
[78,    16] loss: 0.5347 acc: 60.9375
[78,    17] loss: 0.8291 acc: 63.2353
[78,    18] loss: 0.6900 acc: 65.2778
[78,    19] loss: 1.8487 acc: 64.4737
[78,    20] loss: 0.8109 acc: 66.2500
[78,    21] loss: 1.3276 acc: 66.6667
[78,    22] loss: 1.1592 acc: 65.9091
[78,    23] loss: 1.0467 acc: 66.3043
[78,    24] loss: 1.5017 acc: 66.6667
[78,    25] loss: 1.2120 acc: 66.0000
[78,    26] loss: 0.7076 acc: 66.3462
[78,    27] loss: 1.2219 acc: 66.6667
[78,    28] loss: 1.5166 acc: 66.9643
[78,    29] loss: 1.2860 acc: 67.2414
[78,    30] loss: 1.1303 acc: 66.6667
[78,    31] loss: 0.9649 acc: 66.9355
[78,    32] loss: 0.9649 acc: 67.1875
[79,     1] loss: 1.1988 acc: 75.0000
[79,     2] loss: 0.6353 acc: 87.5000
[79,     3] loss: 0.6491 acc: 91.6667
[79,     4] loss: 1.3615 acc: 87.5000
[79,     5] loss: 1.2021 acc: 75.0000
[79,     6] loss: 1.3746 acc: 70.8333
[79,     7] loss: 1.0826 acc: 71.4286
[79,     8] loss: 1.0576 acc: 68.7500
[79,     9] loss: 1.5249 acc: 69.4444
[79,    10] loss: 1.0130 acc: 70.0000
[79,    11] loss: 0.5568 acc: 72.7273
[79,    12] loss: 0.7919 acc: 75.0000
[79,    13] loss: 1.2038 acc: 75.0000
[79,    14] loss: 0.9176 acc: 76.7857
[79,    15] loss: 0.5127 acc: 78.3333
[79,    16] loss: 0.6121 acc: 79.6875
[79,    17] loss: 1.1206 acc: 79.4118
[79,    18] loss: 0.9478 acc: 80.5556
[79,    19] loss: 1.6468 acc: 77.6316
[79,    20] loss: 0.7052 acc: 78.7500
[79,    21] loss: 0.6177 acc: 79.7619
[79,    22] loss: 0.7066 acc: 79.5455
[79,    23] loss: 2.1669 acc: 77.1739
[79,    24] loss: 1.0232 acc: 77.0833
[79,    25] loss: 1.3195 acc: 76.0000
[79,    26] loss: 0.5552 acc: 76.9231
[79,    27] loss: 2.1055 acc: 75.9259
[79,    28] loss: 0.9710 acc: 75.8929
[79,    29] loss: 0.7698 acc: 76.7241
[79,    30] loss: 0.5229 acc: 77.5000
[79,    31] loss: 0.7088 acc: 78.2258
[79,    32] loss: 0.8814 acc: 78.9062
[80,     1] loss: 0.6244 acc: 100.0000
[80,     2] loss: 1.6162 acc: 87.5000
[80,     3] loss: 1.0300 acc: 83.3333
[80,     4] loss: 0.9071 acc: 87.5000
[80,     5] loss: 0.6611 acc: 90.0000
[80,     6] loss: 0.4543 acc: 91.6667
[80,     7] loss: 1.1480 acc: 89.2857
[80,     8] loss: 0.6423 acc: 87.5000
[80,     9] loss: 0.4278 acc: 88.8889
[80,    10] loss: 0.6202 acc: 90.0000
[80,    11] loss: 1.2616 acc: 86.3636
[80,    12] loss: 0.9839 acc: 83.3333
[80,    13] loss: 0.3746 acc: 84.6154
[80,    14] loss: 0.6497 acc: 85.7143
[80,    15] loss: 0.8461 acc: 85.0000
[80,    16] loss: 1.2970 acc: 81.2500
[80,    17] loss: 1.1785 acc: 79.4118
[80,    18] loss: 0.5687 acc: 80.5556
[80,    19] loss: 0.5747 acc: 81.5789
[80,    20] loss: 0.6195 acc: 82.5000
[80,    21] loss: 0.6113 acc: 83.3333
[80,    22] loss: 1.0188 acc: 81.8182
[80,    23] loss: 0.5263 acc: 82.6087
[80,    24] loss: 1.0549 acc: 82.2917
[80,    25] loss: 0.7432 acc: 82.0000
[80,    26] loss: 1.7140 acc: 79.8077
[80,    27] loss: 0.7919 acc: 79.6296
[80,    28] loss: 1.2237 acc: 78.5714
[80,    29] loss: 0.6953 acc: 79.3103
[80,    30] loss: 1.3427 acc: 78.3333
[80,    31] loss: 1.0856 acc: 78.2258
[80,    32] loss: 0.9368 acc: 78.1250
[81,     1] loss: 1.1232 acc: 50.0000
[81,     2] loss: 1.0060 acc: 50.0000
[81,     3] loss: 1.9823 acc: 33.3333
[81,     4] loss: 1.1378 acc: 43.7500
[81,     5] loss: 0.4710 acc: 55.0000
[81,     6] loss: 1.0432 acc: 58.3333
[81,     7] loss: 1.5004 acc: 57.1429
[81,     8] loss: 1.2152 acc: 56.2500
[81,     9] loss: 1.2235 acc: 58.3333
[81,    10] loss: 0.4943 acc: 62.5000
[81,    11] loss: 1.5617 acc: 59.0909
[81,    12] loss: 1.3230 acc: 60.4167
[81,    13] loss: 1.3470 acc: 61.5385
[81,    14] loss: 0.9681 acc: 60.7143
[81,    15] loss: 1.2895 acc: 61.6667
[81,    16] loss: 1.1190 acc: 62.5000
[81,    17] loss: 0.7784 acc: 63.2353
[81,    18] loss: 0.8123 acc: 63.8889
[81,    19] loss: 1.1182 acc: 61.8421
[81,    20] loss: 0.9775 acc: 61.2500
[81,    21] loss: 1.3046 acc: 60.7143
[81,    22] loss: 0.6626 acc: 62.5000
[81,    23] loss: 0.6661 acc: 63.0435
[81,    24] loss: 1.0857 acc: 63.5417
[81,    25] loss: 2.3183 acc: 63.0000
[81,    26] loss: 0.6144 acc: 64.4231
[81,    27] loss: 1.0266 acc: 63.8889
[81,    28] loss: 0.8347 acc: 64.2857
[81,    29] loss: 1.6724 acc: 62.9310
[81,    30] loss: 1.2797 acc: 61.6667
[81,    31] loss: 1.0628 acc: 61.2903
[81,    32] loss: 0.7458 acc: 61.7188
[82,     1] loss: 0.8096 acc: 75.0000
[82,     2] loss: 1.4805 acc: 75.0000
[82,     3] loss: 1.1353 acc: 66.6667
[82,     4] loss: 0.8048 acc: 68.7500
[82,     5] loss: 1.1967 acc: 70.0000
[82,     6] loss: 0.7760 acc: 70.8333
[82,     7] loss: 0.7497 acc: 71.4286
[82,     8] loss: 1.0062 acc: 71.8750
[82,     9] loss: 1.0449 acc: 69.4444
[82,    10] loss: 0.6201 acc: 70.0000
[82,    11] loss: 0.6079 acc: 72.7273
[82,    12] loss: 1.4103 acc: 70.8333
[82,    13] loss: 0.9049 acc: 71.1538
[82,    14] loss: 0.6707 acc: 71.4286
[82,    15] loss: 0.9954 acc: 71.6667
[82,    16] loss: 1.0068 acc: 71.8750
[82,    17] loss: 1.2969 acc: 70.5882
[82,    18] loss: 1.1147 acc: 69.4444
[82,    19] loss: 1.9689 acc: 67.1053
[82,    20] loss: 2.0562 acc: 65.0000
[82,    21] loss: 1.1085 acc: 64.2857
[82,    22] loss: 1.3732 acc: 63.6364
[82,    23] loss: 1.6059 acc: 63.0435
[82,    24] loss: 0.9435 acc: 63.5417
[82,    25] loss: 0.6834 acc: 65.0000
[82,    26] loss: 0.7428 acc: 66.3462
[82,    27] loss: 0.9018 acc: 66.6667
[82,    28] loss: 1.2325 acc: 66.0714
[82,    29] loss: 2.3167 acc: 63.7931
[82,    30] loss: 0.9507 acc: 62.5000
[82,    31] loss: 0.8450 acc: 62.9032
[82,    32] loss: 0.7420 acc: 64.0625
[83,     1] loss: 1.4636 acc: 50.0000
[83,     2] loss: 0.7630 acc: 75.0000
[83,     3] loss: 0.4894 acc: 83.3333
[83,     4] loss: 1.0606 acc: 81.2500
[83,     5] loss: 1.1227 acc: 75.0000
[83,     6] loss: 0.7602 acc: 75.0000
[83,     7] loss: 1.2846 acc: 67.8571
[83,     8] loss: 0.6666 acc: 68.7500
[83,     9] loss: 1.2012 acc: 66.6667
[83,    10] loss: 1.9768 acc: 62.5000
[83,    11] loss: 2.0557 acc: 59.0909
[83,    12] loss: 1.2819 acc: 58.3333
[83,    13] loss: 1.7098 acc: 59.6154
[83,    14] loss: 0.9296 acc: 60.7143
[83,    15] loss: 1.0701 acc: 61.6667
[83,    16] loss: 0.8152 acc: 62.5000
[83,    17] loss: 1.2154 acc: 60.2941
[83,    18] loss: 0.6455 acc: 61.1111
[83,    19] loss: 1.6344 acc: 59.2105
[83,    20] loss: 0.6254 acc: 61.2500
[83,    21] loss: 0.9911 acc: 61.9048
[83,    22] loss: 0.8611 acc: 63.6364
[83,    23] loss: 1.0877 acc: 64.1304
[83,    24] loss: 1.2884 acc: 62.5000
[83,    25] loss: 0.7930 acc: 63.0000
[83,    26] loss: 0.9703 acc: 62.5000
[83,    27] loss: 0.7369 acc: 62.9630
[83,    28] loss: 0.9421 acc: 62.5000
[83,    29] loss: 1.1500 acc: 62.9310
[83,    30] loss: 0.7901 acc: 64.1667
[83,    31] loss: 0.7995 acc: 64.5161
[83,    32] loss: 1.3966 acc: 64.0625
[84,     1] loss: 1.4707 acc: 75.0000
[84,     2] loss: 1.8936 acc: 62.5000
[84,     3] loss: 1.5772 acc: 58.3333
[84,     4] loss: 1.8946 acc: 50.0000
[84,     5] loss: 0.6929 acc: 55.0000
[84,     6] loss: 0.8366 acc: 58.3333
[84,     7] loss: 1.1739 acc: 60.7143
[84,     8] loss: 1.0935 acc: 59.3750
[84,     9] loss: 0.5202 acc: 63.8889
[84,    10] loss: 0.6140 acc: 67.5000
[84,    11] loss: 1.2754 acc: 65.9091
[84,    12] loss: 0.7895 acc: 66.6667
[84,    13] loss: 0.7876 acc: 67.3077
[84,    14] loss: 1.3891 acc: 67.8571
[84,    15] loss: 0.6612 acc: 70.0000
[84,    16] loss: 0.9969 acc: 71.8750
[84,    17] loss: 0.4949 acc: 73.5294
[84,    18] loss: 0.8135 acc: 75.0000
[84,    19] loss: 1.3266 acc: 75.0000
[84,    20] loss: 1.3799 acc: 73.7500
[84,    21] loss: 1.4999 acc: 72.6190
[84,    22] loss: 0.7965 acc: 73.8636
[84,    23] loss: 0.7639 acc: 73.9130
[84,    24] loss: 1.3630 acc: 73.9583
[84,    25] loss: 0.6979 acc: 75.0000
[84,    26] loss: 1.6588 acc: 74.0385
[84,    27] loss: 1.1332 acc: 74.0741
[84,    28] loss: 0.4578 acc: 75.0000
[84,    29] loss: 0.5552 acc: 75.8621
[84,    30] loss: 1.0513 acc: 75.8333
[84,    31] loss: 1.2740 acc: 75.8065
[84,    32] loss: 1.3498 acc: 75.0000
[85,     1] loss: 0.8807 acc: 75.0000
[85,     2] loss: 0.5257 acc: 87.5000
[85,     3] loss: 1.8762 acc: 75.0000
[85,     4] loss: 1.2550 acc: 75.0000
[85,     5] loss: 1.0021 acc: 75.0000
[85,     6] loss: 0.5166 acc: 79.1667
[85,     7] loss: 0.6933 acc: 82.1429
[85,     8] loss: 0.6325 acc: 84.3750
[85,     9] loss: 0.7228 acc: 86.1111
[85,    10] loss: 1.2272 acc: 82.5000
[85,    11] loss: 0.8788 acc: 81.8182
[85,    12] loss: 0.4796 acc: 83.3333
[85,    13] loss: 1.3165 acc: 80.7692
[85,    14] loss: 0.6321 acc: 82.1429
[85,    15] loss: 0.7450 acc: 83.3333
[85,    16] loss: 0.9436 acc: 82.8125
[85,    17] loss: 1.0353 acc: 80.8824
[85,    18] loss: 1.3904 acc: 80.5556
[85,    19] loss: 0.5861 acc: 81.5789
[85,    20] loss: 1.7280 acc: 78.7500
[85,    21] loss: 0.9286 acc: 77.3810
[85,    22] loss: 0.7424 acc: 78.4091
[85,    23] loss: 0.6723 acc: 79.3478
[85,    24] loss: 1.0473 acc: 79.1667
[85,    25] loss: 2.0121 acc: 77.0000
[85,    26] loss: 1.5509 acc: 76.9231
[85,    27] loss: 0.8616 acc: 77.7778
[85,    28] loss: 1.7265 acc: 76.7857
[85,    29] loss: 0.7294 acc: 76.7241
[85,    30] loss: 0.5989 acc: 77.5000
[85,    31] loss: 1.3432 acc: 77.4194
[85,    32] loss: 0.5466 acc: 77.3438
[86,     1] loss: 0.7252 acc: 100.0000
[86,     2] loss: 0.6036 acc: 87.5000
[86,     3] loss: 0.8987 acc: 83.3333
[86,     4] loss: 0.5809 acc: 87.5000
[86,     5] loss: 1.0742 acc: 80.0000
[86,     6] loss: 1.3689 acc: 79.1667
[86,     7] loss: 1.0741 acc: 78.5714
[86,     8] loss: 0.8405 acc: 78.1250
[86,     9] loss: 0.5968 acc: 80.5556
[86,    10] loss: 1.0203 acc: 80.0000
[86,    11] loss: 0.5360 acc: 79.5455
[86,    12] loss: 1.4423 acc: 75.0000
[86,    13] loss: 0.5720 acc: 76.9231
[86,    14] loss: 0.7436 acc: 76.7857
[86,    15] loss: 0.8097 acc: 76.6667
[86,    16] loss: 1.1908 acc: 75.0000
[86,    17] loss: 0.8245 acc: 75.0000
[86,    18] loss: 1.4048 acc: 75.0000
[86,    19] loss: 0.6832 acc: 75.0000
[86,    20] loss: 1.1374 acc: 73.7500
[86,    21] loss: 0.8691 acc: 75.0000
[86,    22] loss: 0.8063 acc: 76.1364
[86,    23] loss: 0.6666 acc: 76.0870
[86,    24] loss: 0.5723 acc: 77.0833
[86,    25] loss: 1.3235 acc: 76.0000
[86,    26] loss: 1.3612 acc: 75.9615
[86,    27] loss: 1.0300 acc: 75.9259
[86,    28] loss: 1.4017 acc: 75.0000
[86,    29] loss: 0.8826 acc: 74.1379
[86,    30] loss: 1.1792 acc: 74.1667
[86,    31] loss: 0.7213 acc: 74.1935
[86,    32] loss: 1.2596 acc: 74.2188
[87,     1] loss: 0.9442 acc: 100.0000
[87,     2] loss: 0.9316 acc: 87.5000
[87,     3] loss: 1.9505 acc: 66.6667
[87,     4] loss: 0.5895 acc: 75.0000
[87,     5] loss: 2.0461 acc: 70.0000
[87,     6] loss: 0.5637 acc: 75.0000
[87,     7] loss: 0.5102 acc: 78.5714
[87,     8] loss: 0.5283 acc: 81.2500
[87,     9] loss: 0.7401 acc: 80.5556
[87,    10] loss: 2.0889 acc: 75.0000
[87,    11] loss: 1.1504 acc: 75.0000
[87,    12] loss: 0.8827 acc: 75.0000
[87,    13] loss: 1.2489 acc: 73.0769
[87,    14] loss: 0.8419 acc: 73.2143
[87,    15] loss: 0.6341 acc: 75.0000
[87,    16] loss: 1.2036 acc: 73.4375
[87,    17] loss: 1.4892 acc: 72.0588
[87,    18] loss: 1.1043 acc: 72.2222
[87,    19] loss: 1.0849 acc: 71.0526
[87,    20] loss: 0.5402 acc: 71.2500
[87,    21] loss: 1.1715 acc: 70.2381
[87,    22] loss: 0.6971 acc: 71.5909
[87,    23] loss: 0.7436 acc: 72.8261
[87,    24] loss: 0.9463 acc: 72.9167
[87,    25] loss: 1.1852 acc: 71.0000
[87,    26] loss: 0.8365 acc: 71.1538
[87,    27] loss: 0.6915 acc: 72.2222
[87,    28] loss: 1.1042 acc: 71.4286
[87,    29] loss: 0.8358 acc: 71.5517
[87,    30] loss: 2.4780 acc: 70.0000
[87,    31] loss: 0.4872 acc: 70.9677
[87,    32] loss: 1.1006 acc: 70.3125
[88,     1] loss: 0.8557 acc: 75.0000
[88,     2] loss: 1.7568 acc: 62.5000
[88,     3] loss: 1.3005 acc: 58.3333
[88,     4] loss: 0.8451 acc: 62.5000
[88,     5] loss: 1.2565 acc: 60.0000
[88,     6] loss: 0.9773 acc: 62.5000
[88,     7] loss: 1.8286 acc: 53.5714
[88,     8] loss: 1.0883 acc: 56.2500
[88,     9] loss: 1.1551 acc: 58.3333
[88,    10] loss: 0.7360 acc: 60.0000
[88,    11] loss: 0.5112 acc: 63.6364
[88,    12] loss: 1.9732 acc: 62.5000
[88,    13] loss: 1.0373 acc: 63.4615
[88,    14] loss: 1.3093 acc: 62.5000
[88,    15] loss: 1.3512 acc: 61.6667
[88,    16] loss: 1.0581 acc: 64.0625
[88,    17] loss: 1.1987 acc: 63.2353
[88,    18] loss: 1.0215 acc: 62.5000
[88,    19] loss: 0.6837 acc: 64.4737
[88,    20] loss: 1.4698 acc: 63.7500
[88,    21] loss: 0.6500 acc: 65.4762
[88,    22] loss: 1.3477 acc: 63.6364
[88,    23] loss: 1.4101 acc: 64.1304
[88,    24] loss: 0.4202 acc: 65.6250
[88,    25] loss: 0.9689 acc: 66.0000
[88,    26] loss: 0.9451 acc: 67.3077
[88,    27] loss: 0.5233 acc: 68.5185
[88,    28] loss: 0.3619 acc: 69.6429
[88,    29] loss: 1.0292 acc: 69.8276
[88,    30] loss: 0.7138 acc: 69.1667
[88,    31] loss: 0.4967 acc: 70.1613
[88,    32] loss: 0.6703 acc: 71.0938
[89,     1] loss: 1.1768 acc: 75.0000
[89,     2] loss: 1.4139 acc: 50.0000
[89,     3] loss: 0.9930 acc: 58.3333
[89,     4] loss: 1.0144 acc: 62.5000
[89,     5] loss: 1.3498 acc: 65.0000
[89,     6] loss: 0.9133 acc: 62.5000
[89,     7] loss: 0.8921 acc: 64.2857
[89,     8] loss: 0.5681 acc: 65.6250
[89,     9] loss: 1.2312 acc: 61.1111
[89,    10] loss: 0.4634 acc: 65.0000
[89,    11] loss: 0.4394 acc: 68.1818
[89,    12] loss: 0.9461 acc: 68.7500
[89,    13] loss: 1.2688 acc: 69.2308
[89,    14] loss: 0.9524 acc: 69.6429
[89,    15] loss: 0.8558 acc: 70.0000
[89,    16] loss: 1.0336 acc: 68.7500
[89,    17] loss: 1.8754 acc: 67.6471
[89,    18] loss: 0.7041 acc: 69.4444
[89,    19] loss: 0.7824 acc: 69.7368
[89,    20] loss: 0.5804 acc: 70.0000
[89,    21] loss: 1.1751 acc: 69.0476
[89,    22] loss: 0.7143 acc: 70.4545
[89,    23] loss: 0.6153 acc: 70.6522
[89,    24] loss: 0.5791 acc: 70.8333
[89,    25] loss: 0.5227 acc: 72.0000
[89,    26] loss: 0.7597 acc: 73.0769
[89,    27] loss: 0.6384 acc: 74.0741
[89,    28] loss: 0.5601 acc: 74.1071
[89,    29] loss: 0.9999 acc: 73.2759
[89,    30] loss: 0.4424 acc: 74.1667
[89,    31] loss: 0.9860 acc: 73.3871
[89,    32] loss: 0.6617 acc: 74.2188
[90,     1] loss: 0.5301 acc: 100.0000
[90,     2] loss: 1.1537 acc: 87.5000
[90,     3] loss: 0.5694 acc: 91.6667
[90,     4] loss: 0.9626 acc: 87.5000
[90,     5] loss: 0.9264 acc: 85.0000
[90,     6] loss: 1.1941 acc: 83.3333
[90,     7] loss: 0.9463 acc: 82.1429
[90,     8] loss: 1.2650 acc: 81.2500
[90,     9] loss: 1.0062 acc: 80.5556
[90,    10] loss: 0.8033 acc: 80.0000
[90,    11] loss: 0.3990 acc: 81.8182
[90,    12] loss: 0.6341 acc: 83.3333
[90,    13] loss: 1.4392 acc: 80.7692
[90,    14] loss: 0.7681 acc: 82.1429
[90,    15] loss: 0.7532 acc: 81.6667
[90,    16] loss: 0.8071 acc: 81.2500
[90,    17] loss: 0.9829 acc: 79.4118
[90,    18] loss: 0.6770 acc: 80.5556
[90,    19] loss: 1.4543 acc: 80.2632
[90,    20] loss: 1.1055 acc: 78.7500
[90,    21] loss: 1.3783 acc: 76.1905
[90,    22] loss: 0.9168 acc: 76.1364
[90,    23] loss: 2.1689 acc: 75.0000
[90,    24] loss: 0.6788 acc: 76.0417
[90,    25] loss: 0.8249 acc: 77.0000
[90,    26] loss: 0.9552 acc: 77.8846
[90,    27] loss: 0.5224 acc: 78.7037
[90,    28] loss: 0.9662 acc: 77.6786
[90,    29] loss: 0.6297 acc: 78.4483
[90,    30] loss: 0.5392 acc: 79.1667
[90,    31] loss: 0.8338 acc: 79.0323
[90,    32] loss: 1.1490 acc: 78.9062
[91,     1] loss: 0.5984 acc: 100.0000
[91,     2] loss: 0.8832 acc: 87.5000
[91,     3] loss: 1.2307 acc: 75.0000
[91,     4] loss: 1.0730 acc: 75.0000
[91,     5] loss: 1.1693 acc: 70.0000
[91,     6] loss: 1.2682 acc: 70.8333
[91,     7] loss: 1.1269 acc: 71.4286
[91,     8] loss: 2.1376 acc: 68.7500
[91,     9] loss: 0.7306 acc: 69.4444
[91,    10] loss: 0.3367 acc: 72.5000
[91,    11] loss: 1.3176 acc: 70.4545
[91,    12] loss: 0.5292 acc: 72.9167
[91,    13] loss: 0.6542 acc: 75.0000
[91,    14] loss: 1.6363 acc: 75.0000
[91,    15] loss: 0.5388 acc: 75.0000
[91,    16] loss: 0.8253 acc: 73.4375
[91,    17] loss: 1.0058 acc: 73.5294
[91,    18] loss: 0.6194 acc: 75.0000
[91,    19] loss: 0.9139 acc: 73.6842
[91,    20] loss: 0.6214 acc: 75.0000
[91,    21] loss: 1.5339 acc: 73.8095
[91,    22] loss: 0.5338 acc: 75.0000
[91,    23] loss: 0.5974 acc: 76.0870
[91,    24] loss: 0.8048 acc: 77.0833
[91,    25] loss: 0.5476 acc: 77.0000
[91,    26] loss: 0.6041 acc: 77.8846
[91,    27] loss: 2.2252 acc: 75.9259
[91,    28] loss: 0.5603 acc: 76.7857
[91,    29] loss: 0.8412 acc: 76.7241
[91,    30] loss: 0.6116 acc: 77.5000
[91,    31] loss: 0.4911 acc: 78.2258
[91,    32] loss: 1.2512 acc: 77.3438
[92,     1] loss: 0.5150 acc: 100.0000
[92,     2] loss: 0.9825 acc: 87.5000
[92,     3] loss: 0.7804 acc: 83.3333
[92,     4] loss: 0.8397 acc: 81.2500
[92,     5] loss: 1.2028 acc: 75.0000
[92,     6] loss: 1.1770 acc: 70.8333
[92,     7] loss: 1.1172 acc: 71.4286
[92,     8] loss: 1.4373 acc: 71.8750
[92,     9] loss: 1.5718 acc: 69.4444
[92,    10] loss: 1.0999 acc: 70.0000
[92,    11] loss: 1.1529 acc: 70.4545
[92,    12] loss: 1.5836 acc: 66.6667
[92,    13] loss: 1.4167 acc: 65.3846
[92,    14] loss: 0.5550 acc: 67.8571
[92,    15] loss: 0.7923 acc: 68.3333
[92,    16] loss: 1.6319 acc: 67.1875
[92,    17] loss: 0.6918 acc: 67.6471
[92,    18] loss: 1.1894 acc: 66.6667
[92,    19] loss: 0.4438 acc: 68.4211
[92,    20] loss: 1.1867 acc: 68.7500
[92,    21] loss: 1.5607 acc: 69.0476
[92,    22] loss: 1.3663 acc: 69.3182
[92,    23] loss: 1.0372 acc: 69.5652
[92,    24] loss: 0.5488 acc: 70.8333
[92,    25] loss: 0.6369 acc: 71.0000
[92,    26] loss: 0.9247 acc: 70.1923
[92,    27] loss: 0.8180 acc: 70.3704
[92,    28] loss: 1.0649 acc: 70.5357
[92,    29] loss: 0.8892 acc: 70.6897
[92,    30] loss: 1.7274 acc: 69.1667
[92,    31] loss: 1.1583 acc: 68.5484
[92,    32] loss: 0.4873 acc: 68.7500
[93,     1] loss: 0.6968 acc: 75.0000
[93,     2] loss: 0.5787 acc: 75.0000
[93,     3] loss: 2.3299 acc: 58.3333
[93,     4] loss: 0.6870 acc: 62.5000
[93,     5] loss: 1.4915 acc: 60.0000
[93,     6] loss: 0.8096 acc: 62.5000
[93,     7] loss: 1.0220 acc: 64.2857
[93,     8] loss: 0.4989 acc: 68.7500
[93,     9] loss: 0.7572 acc: 66.6667
[93,    10] loss: 1.9655 acc: 62.5000
[93,    11] loss: 1.6360 acc: 59.0909
[93,    12] loss: 1.1617 acc: 60.4167
[93,    13] loss: 1.3353 acc: 61.5385
[93,    14] loss: 0.7565 acc: 64.2857
[93,    15] loss: 0.6580 acc: 66.6667
[93,    16] loss: 0.8421 acc: 67.1875
[93,    17] loss: 0.6018 acc: 69.1176
[93,    18] loss: 0.5266 acc: 70.8333
[93,    19] loss: 0.4389 acc: 72.3684
[93,    20] loss: 0.6244 acc: 73.7500
[93,    21] loss: 0.5265 acc: 73.8095
[93,    22] loss: 0.5387 acc: 75.0000
[93,    23] loss: 1.3481 acc: 72.8261
[93,    24] loss: 0.6720 acc: 72.9167
[93,    25] loss: 0.8029 acc: 73.0000
[93,    26] loss: 0.4619 acc: 74.0385
[93,    27] loss: 0.4924 acc: 75.0000
[93,    28] loss: 0.5727 acc: 75.8929
[93,    29] loss: 0.4813 acc: 76.7241
[93,    30] loss: 0.9112 acc: 76.6667
[93,    31] loss: 0.8957 acc: 76.6129
[93,    32] loss: 1.0100 acc: 75.7812
[94,     1] loss: 1.3283 acc: 50.0000
[94,     2] loss: 0.7992 acc: 62.5000
[94,     3] loss: 0.5451 acc: 66.6667
[94,     4] loss: 1.5786 acc: 68.7500
[94,     5] loss: 0.8636 acc: 75.0000
[94,     6] loss: 0.9245 acc: 79.1667
[94,     7] loss: 2.0371 acc: 75.0000
[94,     8] loss: 0.6309 acc: 75.0000
[94,     9] loss: 1.2186 acc: 72.2222
[94,    10] loss: 0.9982 acc: 70.0000
[94,    11] loss: 1.0290 acc: 70.4545
[94,    12] loss: 1.0108 acc: 70.8333
[94,    13] loss: 0.6242 acc: 73.0769
[94,    14] loss: 0.9412 acc: 69.6429
[94,    15] loss: 0.5918 acc: 71.6667
[94,    16] loss: 0.6110 acc: 73.4375
[94,    17] loss: 0.7500 acc: 73.5294
[94,    18] loss: 1.5559 acc: 72.2222
[94,    19] loss: 1.0984 acc: 72.3684
[94,    20] loss: 1.0445 acc: 72.5000
[94,    21] loss: 1.1365 acc: 71.4286
[94,    22] loss: 0.7037 acc: 72.7273
[94,    23] loss: 0.6582 acc: 72.8261
[94,    24] loss: 0.7095 acc: 73.9583
[94,    25] loss: 0.4807 acc: 75.0000
[94,    26] loss: 0.6761 acc: 75.9615
[94,    27] loss: 0.5984 acc: 76.8519
[94,    28] loss: 1.0951 acc: 75.8929
[94,    29] loss: 1.3647 acc: 75.0000
[94,    30] loss: 0.6810 acc: 75.8333
[94,    31] loss: 0.7255 acc: 75.8065
[94,    32] loss: 0.6731 acc: 75.7812
[95,     1] loss: 1.1519 acc: 50.0000
[95,     2] loss: 0.4659 acc: 75.0000
[95,     3] loss: 1.9833 acc: 66.6667
[95,     4] loss: 0.7877 acc: 68.7500
[95,     5] loss: 1.0351 acc: 70.0000
[95,     6] loss: 0.4398 acc: 75.0000
[95,     7] loss: 1.7997 acc: 71.4286
[95,     8] loss: 0.6591 acc: 75.0000
[95,     9] loss: 1.6939 acc: 75.0000
[95,    10] loss: 1.4909 acc: 70.0000
[95,    11] loss: 1.0211 acc: 68.1818
[95,    12] loss: 0.6409 acc: 68.7500
[95,    13] loss: 0.5000 acc: 71.1538
[95,    14] loss: 1.6830 acc: 66.0714
[95,    15] loss: 0.8226 acc: 65.0000
[95,    16] loss: 0.8144 acc: 65.6250
[95,    17] loss: 0.6574 acc: 66.1765
[95,    18] loss: 0.6795 acc: 68.0556
[95,    19] loss: 0.9741 acc: 68.4211
[95,    20] loss: 1.4916 acc: 67.5000
[95,    21] loss: 0.7885 acc: 67.8571
[95,    22] loss: 0.7628 acc: 68.1818
[95,    23] loss: 0.7278 acc: 68.4783
[95,    24] loss: 1.0910 acc: 67.7083
[95,    25] loss: 1.1484 acc: 68.0000
[95,    26] loss: 1.2652 acc: 66.3462
[95,    27] loss: 1.6581 acc: 65.7407
[95,    28] loss: 0.5149 acc: 66.9643
[95,    29] loss: 0.5201 acc: 68.1034
[95,    30] loss: 0.5109 acc: 69.1667
[95,    31] loss: 0.7003 acc: 70.1613
[95,    32] loss: 1.3118 acc: 68.7500
[96,     1] loss: 0.7273 acc: 75.0000
[96,     2] loss: 1.0190 acc: 75.0000
[96,     3] loss: 0.4649 acc: 83.3333
[96,     4] loss: 0.4474 acc: 87.5000
[96,     5] loss: 0.6291 acc: 90.0000
[96,     6] loss: 0.7819 acc: 83.3333
[96,     7] loss: 1.3445 acc: 78.5714
[96,     8] loss: 2.0010 acc: 71.8750
[96,     9] loss: 1.0649 acc: 72.2222
[96,    10] loss: 0.4648 acc: 75.0000
[96,    11] loss: 1.2613 acc: 72.7273
[96,    12] loss: 0.9187 acc: 70.8333
[96,    13] loss: 0.7157 acc: 71.1538
[96,    14] loss: 0.5703 acc: 73.2143
[96,    15] loss: 0.6869 acc: 73.3333
[96,    16] loss: 1.2085 acc: 71.8750
[96,    17] loss: 0.7984 acc: 72.0588
[96,    18] loss: 1.9934 acc: 69.4444
[96,    19] loss: 1.6944 acc: 68.4211
[96,    20] loss: 0.7017 acc: 68.7500
[96,    21] loss: 1.2732 acc: 67.8571
[96,    22] loss: 0.5052 acc: 69.3182
[96,    23] loss: 0.5762 acc: 70.6522
[96,    24] loss: 1.2031 acc: 70.8333
[96,    25] loss: 0.6737 acc: 72.0000
[96,    26] loss: 1.2962 acc: 71.1538
[96,    27] loss: 0.5429 acc: 72.2222
[96,    28] loss: 1.9691 acc: 70.5357
[96,    29] loss: 2.2029 acc: 68.1034
[96,    30] loss: 0.8421 acc: 68.3333
[96,    31] loss: 1.2911 acc: 68.5484
[96,    32] loss: 1.1166 acc: 68.7500
[97,     1] loss: 0.9782 acc: 75.0000
[97,     2] loss: 1.4115 acc: 62.5000
[97,     3] loss: 0.7381 acc: 66.6667
[97,     4] loss: 2.3707 acc: 50.0000
[97,     5] loss: 0.7964 acc: 55.0000
[97,     6] loss: 0.5665 acc: 62.5000
[97,     7] loss: 1.4685 acc: 60.7143
[97,     8] loss: 0.6934 acc: 62.5000
[97,     9] loss: 1.1786 acc: 63.8889
[97,    10] loss: 0.6675 acc: 65.0000
[97,    11] loss: 0.7227 acc: 68.1818
[97,    12] loss: 1.4069 acc: 66.6667
[97,    13] loss: 1.4016 acc: 67.3077
[97,    14] loss: 0.6574 acc: 69.6429
[97,    15] loss: 0.4295 acc: 71.6667
[97,    16] loss: 0.6182 acc: 73.4375
[97,    17] loss: 1.0477 acc: 73.5294
[97,    18] loss: 0.6212 acc: 73.6111
[97,    19] loss: 1.0632 acc: 72.3684
[97,    20] loss: 1.2868 acc: 70.0000
[97,    21] loss: 0.7551 acc: 70.2381
[97,    22] loss: 1.1418 acc: 69.3182
[97,    23] loss: 0.5579 acc: 70.6522
[97,    24] loss: 1.3677 acc: 69.7917
[97,    25] loss: 0.8844 acc: 70.0000
[97,    26] loss: 0.9741 acc: 69.2308
[97,    27] loss: 0.5225 acc: 70.3704
[97,    28] loss: 0.8030 acc: 69.6429
[97,    29] loss: 1.2967 acc: 68.9655
[97,    30] loss: 0.6684 acc: 70.0000
[97,    31] loss: 0.7203 acc: 70.1613
[97,    32] loss: 0.5232 acc: 71.0938
[98,     1] loss: 0.3406 acc: 100.0000
[98,     2] loss: 0.4800 acc: 100.0000
[98,     3] loss: 0.5721 acc: 100.0000
[98,     4] loss: 0.5647 acc: 100.0000
[98,     5] loss: 0.6248 acc: 100.0000
[98,     6] loss: 1.6089 acc: 91.6667
[98,     7] loss: 0.4705 acc: 92.8571
[98,     8] loss: 0.6358 acc: 93.7500
[98,     9] loss: 1.7918 acc: 88.8889
[98,    10] loss: 0.6986 acc: 90.0000
[98,    11] loss: 0.5972 acc: 90.9091
[98,    12] loss: 0.5768 acc: 91.6667
[98,    13] loss: 0.3808 acc: 92.3077
[98,    14] loss: 1.5762 acc: 87.5000
[98,    15] loss: 1.0557 acc: 85.0000
[98,    16] loss: 1.5685 acc: 82.8125
[98,    17] loss: 1.0100 acc: 82.3529
[98,    18] loss: 0.8794 acc: 81.9444
[98,    19] loss: 0.7554 acc: 81.5789
[98,    20] loss: 1.5247 acc: 78.7500
[98,    21] loss: 1.2144 acc: 77.3810
[98,    22] loss: 0.8134 acc: 77.2727
[98,    23] loss: 1.3612 acc: 77.1739
[98,    24] loss: 0.7678 acc: 78.1250
[98,    25] loss: 0.8267 acc: 78.0000
[98,    26] loss: 0.6570 acc: 77.8846
[98,    27] loss: 1.1375 acc: 77.7778
[98,    28] loss: 0.6739 acc: 78.5714
[98,    29] loss: 1.0433 acc: 78.4483
[98,    30] loss: 0.7220 acc: 78.3333
[98,    31] loss: 1.0307 acc: 77.4194
[98,    32] loss: 1.1684 acc: 75.7812
[99,     1] loss: 0.9538 acc: 75.0000
[99,     2] loss: 0.9045 acc: 62.5000
[99,     3] loss: 1.6261 acc: 58.3333
[99,     4] loss: 0.4972 acc: 68.7500
[99,     5] loss: 0.4571 acc: 75.0000
[99,     6] loss: 0.5297 acc: 79.1667
[99,     7] loss: 0.5630 acc: 82.1429
[99,     8] loss: 0.5278 acc: 81.2500
[99,     9] loss: 0.9820 acc: 80.5556
[99,    10] loss: 0.4889 acc: 82.5000
[99,    11] loss: 0.7809 acc: 84.0909
[99,    12] loss: 0.7623 acc: 81.2500
[99,    13] loss: 0.9846 acc: 78.8462
[99,    14] loss: 0.7519 acc: 78.5714
[99,    15] loss: 1.2098 acc: 78.3333
[99,    16] loss: 0.9536 acc: 78.1250
[99,    17] loss: 0.5085 acc: 77.9412
[99,    18] loss: 0.9335 acc: 77.7778
[99,    19] loss: 0.8114 acc: 77.6316
[99,    20] loss: 1.1922 acc: 75.0000
[99,    21] loss: 0.7225 acc: 75.0000
[99,    22] loss: 1.2945 acc: 75.0000
[99,    23] loss: 1.1009 acc: 75.0000
[99,    24] loss: 1.3590 acc: 75.0000
[99,    25] loss: 0.9714 acc: 75.0000
[99,    26] loss: 1.3428 acc: 74.0385
[99,    27] loss: 0.6748 acc: 74.0741
[99,    28] loss: 0.4854 acc: 75.0000
[99,    29] loss: 0.5273 acc: 75.8621
[99,    30] loss: 0.7200 acc: 76.6667
[99,    31] loss: 0.5473 acc: 76.6129
[99,    32] loss: 1.0028 acc: 75.7812
[100,     1] loss: 0.8167 acc: 50.0000
[100,     2] loss: 1.1240 acc: 37.5000
[100,     3] loss: 1.2335 acc: 50.0000
[100,     4] loss: 0.5978 acc: 62.5000
[100,     5] loss: 0.6989 acc: 65.0000
[100,     6] loss: 1.0456 acc: 66.6667
[100,     7] loss: 0.6712 acc: 67.8571
[100,     8] loss: 1.9733 acc: 68.7500
[100,     9] loss: 1.0705 acc: 69.4444
[100,    10] loss: 1.4323 acc: 67.5000
[100,    11] loss: 0.7606 acc: 68.1818
[100,    12] loss: 1.0524 acc: 68.7500
[100,    13] loss: 0.9712 acc: 69.2308
[100,    14] loss: 0.6086 acc: 71.4286
[100,    15] loss: 0.7582 acc: 71.6667
[100,    16] loss: 1.2799 acc: 70.3125
[100,    17] loss: 1.7400 acc: 67.6471
[100,    18] loss: 0.5038 acc: 69.4444
[100,    19] loss: 2.0922 acc: 68.4211
[100,    20] loss: 1.2943 acc: 66.2500
[100,    21] loss: 0.5988 acc: 67.8571
[100,    22] loss: 0.5924 acc: 69.3182
[100,    23] loss: 1.1528 acc: 69.5652
[100,    24] loss: 1.1901 acc: 68.7500
[100,    25] loss: 0.7189 acc: 70.0000
[100,    26] loss: 0.8087 acc: 70.1923
[100,    27] loss: 0.8861 acc: 71.2963
[100,    28] loss: 0.5957 acc: 72.3214
[100,    29] loss: 0.5687 acc: 73.2759
[100,    30] loss: 1.3327 acc: 72.5000
[100,    31] loss: 1.7755 acc: 70.9677
[100,    32] loss: 1.7282 acc: 69.5312
75.29761904761905
[1,     1] loss: 2.3086 acc: 25.0000
[1,     2] loss: 4.0783 acc: 25.0000
[1,     3] loss: 2.9023 acc: 16.6667
[1,     4] loss: 5.9359 acc: 18.7500
[1,     5] loss: 17.9055 acc: 15.0000
[1,     6] loss: 3.6310 acc: 20.8333
[1,     7] loss: 10.2985 acc: 17.8571
[1,     8] loss: 5.8904 acc: 15.6250
[1,     9] loss: 16.2518 acc: 13.8889
[1,    10] loss: 6.6212 acc: 12.5000
[1,    11] loss: 4.3726 acc: 11.3636
[1,    12] loss: 6.2831 acc: 12.5000
[1,    13] loss: 5.6684 acc: 11.5385
[1,    14] loss: 2.0850 acc: 14.2857
[1,    15] loss: 3.0846 acc: 15.0000
[1,    16] loss: 2.5225 acc: 14.0625
[1,    17] loss: 2.3102 acc: 14.7059
[1,    18] loss: 2.5391 acc: 13.8889
[1,    19] loss: 2.4869 acc: 13.1579
[1,    20] loss: 2.3729 acc: 12.5000
[1,    21] loss: 2.3599 acc: 11.9048
[1,    22] loss: 2.2819 acc: 11.3636
[1,    23] loss: 2.3358 acc: 10.8696
[1,    24] loss: 2.2307 acc: 10.4167
[1,    25] loss: 2.4815 acc: 10.0000
[1,    26] loss: 2.3657 acc: 9.6154
[1,    27] loss: 2.2501 acc: 10.1852
[1,    28] loss: 2.2757 acc: 10.7143
[1,    29] loss: 2.2982 acc: 10.3448
[1,    30] loss: 2.3300 acc: 10.0000
[1,    31] loss: 2.2662 acc: 9.6774
[1,    32] loss: 2.3797 acc: 9.3750
[2,     1] loss: 2.2730 acc: 25.0000
[2,     2] loss: 2.3270 acc: 12.5000
[2,     3] loss: 2.1791 acc: 16.6667
[2,     4] loss: 2.3245 acc: 18.7500
[2,     5] loss: 2.2641 acc: 20.0000
[2,     6] loss: 2.2162 acc: 25.0000
[2,     7] loss: 2.3981 acc: 21.4286
[2,     8] loss: 2.3373 acc: 18.7500
[2,     9] loss: 2.2958 acc: 16.6667
[2,    10] loss: 2.3850 acc: 15.0000
[2,    11] loss: 2.2960 acc: 13.6364
[2,    12] loss: 2.1990 acc: 14.5833
[2,    13] loss: 2.2777 acc: 15.3846
[2,    14] loss: 2.2395 acc: 16.0714
[2,    15] loss: 2.2207 acc: 16.6667
[2,    16] loss: 2.3944 acc: 15.6250
[2,    17] loss: 2.5198 acc: 14.7059
[2,    18] loss: 2.3165 acc: 13.8889
[2,    19] loss: 2.1642 acc: 14.4737
[2,    20] loss: 2.2840 acc: 15.0000
[2,    21] loss: 2.4336 acc: 14.2857
[2,    22] loss: 2.3279 acc: 13.6364
[2,    23] loss: 2.3052 acc: 13.0435
[2,    24] loss: 2.3062 acc: 12.5000
[2,    25] loss: 2.2196 acc: 14.0000
[2,    26] loss: 2.3037 acc: 13.4615
[2,    27] loss: 2.1788 acc: 13.8889
[2,    28] loss: 2.1763 acc: 14.2857
[2,    29] loss: 2.3885 acc: 13.7931
[2,    30] loss: 2.2899 acc: 14.1667
[2,    31] loss: 2.3379 acc: 13.7097
[2,    32] loss: 2.3055 acc: 13.2812
[3,     1] loss: 2.3001 acc: 25.0000
[3,     2] loss: 2.3333 acc: 12.5000
[3,     3] loss: 2.2503 acc: 25.0000
[3,     4] loss: 2.3424 acc: 18.7500
[3,     5] loss: 2.2929 acc: 15.0000
[3,     6] loss: 2.3607 acc: 12.5000
[3,     7] loss: 2.2511 acc: 14.2857
[3,     8] loss: 2.3245 acc: 12.5000
[3,     9] loss: 2.3345 acc: 11.1111
[3,    10] loss: 2.2186 acc: 12.5000
[3,    11] loss: 2.3420 acc: 11.3636
[3,    12] loss: 2.2937 acc: 10.4167
[3,    13] loss: 2.3322 acc: 9.6154
[3,    14] loss: 2.2990 acc: 12.5000
[3,    15] loss: 2.3011 acc: 11.6667
[3,    16] loss: 2.3945 acc: 10.9375
[3,    17] loss: 2.3326 acc: 10.2941
[3,    18] loss: 2.2945 acc: 9.7222
[3,    19] loss: 2.3100 acc: 9.2105
[3,    20] loss: 2.3099 acc: 8.7500
[3,    21] loss: 2.2979 acc: 9.5238
[3,    22] loss: 2.3036 acc: 9.0909
[3,    23] loss: 2.3198 acc: 8.6957
[3,    24] loss: 2.2916 acc: 9.3750
[3,    25] loss: 2.3328 acc: 9.0000
[3,    26] loss: 2.3272 acc: 8.6538
[3,    27] loss: 2.3351 acc: 8.3333
[3,    28] loss: 2.2958 acc: 8.0357
[3,    29] loss: 2.2610 acc: 8.6207
[3,    30] loss: 2.2904 acc: 8.3333
[3,    31] loss: 2.3158 acc: 8.0645
[3,    32] loss: 2.3259 acc: 7.8125
[4,     1] loss: 2.2793 acc: 50.0000
[4,     2] loss: 2.2711 acc: 37.5000
[4,     3] loss: 2.2951 acc: 33.3333
[4,     4] loss: 2.1729 acc: 37.5000
[4,     5] loss: 2.6556 acc: 30.0000
[4,     6] loss: 2.3271 acc: 25.0000
[4,     7] loss: 2.3332 acc: 21.4286
[4,     8] loss: 2.3078 acc: 18.7500
[4,     9] loss: 2.3284 acc: 16.6667
[4,    10] loss: 2.2852 acc: 20.0000
[4,    11] loss: 2.2820 acc: 20.4545
[4,    12] loss: 2.3184 acc: 18.7500
[4,    13] loss: 2.3003 acc: 17.3077
[4,    14] loss: 2.3164 acc: 16.0714
[4,    15] loss: 2.2902 acc: 16.6667
[4,    16] loss: 2.2990 acc: 17.1875
[4,    17] loss: 2.3108 acc: 16.1765
[4,    18] loss: 2.3094 acc: 15.2778
[4,    19] loss: 2.2849 acc: 14.4737
[4,    20] loss: 2.3336 acc: 13.7500
[4,    21] loss: 2.2894 acc: 13.0952
[4,    22] loss: 2.2836 acc: 13.6364
[4,    23] loss: 2.3112 acc: 13.0435
[4,    24] loss: 2.2998 acc: 13.5417
[4,    25] loss: 2.3363 acc: 13.0000
[4,    26] loss: 2.3193 acc: 12.5000
[4,    27] loss: 2.3050 acc: 12.0370
[4,    28] loss: 2.3218 acc: 11.6071
[4,    29] loss: 2.3059 acc: 12.0690
[4,    30] loss: 2.3125 acc: 11.6667
[4,    31] loss: 2.3033 acc: 12.0968
[4,    32] loss: 2.3182 acc: 11.7188
[5,     1] loss: 2.3143 acc: 0.0000
[5,     2] loss: 2.3131 acc: 0.0000
[5,     3] loss: 2.2939 acc: 0.0000
[5,     4] loss: 2.2905 acc: 6.2500
[5,     5] loss: 2.3127 acc: 5.0000
[5,     6] loss: 2.3148 acc: 4.1667
[5,     7] loss: 2.3157 acc: 3.5714
[5,     8] loss: 2.2982 acc: 6.2500
[5,     9] loss: 2.3102 acc: 5.5556
[5,    10] loss: 2.2941 acc: 7.5000
[5,    11] loss: 2.2844 acc: 9.0909
[5,    12] loss: 2.3065 acc: 10.4167
[5,    13] loss: 2.2932 acc: 13.4615
[5,    14] loss: 2.2916 acc: 12.5000
[5,    15] loss: 2.2969 acc: 11.6667
[5,    16] loss: 2.3143 acc: 10.9375
[5,    17] loss: 2.3084 acc: 10.2941
[5,    18] loss: 2.2895 acc: 11.1111
[5,    19] loss: 2.2777 acc: 11.8421
[5,    20] loss: 2.3116 acc: 12.5000
[5,    21] loss: 2.2807 acc: 14.2857
[5,    22] loss: 2.3230 acc: 13.6364
[5,    23] loss: 2.3292 acc: 13.0435
[5,    24] loss: 2.2968 acc: 12.5000
[5,    25] loss: 2.3172 acc: 12.0000
[5,    26] loss: 2.3152 acc: 11.5385
[5,    27] loss: 2.2806 acc: 12.0370
[5,    28] loss: 2.3173 acc: 11.6071
[5,    29] loss: 2.3047 acc: 12.0690
[5,    30] loss: 2.3034 acc: 11.6667
[5,    31] loss: 2.3007 acc: 11.2903
[5,    32] loss: 2.3064 acc: 10.9375
[6,     1] loss: 2.2886 acc: 25.0000
[6,     2] loss: 2.3213 acc: 12.5000
[6,     3] loss: 2.2996 acc: 8.3333
[6,     4] loss: 2.3071 acc: 6.2500
[6,     5] loss: 2.3054 acc: 5.0000
[6,     6] loss: 2.3089 acc: 4.1667
[6,     7] loss: 2.3128 acc: 7.1429
[6,     8] loss: 2.3063 acc: 6.2500
[6,     9] loss: 2.3195 acc: 5.5556
[6,    10] loss: 2.3057 acc: 5.0000
[6,    11] loss: 2.3076 acc: 4.5455
[6,    12] loss: 2.3029 acc: 6.2500
[6,    13] loss: 2.2908 acc: 7.6923
[6,    14] loss: 2.2982 acc: 8.9286
[6,    15] loss: 2.3197 acc: 8.3333
[6,    16] loss: 2.3011 acc: 7.8125
[6,    17] loss: 2.3176 acc: 7.3529
[6,    18] loss: 2.3052 acc: 6.9444
[6,    19] loss: 2.3103 acc: 6.5789
[6,    20] loss: 2.3138 acc: 6.2500
[6,    21] loss: 2.2972 acc: 5.9524
[6,    22] loss: 2.3017 acc: 5.6818
[6,    23] loss: 2.2930 acc: 6.5217
[6,    24] loss: 2.2828 acc: 8.3333
[6,    25] loss: 2.2848 acc: 9.0000
[6,    26] loss: 2.3017 acc: 9.6154
[6,    27] loss: 2.3133 acc: 9.2593
[6,    28] loss: 2.3020 acc: 8.9286
[6,    29] loss: 2.2945 acc: 9.4828
[6,    30] loss: 2.3182 acc: 9.1667
[6,    31] loss: 2.2819 acc: 9.6774
[6,    32] loss: 2.3221 acc: 9.3750
[7,     1] loss: 2.3107 acc: 0.0000
[7,     2] loss: 2.3245 acc: 0.0000
[7,     3] loss: 2.3041 acc: 8.3333
[7,     4] loss: 2.3119 acc: 6.2500
[7,     5] loss: 2.2976 acc: 10.0000
[7,     6] loss: 2.2829 acc: 12.5000
[7,     7] loss: 2.3029 acc: 14.2857
[7,     8] loss: 2.2982 acc: 15.6250
[7,     9] loss: 2.3002 acc: 13.8889
[7,    10] loss: 2.2912 acc: 15.0000
[7,    11] loss: 2.3201 acc: 13.6364
[7,    12] loss: 2.2816 acc: 14.5833
[7,    13] loss: 2.3175 acc: 13.4615
[7,    14] loss: 2.3129 acc: 12.5000
[7,    15] loss: 2.2671 acc: 15.0000
[7,    16] loss: 2.2801 acc: 15.6250
[7,    17] loss: 2.2326 acc: 16.1765
[7,    18] loss: 2.6554 acc: 15.2778
[7,    19] loss: 2.2993 acc: 14.4737
[7,    20] loss: 2.2673 acc: 15.0000
[7,    21] loss: 2.3365 acc: 14.2857
[7,    22] loss: 2.2980 acc: 13.6364
[7,    23] loss: 2.3215 acc: 13.0435
[7,    24] loss: 2.2904 acc: 12.5000
[7,    25] loss: 2.3056 acc: 12.0000
[7,    26] loss: 2.3208 acc: 11.5385
[7,    27] loss: 2.2803 acc: 12.9630
[7,    28] loss: 2.2547 acc: 13.3929
[7,    29] loss: 2.3886 acc: 12.9310
[7,    30] loss: 2.2765 acc: 13.3333
[7,    31] loss: 2.3779 acc: 12.9032
[7,    32] loss: 2.3129 acc: 12.5000
[8,     1] loss: 2.3035 acc: 0.0000
[8,     2] loss: 2.2937 acc: 0.0000
[8,     3] loss: 2.3036 acc: 0.0000
[8,     4] loss: 2.3079 acc: 0.0000
[8,     5] loss: 2.3042 acc: 0.0000
[8,     6] loss: 2.2862 acc: 4.1667
[8,     7] loss: 2.2821 acc: 7.1429
[8,     8] loss: 2.2668 acc: 9.3750
[8,     9] loss: 2.3228 acc: 8.3333
[8,    10] loss: 2.2907 acc: 10.0000
[8,    11] loss: 2.2873 acc: 11.3636
[8,    12] loss: 2.2990 acc: 12.5000
[8,    13] loss: 2.1724 acc: 15.3846
[8,    14] loss: 3.4522 acc: 14.2857
[8,    15] loss: 2.3414 acc: 13.3333
[8,    16] loss: 2.4946 acc: 12.5000
[8,    17] loss: 2.2994 acc: 13.2353
[8,    18] loss: 2.2971 acc: 13.8889
[8,    19] loss: 2.3048 acc: 13.1579
[8,    20] loss: 2.2958 acc: 13.7500
[8,    21] loss: 2.3072 acc: 13.0952
[8,    22] loss: 2.3111 acc: 12.5000
[8,    23] loss: 2.3041 acc: 11.9565
[8,    24] loss: 2.3024 acc: 12.5000
[8,    25] loss: 2.3075 acc: 12.0000
[8,    26] loss: 2.2987 acc: 13.4615
[8,    27] loss: 2.2959 acc: 13.8889
[8,    28] loss: 2.2992 acc: 14.2857
[8,    29] loss: 2.3049 acc: 13.7931
[8,    30] loss: 2.3120 acc: 13.3333
[8,    31] loss: 2.3103 acc: 12.9032
[8,    32] loss: 2.2908 acc: 13.2812
[9,     1] loss: 2.3098 acc: 0.0000
[9,     2] loss: 2.3105 acc: 0.0000
[9,     3] loss: 2.3082 acc: 0.0000
[9,     4] loss: 2.3066 acc: 0.0000
[9,     5] loss: 2.3066 acc: 0.0000
[9,     6] loss: 2.2977 acc: 4.1667
[9,     7] loss: 2.3065 acc: 3.5714
[9,     8] loss: 2.3072 acc: 3.1250
[9,     9] loss: 2.3030 acc: 2.7778
[9,    10] loss: 2.3027 acc: 5.0000
[9,    11] loss: 2.3018 acc: 4.5455
[9,    12] loss: 2.3008 acc: 6.2500
[9,    13] loss: 2.3049 acc: 5.7692
[9,    14] loss: 2.3024 acc: 5.3571
[9,    15] loss: 2.2999 acc: 6.6667
[9,    16] loss: 2.3022 acc: 6.2500
[9,    17] loss: 2.3020 acc: 5.8824
[9,    18] loss: 2.3046 acc: 5.5556
[9,    19] loss: 2.3031 acc: 6.5789
[9,    20] loss: 2.3034 acc: 6.2500
[9,    21] loss: 2.3021 acc: 5.9524
[9,    22] loss: 2.3009 acc: 6.8182
[9,    23] loss: 2.3048 acc: 6.5217
[9,    24] loss: 2.3058 acc: 6.2500
[9,    25] loss: 2.3044 acc: 6.0000
[9,    26] loss: 2.3032 acc: 5.7692
[9,    27] loss: 2.3050 acc: 5.5556
[9,    28] loss: 2.3039 acc: 6.2500
[9,    29] loss: 2.2993 acc: 7.7586
[9,    30] loss: 2.2984 acc: 8.3333
[9,    31] loss: 2.3043 acc: 8.0645
[9,    32] loss: 2.3012 acc: 7.8125
[10,     1] loss: 2.3011 acc: 25.0000
[10,     2] loss: 2.3011 acc: 25.0000
[10,     3] loss: 2.3023 acc: 16.6667
[10,     4] loss: 2.2997 acc: 18.7500
[10,     5] loss: 2.3061 acc: 15.0000
[10,     6] loss: 2.3004 acc: 20.8333
[10,     7] loss: 2.3040 acc: 17.8571
[10,     8] loss: 2.2960 acc: 21.8750
[10,     9] loss: 2.3029 acc: 19.4444
[10,    10] loss: 2.3049 acc: 17.5000
[10,    11] loss: 2.3077 acc: 15.9091
[10,    12] loss: 2.3021 acc: 14.5833
[10,    13] loss: 2.2977 acc: 17.3077
[10,    14] loss: 2.3033 acc: 16.0714
[10,    15] loss: 2.3014 acc: 16.6667
[10,    16] loss: 2.3016 acc: 15.6250
[10,    17] loss: 2.3028 acc: 16.1765
[10,    18] loss: 2.3025 acc: 15.2778
[10,    19] loss: 2.3036 acc: 14.4737
[10,    20] loss: 2.3015 acc: 15.0000
[10,    21] loss: 2.2897 acc: 15.4762
[10,    22] loss: 2.3083 acc: 14.7727
[10,    23] loss: 2.3023 acc: 15.2174
[10,    24] loss: 2.3011 acc: 15.6250
[10,    25] loss: 2.3042 acc: 15.0000
[10,    26] loss: 2.3023 acc: 15.3846
[10,    27] loss: 2.3062 acc: 14.8148
[10,    28] loss: 2.3004 acc: 15.1786
[10,    29] loss: 2.3018 acc: 14.6552
[10,    30] loss: 2.3000 acc: 15.0000
[10,    31] loss: 2.2969 acc: 15.3226
[10,    32] loss: 2.3058 acc: 14.8438
[11,     1] loss: 2.3024 acc: 0.0000
[11,     2] loss: 2.3028 acc: 0.0000
[11,     3] loss: 2.3047 acc: 0.0000
[11,     4] loss: 2.2971 acc: 6.2500
[11,     5] loss: 2.3032 acc: 5.0000
[11,     6] loss: 2.3030 acc: 4.1667
[11,     7] loss: 2.2987 acc: 3.5714
[11,     8] loss: 2.3030 acc: 3.1250
[11,     9] loss: 2.3035 acc: 2.7778
[11,    10] loss: 2.3009 acc: 2.5000
[11,    11] loss: 2.2999 acc: 4.5455
[11,    12] loss: 2.3025 acc: 4.1667
[11,    13] loss: 2.3054 acc: 3.8462
[11,    14] loss: 2.2997 acc: 5.3571
[11,    15] loss: 2.2972 acc: 6.6667
[11,    16] loss: 2.2993 acc: 6.2500
[11,    17] loss: 2.2968 acc: 7.3529
[11,    18] loss: 2.3113 acc: 6.9444
[11,    19] loss: 2.2997 acc: 6.5789
[11,    20] loss: 2.3016 acc: 6.2500
[11,    21] loss: 2.3029 acc: 5.9524
[11,    22] loss: 2.3021 acc: 6.8182
[11,    23] loss: 2.3097 acc: 6.5217
[11,    24] loss: 2.3016 acc: 7.2917
[11,    25] loss: 2.3059 acc: 7.0000
[11,    26] loss: 2.2989 acc: 6.7308
[11,    27] loss: 2.3062 acc: 6.4815
[11,    28] loss: 2.3043 acc: 6.2500
[11,    29] loss: 2.3025 acc: 6.0345
[11,    30] loss: 2.3007 acc: 5.8333
[11,    31] loss: 2.2993 acc: 6.4516
[11,    32] loss: 2.2953 acc: 7.8125
[12,     1] loss: 2.3021 acc: 0.0000
[12,     2] loss: 2.3069 acc: 0.0000
[12,     3] loss: 2.3073 acc: 0.0000
[12,     4] loss: 2.2949 acc: 6.2500
[12,     5] loss: 2.3102 acc: 5.0000
[12,     6] loss: 2.3040 acc: 4.1667
[12,     7] loss: 2.3038 acc: 7.1429
[12,     8] loss: 2.2854 acc: 12.5000
[12,     9] loss: 2.2932 acc: 13.8889
[12,    10] loss: 2.3123 acc: 12.5000
[12,    11] loss: 2.3032 acc: 11.3636
[12,    12] loss: 2.3013 acc: 12.5000
[12,    13] loss: 2.3048 acc: 11.5385
[12,    14] loss: 2.2985 acc: 12.5000
[12,    15] loss: 2.3028 acc: 11.6667
[12,    16] loss: 2.3100 acc: 10.9375
[12,    17] loss: 2.2787 acc: 13.2353
[12,    18] loss: 2.3062 acc: 12.5000
[12,    19] loss: 2.3083 acc: 11.8421
[12,    20] loss: 2.2992 acc: 11.2500
[12,    21] loss: 2.3100 acc: 10.7143
[12,    22] loss: 2.2932 acc: 11.3636
[12,    23] loss: 2.3035 acc: 10.8696
[12,    24] loss: 2.3129 acc: 10.4167
[12,    25] loss: 2.3065 acc: 10.0000
[12,    26] loss: 2.3075 acc: 9.6154
[12,    27] loss: 2.3109 acc: 9.2593
[12,    28] loss: 2.2963 acc: 9.8214
[12,    29] loss: 2.3028 acc: 9.4828
[12,    30] loss: 2.3067 acc: 9.1667
[12,    31] loss: 2.2922 acc: 10.4839
[12,    32] loss: 2.3075 acc: 10.1562
[13,     1] loss: 2.3020 acc: 25.0000
[13,     2] loss: 2.3054 acc: 12.5000
[13,     3] loss: 2.3011 acc: 25.0000
[13,     4] loss: 2.3039 acc: 25.0000
[13,     5] loss: 2.2941 acc: 30.0000
[13,     6] loss: 2.3085 acc: 25.0000
[13,     7] loss: 2.2956 acc: 21.4286
[13,     8] loss: 2.3004 acc: 21.8750
[13,     9] loss: 2.3042 acc: 19.4444
[13,    10] loss: 2.3079 acc: 17.5000
[13,    11] loss: 2.3022 acc: 18.1818
[13,    12] loss: 2.2955 acc: 18.7500
[13,    13] loss: 2.3054 acc: 17.3077
[13,    14] loss: 2.3153 acc: 16.0714
[13,    15] loss: 2.3015 acc: 16.6667
[13,    16] loss: 2.2827 acc: 15.6250
[13,    17] loss: 2.2389 acc: 16.1765
[13,    18] loss: 3.3108 acc: 15.2778
[13,    19] loss: 2.3016 acc: 14.4737
[13,    20] loss: 2.3060 acc: 13.7500
[13,    21] loss: 2.3026 acc: 13.0952
[13,    22] loss: 2.3060 acc: 12.5000
[13,    23] loss: 2.3041 acc: 11.9565
[13,    24] loss: 2.3042 acc: 11.4583
[13,    25] loss: 2.3031 acc: 11.0000
[13,    26] loss: 2.3021 acc: 11.5385
[13,    27] loss: 2.3027 acc: 11.1111
[13,    28] loss: 2.3037 acc: 10.7143
[13,    29] loss: 2.3011 acc: 11.2069
[13,    30] loss: 2.3028 acc: 10.8333
[13,    31] loss: 2.3037 acc: 10.4839
[13,    32] loss: 2.3035 acc: 10.1562
[14,     1] loss: 2.3033 acc: 0.0000
[14,     2] loss: 2.3029 acc: 0.0000
[14,     3] loss: 2.2974 acc: 16.6667
[14,     4] loss: 2.3047 acc: 12.5000
[14,     5] loss: 2.3050 acc: 10.0000
[14,     6] loss: 2.3032 acc: 8.3333
[14,     7] loss: 2.3022 acc: 7.1429
[14,     8] loss: 2.3042 acc: 6.2500
[14,     9] loss: 2.3034 acc: 5.5556
[14,    10] loss: 2.3026 acc: 7.5000
[14,    11] loss: 2.3017 acc: 9.0909
[14,    12] loss: 2.3019 acc: 10.4167
[14,    13] loss: 2.3038 acc: 9.6154
[14,    14] loss: 2.3036 acc: 8.9286
[14,    15] loss: 2.3038 acc: 8.3333
[14,    16] loss: 2.3032 acc: 7.8125
[14,    17] loss: 2.3032 acc: 7.3529
[14,    18] loss: 2.3034 acc: 6.9444
[14,    19] loss: 2.3011 acc: 7.8947
[14,    20] loss: 2.2915 acc: 10.0000
[14,    21] loss: 2.2865 acc: 10.7143
[14,    22] loss: 2.4312 acc: 10.2273
[14,    23] loss: 2.3030 acc: 9.7826
[14,    24] loss: 2.3027 acc: 9.3750
[14,    25] loss: 2.3031 acc: 9.0000
[14,    26] loss: 2.3028 acc: 8.6538
[14,    27] loss: 2.3028 acc: 8.3333
[14,    28] loss: 2.3030 acc: 8.0357
[14,    29] loss: 2.3027 acc: 7.7586
[14,    30] loss: 2.3029 acc: 8.3333
[14,    31] loss: 2.3013 acc: 8.0645
[14,    32] loss: 2.3027 acc: 7.8125
[15,     1] loss: 2.3025 acc: 0.0000
[15,     2] loss: 2.3028 acc: 25.0000
[15,     3] loss: 2.3014 acc: 25.0000
[15,     4] loss: 2.3023 acc: 18.7500
[15,     5] loss: 2.2864 acc: 25.0000
[15,     6] loss: 2.3067 acc: 20.8333
[15,     7] loss: 2.3021 acc: 21.4286
[15,     8] loss: 2.3093 acc: 18.7500
[15,     9] loss: 2.3025 acc: 19.4444
[15,    10] loss: 2.2994 acc: 20.0000
[15,    11] loss: 2.3037 acc: 18.1818
[15,    12] loss: 2.3031 acc: 16.6667
[15,    13] loss: 2.3025 acc: 17.3077
[15,    14] loss: 2.3037 acc: 16.0714
[15,    15] loss: 2.3044 acc: 15.0000
[15,    16] loss: 2.3031 acc: 14.0625
[15,    17] loss: 2.3032 acc: 13.2353
[15,    18] loss: 2.2977 acc: 15.2778
[15,    19] loss: 2.3058 acc: 14.4737
[15,    20] loss: 2.3028 acc: 13.7500
[15,    21] loss: 2.3031 acc: 13.0952
[15,    22] loss: 2.3044 acc: 12.5000
[15,    23] loss: 2.3022 acc: 13.0435
[15,    24] loss: 2.3024 acc: 13.5417
[15,    25] loss: 2.3026 acc: 14.0000
[15,    26] loss: 2.3019 acc: 14.4231
[15,    27] loss: 2.3029 acc: 13.8889
[15,    28] loss: 2.3013 acc: 15.1786
[15,    29] loss: 2.3034 acc: 14.6552
[15,    30] loss: 2.2998 acc: 15.8333
[15,    31] loss: 2.3040 acc: 15.3226
[15,    32] loss: 2.3022 acc: 14.8438
[16,     1] loss: 2.3044 acc: 0.0000
[16,     2] loss: 2.3022 acc: 12.5000
[16,     3] loss: 2.3037 acc: 8.3333
[16,     4] loss: 2.3033 acc: 6.2500
[16,     5] loss: 2.3019 acc: 15.0000
[16,     6] loss: 2.3028 acc: 12.5000
[16,     7] loss: 2.3029 acc: 10.7143
[16,     8] loss: 2.3043 acc: 9.3750
[16,     9] loss: 2.3031 acc: 8.3333
[16,    10] loss: 2.3037 acc: 7.5000
[16,    11] loss: 2.3025 acc: 6.8182
[16,    12] loss: 2.3027 acc: 6.2500
[16,    13] loss: 2.3027 acc: 5.7692
[16,    14] loss: 2.3022 acc: 7.1429
[16,    15] loss: 2.3013 acc: 10.0000
[16,    16] loss: 2.3030 acc: 9.3750
[16,    17] loss: 2.3026 acc: 8.8235
[16,    18] loss: 2.3028 acc: 8.3333
[16,    19] loss: 2.3021 acc: 9.2105
[16,    20] loss: 2.3027 acc: 8.7500
[16,    21] loss: 2.3030 acc: 8.3333
[16,    22] loss: 2.2992 acc: 9.0909
[16,    23] loss: 2.3031 acc: 8.6957
[16,    24] loss: 2.3034 acc: 8.3333
[16,    25] loss: 2.3028 acc: 9.0000
[16,    26] loss: 2.3036 acc: 8.6538
[16,    27] loss: 2.2891 acc: 9.2593
[16,    28] loss: 2.2971 acc: 9.8214
[16,    29] loss: 2.4859 acc: 9.4828
[16,    30] loss: 2.3029 acc: 9.1667
[16,    31] loss: 2.3028 acc: 8.8710
[16,    32] loss: 2.3030 acc: 8.5938
[17,     1] loss: 2.3033 acc: 0.0000
[17,     2] loss: 2.3027 acc: 0.0000
[17,     3] loss: 2.3028 acc: 0.0000
[17,     4] loss: 2.3028 acc: 0.0000
[17,     5] loss: 2.3027 acc: 0.0000
[17,     6] loss: 2.3023 acc: 4.1667
[17,     7] loss: 2.3021 acc: 10.7143
[17,     8] loss: 2.3026 acc: 9.3750
[17,     9] loss: 2.3026 acc: 8.3333
[17,    10] loss: 2.3027 acc: 10.0000
[17,    11] loss: 2.3034 acc: 9.0909
[17,    12] loss: 2.3026 acc: 8.3333
[17,    13] loss: 2.3026 acc: 9.6154
[17,    14] loss: 2.3027 acc: 8.9286
[17,    15] loss: 2.3029 acc: 8.3333
[17,    16] loss: 2.3028 acc: 7.8125
[17,    17] loss: 2.3031 acc: 7.3529
[17,    18] loss: 2.3029 acc: 6.9444
[17,    19] loss: 2.3027 acc: 6.5789
[17,    20] loss: 2.3032 acc: 8.7500
[17,    21] loss: 2.3020 acc: 9.5238
[17,    22] loss: 2.3028 acc: 9.0909
[17,    23] loss: 2.3028 acc: 8.6957
[17,    24] loss: 2.3024 acc: 8.3333
[17,    25] loss: 2.3027 acc: 8.0000
[17,    26] loss: 2.3027 acc: 7.6923
[17,    27] loss: 2.3024 acc: 8.3333
[17,    28] loss: 2.3028 acc: 8.0357
[17,    29] loss: 2.3027 acc: 8.6207
[17,    30] loss: 2.3018 acc: 10.0000
[17,    31] loss: 2.3026 acc: 9.6774
[17,    32] loss: 2.3023 acc: 10.1562
[18,     1] loss: 2.3029 acc: 0.0000
[18,     2] loss: 2.3027 acc: 0.0000
[18,     3] loss: 2.3020 acc: 8.3333
[18,     4] loss: 2.3027 acc: 6.2500
[18,     5] loss: 2.3016 acc: 15.0000
[18,     6] loss: 2.3026 acc: 12.5000
[18,     7] loss: 2.3027 acc: 10.7143
[18,     8] loss: 2.3034 acc: 9.3750
[18,     9] loss: 2.3027 acc: 8.3333
[18,    10] loss: 2.2995 acc: 10.0000
[18,    11] loss: 2.3015 acc: 13.6364
[18,    12] loss: 2.3029 acc: 12.5000
[18,    13] loss: 2.3031 acc: 11.5385
[18,    14] loss: 2.3028 acc: 10.7143
[18,    15] loss: 2.3029 acc: 10.0000
[18,    16] loss: 2.3028 acc: 9.3750
[18,    17] loss: 2.3024 acc: 10.2941
[18,    18] loss: 2.3019 acc: 11.1111
[18,    19] loss: 2.2977 acc: 13.1579
[18,    20] loss: 2.3053 acc: 12.5000
[18,    21] loss: 2.3031 acc: 11.9048
[18,    22] loss: 2.3041 acc: 11.3636
[18,    23] loss: 2.3030 acc: 10.8696
[18,    24] loss: 2.3027 acc: 10.4167
[18,    25] loss: 2.3028 acc: 10.0000
[18,    26] loss: 2.3029 acc: 9.6154
[18,    27] loss: 2.3029 acc: 9.2593
[18,    28] loss: 2.3028 acc: 8.9286
[18,    29] loss: 2.3028 acc: 8.6207
[18,    30] loss: 2.3027 acc: 10.0000
[18,    31] loss: 2.3025 acc: 10.4839
[18,    32] loss: 2.3030 acc: 10.1562
[19,     1] loss: 2.3028 acc: 0.0000
[19,     2] loss: 2.3028 acc: 0.0000
[19,     3] loss: 2.3027 acc: 0.0000
[19,     4] loss: 2.3027 acc: 0.0000
[19,     5] loss: 2.3027 acc: 0.0000
[19,     6] loss: 2.3028 acc: 0.0000
[19,     7] loss: 2.3024 acc: 3.5714
[19,     8] loss: 2.3025 acc: 6.2500
[19,     9] loss: 2.3029 acc: 5.5556
[19,    10] loss: 2.3026 acc: 7.5000
[19,    11] loss: 2.3025 acc: 6.8182
[19,    12] loss: 2.3027 acc: 6.2500
[19,    13] loss: 2.3027 acc: 5.7692
[19,    14] loss: 2.3028 acc: 5.3571
[19,    15] loss: 2.3023 acc: 6.6667
[19,    16] loss: 2.3027 acc: 6.2500
[19,    17] loss: 2.3027 acc: 5.8824
[19,    18] loss: 2.3027 acc: 5.5556
[19,    19] loss: 2.3026 acc: 6.5789
[19,    20] loss: 2.3013 acc: 7.5000
[19,    21] loss: 2.3029 acc: 7.1429
[19,    22] loss: 2.3019 acc: 7.9545
[19,    23] loss: 2.3028 acc: 7.6087
[19,    24] loss: 2.3026 acc: 7.2917
[19,    25] loss: 2.3023 acc: 8.0000
[19,    26] loss: 2.3027 acc: 7.6923
[19,    27] loss: 2.3022 acc: 8.3333
[19,    28] loss: 2.3027 acc: 8.0357
[19,    29] loss: 2.3024 acc: 8.6207
[19,    30] loss: 2.3029 acc: 8.3333
[19,    31] loss: 2.3029 acc: 8.0645
[19,    32] loss: 2.3031 acc: 7.8125
[20,     1] loss: 2.3029 acc: 0.0000
[20,     2] loss: 2.3025 acc: 12.5000
[20,     3] loss: 2.3026 acc: 8.3333
[20,     4] loss: 2.3027 acc: 6.2500
[20,     5] loss: 2.3028 acc: 10.0000
[20,     6] loss: 2.3028 acc: 8.3333
[20,     7] loss: 2.3027 acc: 7.1429
[20,     8] loss: 2.3027 acc: 6.2500
[20,     9] loss: 2.3027 acc: 5.5556
[20,    10] loss: 2.3027 acc: 5.0000
[20,    11] loss: 2.3028 acc: 4.5455
[20,    12] loss: 2.3026 acc: 4.1667
[20,    13] loss: 2.3027 acc: 3.8462
[20,    14] loss: 2.3007 acc: 5.3571
[20,    15] loss: 2.3030 acc: 5.0000
[20,    16] loss: 2.3026 acc: 6.2500
[20,    17] loss: 2.3028 acc: 5.8824
[20,    18] loss: 2.3026 acc: 6.9444
[20,    19] loss: 2.3019 acc: 7.8947
[20,    20] loss: 2.3028 acc: 7.5000
[20,    21] loss: 2.3025 acc: 8.3333
[20,    22] loss: 2.3029 acc: 7.9545
[20,    23] loss: 2.3027 acc: 7.6087
[20,    24] loss: 2.3017 acc: 8.3333
[20,    25] loss: 2.3034 acc: 8.0000
[20,    26] loss: 2.3025 acc: 7.6923
[20,    27] loss: 2.3028 acc: 7.4074
[20,    28] loss: 2.3030 acc: 7.1429
[20,    29] loss: 2.3027 acc: 6.8966
[20,    30] loss: 2.3022 acc: 7.5000
[20,    31] loss: 2.3024 acc: 8.0645
[20,    32] loss: 2.3028 acc: 7.8125
[21,     1] loss: 2.3027 acc: 0.0000
[21,     2] loss: 2.3026 acc: 0.0000
[21,     3] loss: 2.3022 acc: 8.3333
[21,     4] loss: 2.3026 acc: 6.2500
[21,     5] loss: 2.3020 acc: 15.0000
[21,     6] loss: 2.3029 acc: 12.5000
[21,     7] loss: 2.3027 acc: 10.7143
[21,     8] loss: 2.3027 acc: 9.3750
[21,     9] loss: 2.3026 acc: 11.1111
[21,    10] loss: 2.3030 acc: 10.0000
[21,    11] loss: 2.3026 acc: 9.0909
[21,    12] loss: 2.3028 acc: 8.3333
[21,    13] loss: 2.3027 acc: 7.6923
[21,    14] loss: 2.3011 acc: 8.9286
[21,    15] loss: 2.3024 acc: 10.0000
[21,    16] loss: 2.3015 acc: 10.9375
[21,    17] loss: 2.3030 acc: 10.2941
[21,    18] loss: 2.3033 acc: 9.7222
[21,    19] loss: 2.3027 acc: 9.2105
[21,    20] loss: 2.3024 acc: 10.0000
[21,    21] loss: 2.3027 acc: 9.5238
[21,    22] loss: 2.3030 acc: 9.0909
[21,    23] loss: 2.3030 acc: 8.6957
[21,    24] loss: 2.3028 acc: 8.3333
[21,    25] loss: 2.3028 acc: 8.0000
[21,    26] loss: 2.3018 acc: 8.6538
[21,    27] loss: 2.3028 acc: 8.3333
[21,    28] loss: 2.3025 acc: 8.9286
[21,    29] loss: 2.3023 acc: 9.4828
[21,    30] loss: 2.3025 acc: 10.0000
[21,    31] loss: 2.3024 acc: 10.4839
[21,    32] loss: 2.3010 acc: 10.9375
[22,     1] loss: 2.3034 acc: 0.0000
[22,     2] loss: 2.3020 acc: 12.5000
[22,     3] loss: 2.3028 acc: 8.3333
[22,     4] loss: 2.3027 acc: 6.2500
[22,     5] loss: 2.3023 acc: 10.0000
[22,     6] loss: 2.3020 acc: 12.5000
[22,     7] loss: 2.3027 acc: 10.7143
[22,     8] loss: 2.3032 acc: 9.3750
[22,     9] loss: 2.3026 acc: 8.3333
[22,    10] loss: 2.3026 acc: 7.5000
[22,    11] loss: 2.3027 acc: 6.8182
[22,    12] loss: 2.3027 acc: 6.2500
[22,    13] loss: 2.3024 acc: 7.6923
[22,    14] loss: 2.3029 acc: 7.1429
[22,    15] loss: 2.3027 acc: 6.6667
[22,    16] loss: 2.3029 acc: 6.2500
[22,    17] loss: 2.3027 acc: 5.8824
[22,    18] loss: 2.3028 acc: 5.5556
[22,    19] loss: 2.3029 acc: 5.2632
[22,    20] loss: 2.3026 acc: 5.0000
[22,    21] loss: 2.3027 acc: 4.7619
[22,    22] loss: 2.3027 acc: 4.5455
[22,    23] loss: 2.3025 acc: 5.4348
[22,    24] loss: 2.3027 acc: 5.2083
[22,    25] loss: 2.3025 acc: 6.0000
[22,    26] loss: 2.3025 acc: 6.7308
[22,    27] loss: 2.3027 acc: 6.4815
[22,    28] loss: 2.3025 acc: 7.1429
[22,    29] loss: 2.3027 acc: 6.8966
[22,    30] loss: 2.3026 acc: 7.5000
[22,    31] loss: 2.3026 acc: 7.2581
[22,    32] loss: 2.3030 acc: 7.0312
[23,     1] loss: 2.3029 acc: 0.0000
[23,     2] loss: 2.3025 acc: 12.5000
[23,     3] loss: 2.3028 acc: 8.3333
[23,     4] loss: 2.3026 acc: 12.5000
[23,     5] loss: 2.3025 acc: 15.0000
[23,     6] loss: 2.3027 acc: 12.5000
[23,     7] loss: 2.3023 acc: 17.8571
[23,     8] loss: 2.3019 acc: 25.0000
[23,     9] loss: 2.3019 acc: 27.7778
[23,    10] loss: 2.3030 acc: 25.0000
[23,    11] loss: 2.3028 acc: 22.7273
[23,    12] loss: 2.3032 acc: 20.8333
[23,    13] loss: 2.3025 acc: 19.2308
[23,    14] loss: 2.3029 acc: 17.8571
[23,    15] loss: 2.3025 acc: 16.6667
[23,    16] loss: 2.3025 acc: 15.6250
[23,    17] loss: 2.3025 acc: 16.1765
[23,    18] loss: 2.3024 acc: 18.0556
[23,    19] loss: 2.3027 acc: 17.1053
[23,    20] loss: 2.3027 acc: 16.2500
[23,    21] loss: 2.3027 acc: 16.6667
[23,    22] loss: 2.3025 acc: 17.0455
[23,    23] loss: 2.3027 acc: 16.3043
[23,    24] loss: 2.3027 acc: 15.6250
[23,    25] loss: 2.3025 acc: 15.0000
[23,    26] loss: 2.3023 acc: 15.3846
[23,    27] loss: 2.3027 acc: 14.8148
[23,    28] loss: 2.3026 acc: 16.0714
[23,    29] loss: 2.3026 acc: 15.5172
[23,    30] loss: 2.3028 acc: 15.0000
[23,    31] loss: 2.3028 acc: 14.5161
[23,    32] loss: 2.3027 acc: 14.0625
[24,     1] loss: 2.3027 acc: 0.0000
[24,     2] loss: 2.3027 acc: 0.0000
[24,     3] loss: 2.3026 acc: 8.3333
[24,     4] loss: 2.3027 acc: 6.2500
[24,     5] loss: 2.3028 acc: 5.0000
[24,     6] loss: 2.3026 acc: 4.1667
[24,     7] loss: 2.3026 acc: 3.5714
[24,     8] loss: 2.3027 acc: 3.1250
[24,     9] loss: 2.3026 acc: 2.7778
[24,    10] loss: 2.3023 acc: 5.0000
[24,    11] loss: 2.3027 acc: 4.5455
[24,    12] loss: 2.3019 acc: 6.2500
[24,    13] loss: 2.3027 acc: 5.7692
[24,    14] loss: 2.3026 acc: 7.1429
[24,    15] loss: 2.3026 acc: 6.6667
[24,    16] loss: 2.3027 acc: 6.2500
[24,    17] loss: 2.3023 acc: 8.8235
[24,    18] loss: 2.3026 acc: 8.3333
[24,    19] loss: 2.3027 acc: 7.8947
[24,    20] loss: 2.3027 acc: 7.5000
[24,    21] loss: 2.3026 acc: 9.5238
[24,    22] loss: 2.3024 acc: 9.0909
[24,    23] loss: 2.3027 acc: 8.6957
[24,    24] loss: 2.3027 acc: 8.3333
[24,    25] loss: 2.3027 acc: 8.0000
[24,    26] loss: 2.3025 acc: 9.6154
[24,    27] loss: 2.3035 acc: 9.2593
[24,    28] loss: 2.3026 acc: 8.9286
[24,    29] loss: 2.3026 acc: 8.6207
[24,    30] loss: 2.3026 acc: 9.1667
[24,    31] loss: 2.3027 acc: 8.8710
[24,    32] loss: 2.3026 acc: 8.5938
[25,     1] loss: 2.3024 acc: 25.0000
[25,     2] loss: 2.3027 acc: 12.5000
[25,     3] loss: 2.3026 acc: 8.3333
[25,     4] loss: 2.3027 acc: 6.2500
[25,     5] loss: 2.3026 acc: 5.0000
[25,     6] loss: 2.3027 acc: 4.1667
[25,     7] loss: 2.3024 acc: 7.1429
[25,     8] loss: 2.3026 acc: 6.2500
[25,     9] loss: 2.3026 acc: 5.5556
[25,    10] loss: 2.3026 acc: 5.0000
[25,    11] loss: 2.3019 acc: 9.0909
[25,    12] loss: 2.3024 acc: 10.4167
[25,    13] loss: 2.3026 acc: 9.6154
[25,    14] loss: 2.3025 acc: 10.7143
[25,    15] loss: 2.3027 acc: 10.0000
[25,    16] loss: 2.3027 acc: 9.3750
[25,    17] loss: 2.3027 acc: 8.8235
[25,    18] loss: 2.3025 acc: 9.7222
[25,    19] loss: 2.3023 acc: 9.2105
[25,    20] loss: 2.3029 acc: 8.7500
[25,    21] loss: 2.3028 acc: 8.3333
[25,    22] loss: 2.3026 acc: 9.0909
[25,    23] loss: 2.3024 acc: 9.7826
[25,    24] loss: 2.3027 acc: 9.3750
[25,    25] loss: 2.3028 acc: 9.0000
[25,    26] loss: 2.3025 acc: 8.6538
[25,    27] loss: 2.3026 acc: 8.3333
[25,    28] loss: 2.3027 acc: 8.0357
[25,    29] loss: 2.3026 acc: 7.7586
[25,    30] loss: 2.3019 acc: 9.1667
[25,    31] loss: 2.3027 acc: 8.8710
[25,    32] loss: 2.3026 acc: 8.5938
[26,     1] loss: 2.2974 acc: 75.0000
[26,     2] loss: 2.3060 acc: 37.5000
[26,     3] loss: 2.3028 acc: 25.0000
[26,     4] loss: 2.3027 acc: 18.7500
[26,     5] loss: 2.3024 acc: 20.0000
[26,     6] loss: 2.3028 acc: 16.6667
[26,     7] loss: 2.3027 acc: 14.2857
[26,     8] loss: 2.3026 acc: 12.5000
[26,     9] loss: 2.3027 acc: 11.1111
[26,    10] loss: 2.3028 acc: 10.0000
[26,    11] loss: 2.3027 acc: 11.3636
[26,    12] loss: 2.3027 acc: 10.4167
[26,    13] loss: 2.3026 acc: 11.5385
[26,    14] loss: 2.3028 acc: 10.7143
[26,    15] loss: 2.2985 acc: 11.6667
[26,    16] loss: 2.3020 acc: 12.5000
[26,    17] loss: 2.3002 acc: 13.2353
[26,    18] loss: 2.3209 acc: 12.5000
[26,    19] loss: 2.3026 acc: 11.8421
[26,    20] loss: 2.3006 acc: 12.5000
[26,    21] loss: 2.3030 acc: 11.9048
[26,    22] loss: 2.3027 acc: 11.3636
[26,    23] loss: 2.3028 acc: 10.8696
[26,    24] loss: 2.3015 acc: 12.5000
[26,    25] loss: 2.3028 acc: 12.0000
[26,    26] loss: 2.3035 acc: 11.5385
[26,    27] loss: 2.3028 acc: 11.1111
[26,    28] loss: 2.3026 acc: 11.6071
[26,    29] loss: 2.3027 acc: 11.2069
[26,    30] loss: 2.3027 acc: 11.6667
[26,    31] loss: 2.3026 acc: 11.2903
[26,    32] loss: 2.3027 acc: 10.9375
[27,     1] loss: 2.3026 acc: 0.0000
[27,     2] loss: 2.3025 acc: 12.5000
[27,     3] loss: 2.3026 acc: 16.6667
[27,     4] loss: 2.3023 acc: 18.7500
[27,     5] loss: 2.3024 acc: 25.0000
[27,     6] loss: 2.3027 acc: 20.8333
[27,     7] loss: 2.3027 acc: 17.8571
[27,     8] loss: 2.3027 acc: 15.6250
[27,     9] loss: 2.3028 acc: 13.8889
[27,    10] loss: 2.3024 acc: 15.0000
[27,    11] loss: 2.3025 acc: 15.9091
[27,    12] loss: 2.3027 acc: 14.5833
[27,    13] loss: 2.3025 acc: 13.4615
[27,    14] loss: 2.3021 acc: 14.2857
[27,    15] loss: 2.3026 acc: 13.3333
[27,    16] loss: 2.3018 acc: 14.0625
[27,    17] loss: 2.3029 acc: 13.2353
[27,    18] loss: 2.3030 acc: 12.5000
[27,    19] loss: 2.3029 acc: 11.8421
[27,    20] loss: 2.3027 acc: 11.2500
[27,    21] loss: 2.3027 acc: 10.7143
[27,    22] loss: 2.3027 acc: 10.2273
[27,    23] loss: 2.3024 acc: 11.9565
[27,    24] loss: 2.3027 acc: 11.4583
[27,    25] loss: 2.3030 acc: 11.0000
[27,    26] loss: 2.3027 acc: 10.5769
[27,    27] loss: 2.3027 acc: 10.1852
[27,    28] loss: 2.3026 acc: 9.8214
[27,    29] loss: 2.3026 acc: 9.4828
[27,    30] loss: 2.3026 acc: 9.1667
[27,    31] loss: 2.3021 acc: 8.8710
[27,    32] loss: 2.3028 acc: 8.5938
[28,     1] loss: 2.3026 acc: 0.0000
[28,     2] loss: 2.3027 acc: 0.0000
[28,     3] loss: 2.3026 acc: 0.0000
[28,     4] loss: 2.3021 acc: 6.2500
[28,     5] loss: 2.3023 acc: 10.0000
[28,     6] loss: 2.3027 acc: 8.3333
[28,     7] loss: 2.3028 acc: 10.7143
[28,     8] loss: 2.3027 acc: 9.3750
[28,     9] loss: 2.3026 acc: 8.3333
[28,    10] loss: 2.3026 acc: 10.0000
[28,    11] loss: 2.3025 acc: 9.0909
[28,    12] loss: 2.3027 acc: 8.3333
[28,    13] loss: 2.3026 acc: 9.6154
[28,    14] loss: 2.3026 acc: 8.9286
[28,    15] loss: 2.3028 acc: 8.3333
[28,    16] loss: 2.3026 acc: 7.8125
[28,    17] loss: 2.3026 acc: 7.3529
[28,    18] loss: 2.3026 acc: 8.3333
[28,    19] loss: 2.3024 acc: 10.5263
[28,    20] loss: 2.3025 acc: 11.2500
[28,    21] loss: 2.3028 acc: 10.7143
[28,    22] loss: 2.3026 acc: 10.2273
[28,    23] loss: 2.3026 acc: 10.8696
[28,    24] loss: 2.3025 acc: 11.4583
[28,    25] loss: 2.3025 acc: 12.0000
[28,    26] loss: 2.3026 acc: 11.5385
[28,    27] loss: 2.3025 acc: 12.0370
[28,    28] loss: 2.3026 acc: 11.6071
[28,    29] loss: 2.3025 acc: 12.0690
[28,    30] loss: 2.3026 acc: 12.5000
[28,    31] loss: 2.3027 acc: 12.0968
[28,    32] loss: 2.3026 acc: 11.7188
[29,     1] loss: 2.3027 acc: 0.0000
[29,     2] loss: 2.3026 acc: 0.0000
[29,     3] loss: 2.3026 acc: 8.3333
[29,     4] loss: 2.3026 acc: 6.2500
[29,     5] loss: 2.3027 acc: 10.0000
[29,     6] loss: 2.3026 acc: 12.5000
[29,     7] loss: 2.3027 acc: 10.7143
[29,     8] loss: 2.3026 acc: 12.5000
[29,     9] loss: 2.3025 acc: 13.8889
[29,    10] loss: 2.3026 acc: 12.5000
[29,    11] loss: 2.3026 acc: 11.3636
[29,    12] loss: 2.3027 acc: 10.4167
[29,    13] loss: 2.3026 acc: 9.6154
[29,    14] loss: 2.3025 acc: 8.9286
[29,    15] loss: 2.3026 acc: 8.3333
[29,    16] loss: 2.3026 acc: 7.8125
[29,    17] loss: 2.3028 acc: 7.3529
[29,    18] loss: 2.3026 acc: 8.3333
[29,    19] loss: 2.3026 acc: 10.5263
[29,    20] loss: 2.3027 acc: 10.0000
[29,    21] loss: 2.3026 acc: 10.7143
[29,    22] loss: 2.3026 acc: 11.3636
[29,    23] loss: 2.3024 acc: 10.8696
[29,    24] loss: 2.3025 acc: 11.4583
[29,    25] loss: 2.3025 acc: 13.0000
[29,    26] loss: 2.3027 acc: 12.5000
[29,    27] loss: 2.3026 acc: 12.0370
[29,    28] loss: 2.3026 acc: 11.6071
[29,    29] loss: 2.3026 acc: 11.2069
[29,    30] loss: 2.3026 acc: 10.8333
[29,    31] loss: 2.3026 acc: 10.4839
[29,    32] loss: 2.3024 acc: 10.9375
[30,     1] loss: 2.3026 acc: 0.0000
[30,     2] loss: 2.3026 acc: 0.0000
[30,     3] loss: 2.3026 acc: 0.0000
[30,     4] loss: 2.3026 acc: 0.0000
[30,     5] loss: 2.3026 acc: 5.0000
[30,     6] loss: 2.3026 acc: 4.1667
[30,     7] loss: 2.3027 acc: 3.5714
[30,     8] loss: 2.3026 acc: 3.1250
[30,     9] loss: 2.3026 acc: 5.5556
[30,    10] loss: 2.3026 acc: 5.0000
[30,    11] loss: 2.3026 acc: 4.5455
[30,    12] loss: 2.3026 acc: 6.2500
[30,    13] loss: 2.3026 acc: 5.7692
[30,    14] loss: 2.3028 acc: 5.3571
[30,    15] loss: 2.3026 acc: 5.0000
[30,    16] loss: 2.3026 acc: 6.2500
[30,    17] loss: 2.3026 acc: 7.3529
[30,    18] loss: 2.3026 acc: 6.9444
[30,    19] loss: 2.3026 acc: 6.5789
[30,    20] loss: 2.3025 acc: 6.2500
[30,    21] loss: 2.3026 acc: 5.9524
[30,    22] loss: 2.3026 acc: 6.8182
[30,    23] loss: 2.3026 acc: 6.5217
[30,    24] loss: 2.3026 acc: 8.3333
[30,    25] loss: 2.3027 acc: 8.0000
[30,    26] loss: 2.3026 acc: 7.6923
[30,    27] loss: 2.3026 acc: 7.4074
[30,    28] loss: 2.3026 acc: 7.1429
[30,    29] loss: 2.3026 acc: 6.8966
[30,    30] loss: 2.3026 acc: 6.6667
[30,    31] loss: 2.3025 acc: 7.2581
[30,    32] loss: 2.3026 acc: 7.0312
[31,     1] loss: 2.3026 acc: 0.0000
[31,     2] loss: 2.3026 acc: 25.0000
[31,     3] loss: 2.3026 acc: 16.6667
[31,     4] loss: 2.3026 acc: 18.7500
[31,     5] loss: 2.3026 acc: 20.0000
[31,     6] loss: 2.3026 acc: 16.6667
[31,     7] loss: 2.3026 acc: 14.2857
[31,     8] loss: 2.3026 acc: 12.5000
[31,     9] loss: 2.3026 acc: 13.8889
[31,    10] loss: 2.3026 acc: 12.5000
[31,    11] loss: 2.3026 acc: 11.3636
[31,    12] loss: 2.3026 acc: 12.5000
[31,    13] loss: 2.3026 acc: 13.4615
[31,    14] loss: 2.3026 acc: 12.5000
[31,    15] loss: 2.3026 acc: 11.6667
[31,    16] loss: 2.3026 acc: 10.9375
[31,    17] loss: 2.3026 acc: 10.2941
[31,    18] loss: 2.3026 acc: 9.7222
[31,    19] loss: 2.3026 acc: 9.2105
[31,    20] loss: 2.3026 acc: 8.7500
[31,    21] loss: 2.3026 acc: 8.3333
[31,    22] loss: 2.3026 acc: 7.9545
[31,    23] loss: 2.3026 acc: 7.6087
[31,    24] loss: 2.3026 acc: 7.2917
[31,    25] loss: 2.3026 acc: 7.0000
[31,    26] loss: 2.3025 acc: 7.6923
[31,    27] loss: 2.3026 acc: 7.4074
[31,    28] loss: 2.3027 acc: 7.1429
[31,    29] loss: 2.3025 acc: 7.7586
[31,    30] loss: 2.3026 acc: 7.5000
[31,    31] loss: 2.3025 acc: 8.0645
[31,    32] loss: 2.3026 acc: 7.8125
[32,     1] loss: 2.3026 acc: 0.0000
[32,     2] loss: 2.3026 acc: 12.5000
[32,     3] loss: 2.3026 acc: 8.3333
[32,     4] loss: 2.3026 acc: 12.5000
[32,     5] loss: 2.3026 acc: 10.0000
[32,     6] loss: 2.3026 acc: 12.5000
[32,     7] loss: 2.3026 acc: 14.2857
[32,     8] loss: 2.3026 acc: 15.6250
[32,     9] loss: 2.3026 acc: 13.8889
[32,    10] loss: 2.3026 acc: 12.5000
[32,    11] loss: 2.3026 acc: 11.3636
[32,    12] loss: 2.3026 acc: 10.4167
[32,    13] loss: 2.3026 acc: 11.5385
[32,    14] loss: 2.3026 acc: 10.7143
[32,    15] loss: 2.3026 acc: 10.0000
[32,    16] loss: 2.3026 acc: 9.3750
[32,    17] loss: 2.3026 acc: 10.2941
[32,    18] loss: 2.3026 acc: 9.7222
[32,    19] loss: 2.3026 acc: 9.2105
[32,    20] loss: 2.3026 acc: 10.0000
[32,    21] loss: 2.3026 acc: 9.5238
[32,    22] loss: 2.3026 acc: 10.2273
[32,    23] loss: 2.3026 acc: 11.9565
[32,    24] loss: 2.3026 acc: 11.4583
[32,    25] loss: 2.3026 acc: 11.0000
[32,    26] loss: 2.3026 acc: 10.5769
[32,    27] loss: 2.3026 acc: 10.1852
[32,    28] loss: 2.3026 acc: 9.8214
[32,    29] loss: 2.3026 acc: 9.4828
[32,    30] loss: 2.3026 acc: 9.1667
[32,    31] loss: 2.3026 acc: 9.6774
[32,    32] loss: 2.3026 acc: 10.1562
[33,     1] loss: 2.3026 acc: 0.0000
[33,     2] loss: 2.3026 acc: 12.5000
[33,     3] loss: 2.3026 acc: 16.6667
[33,     4] loss: 2.3026 acc: 12.5000
[33,     5] loss: 2.3026 acc: 15.0000
[33,     6] loss: 2.3026 acc: 12.5000
[33,     7] loss: 2.3026 acc: 10.7143
[33,     8] loss: 2.3026 acc: 9.3750
[33,     9] loss: 2.3026 acc: 8.3333
[33,    10] loss: 2.3026 acc: 10.0000
[33,    11] loss: 2.3026 acc: 11.3636
[33,    12] loss: 2.3026 acc: 10.4167
[33,    13] loss: 2.3026 acc: 9.6154
[33,    14] loss: 2.3026 acc: 8.9286
[33,    15] loss: 2.3026 acc: 8.3333
[33,    16] loss: 2.3026 acc: 7.8125
[33,    17] loss: 2.3025 acc: 8.8235
[33,    18] loss: 2.3026 acc: 8.3333
[33,    19] loss: 2.3026 acc: 7.8947
[33,    20] loss: 2.3026 acc: 7.5000
[33,    21] loss: 2.3026 acc: 8.3333
[33,    22] loss: 2.3026 acc: 7.9545
[33,    23] loss: 2.3026 acc: 7.6087
[33,    24] loss: 2.3026 acc: 7.2917
[33,    25] loss: 2.3026 acc: 8.0000
[33,    26] loss: 2.3026 acc: 8.6538
[33,    27] loss: 2.3026 acc: 8.3333
[33,    28] loss: 2.3026 acc: 8.9286
[33,    29] loss: 2.3026 acc: 9.4828
[33,    30] loss: 2.3026 acc: 10.0000
[33,    31] loss: 2.3026 acc: 9.6774
[33,    32] loss: 2.3026 acc: 9.3750
[34,     1] loss: 2.3026 acc: 0.0000
[34,     2] loss: 2.3026 acc: 0.0000
[34,     3] loss: 2.3026 acc: 0.0000
[34,     4] loss: 2.3026 acc: 6.2500
[34,     5] loss: 2.3025 acc: 5.0000
[34,     6] loss: 2.3026 acc: 4.1667
[34,     7] loss: 2.3026 acc: 3.5714
[34,     8] loss: 2.3025 acc: 3.1250
[34,     9] loss: 2.3026 acc: 2.7778
[34,    10] loss: 2.3026 acc: 2.5000
[34,    11] loss: 2.3026 acc: 2.2727
[34,    12] loss: 2.3025 acc: 4.1667
[34,    13] loss: 2.3026 acc: 5.7692
[34,    14] loss: 2.3026 acc: 8.9286
[34,    15] loss: 2.3026 acc: 8.3333
[34,    16] loss: 2.3026 acc: 7.8125
[34,    17] loss: 2.3026 acc: 8.8235
[34,    18] loss: 2.3026 acc: 8.3333
[34,    19] loss: 2.3026 acc: 7.8947
[34,    20] loss: 2.3026 acc: 7.5000
[34,    21] loss: 2.3026 acc: 9.5238
[34,    22] loss: 2.3026 acc: 9.0909
[34,    23] loss: 2.3026 acc: 9.7826
[34,    24] loss: 2.3026 acc: 9.3750
[34,    25] loss: 2.3027 acc: 9.0000
[34,    26] loss: 2.3026 acc: 8.6538
[34,    27] loss: 2.3026 acc: 9.2593
[34,    28] loss: 2.3026 acc: 9.8214
[34,    29] loss: 2.3026 acc: 10.3448
[34,    30] loss: 2.3026 acc: 10.0000
[34,    31] loss: 2.3025 acc: 9.6774
[34,    32] loss: 2.3026 acc: 10.1562
[35,     1] loss: 2.3026 acc: 0.0000
[35,     2] loss: 2.3026 acc: 25.0000
[35,     3] loss: 2.3026 acc: 16.6667
[35,     4] loss: 2.3026 acc: 12.5000
[35,     5] loss: 2.3026 acc: 10.0000
[35,     6] loss: 2.3026 acc: 8.3333
[35,     7] loss: 2.3026 acc: 7.1429
[35,     8] loss: 2.3026 acc: 6.2500
[35,     9] loss: 2.3026 acc: 8.3333
[35,    10] loss: 2.3026 acc: 7.5000
[35,    11] loss: 2.3026 acc: 6.8182
[35,    12] loss: 2.3026 acc: 6.2500
[35,    13] loss: 2.3026 acc: 5.7692
[35,    14] loss: 2.3026 acc: 5.3571
[35,    15] loss: 2.3026 acc: 5.0000
[35,    16] loss: 2.3026 acc: 4.6875
[35,    17] loss: 2.3026 acc: 4.4118
[35,    18] loss: 2.3025 acc: 6.9444
[35,    19] loss: 2.3026 acc: 6.5789
[35,    20] loss: 2.3026 acc: 7.5000
[35,    21] loss: 2.3026 acc: 7.1429
[35,    22] loss: 2.3026 acc: 6.8182
[35,    23] loss: 2.3026 acc: 7.6087
[35,    24] loss: 2.3025 acc: 7.2917
[35,    25] loss: 2.3025 acc: 8.0000
[35,    26] loss: 2.3026 acc: 7.6923
[35,    27] loss: 2.3026 acc: 7.4074
[35,    28] loss: 2.3020 acc: 8.0357
[35,    29] loss: 2.3038 acc: 7.7586
[35,    30] loss: 2.3026 acc: 8.3333
[35,    31] loss: 2.3026 acc: 8.8710
[35,    32] loss: 2.3026 acc: 8.5938
[36,     1] loss: 2.3026 acc: 0.0000
[36,     2] loss: 2.3026 acc: 12.5000
[36,     3] loss: 2.3026 acc: 8.3333
[36,     4] loss: 2.3026 acc: 6.2500
[36,     5] loss: 2.3026 acc: 5.0000
[36,     6] loss: 2.3026 acc: 4.1667
[36,     7] loss: 2.3026 acc: 3.5714
[36,     8] loss: 2.3025 acc: 6.2500
[36,     9] loss: 2.3026 acc: 5.5556
[36,    10] loss: 2.3026 acc: 5.0000
[36,    11] loss: 2.3026 acc: 4.5455
[36,    12] loss: 2.3026 acc: 4.1667
[36,    13] loss: 2.3026 acc: 5.7692
[36,    14] loss: 2.3026 acc: 5.3571
[36,    15] loss: 2.3026 acc: 5.0000
[36,    16] loss: 2.3026 acc: 4.6875
[36,    17] loss: 2.3025 acc: 7.3529
[36,    18] loss: 2.3025 acc: 8.3333
[36,    19] loss: 2.3026 acc: 9.2105
[36,    20] loss: 2.3026 acc: 8.7500
[36,    21] loss: 2.3026 acc: 9.5238
[36,    22] loss: 2.3026 acc: 9.0909
[36,    23] loss: 2.3026 acc: 8.6957
[36,    24] loss: 2.3026 acc: 10.4167
[36,    25] loss: 2.3026 acc: 10.0000
[36,    26] loss: 2.3026 acc: 10.5769
[36,    27] loss: 2.3027 acc: 10.1852
[36,    28] loss: 2.3026 acc: 9.8214
[36,    29] loss: 2.3026 acc: 10.3448
[36,    30] loss: 2.3026 acc: 10.0000
[36,    31] loss: 2.3026 acc: 9.6774
[36,    32] loss: 2.3026 acc: 10.1562
[37,     1] loss: 2.3026 acc: 0.0000
[37,     2] loss: 2.3026 acc: 0.0000
[37,     3] loss: 2.3026 acc: 0.0000
[37,     4] loss: 2.3026 acc: 0.0000
[37,     5] loss: 2.3026 acc: 0.0000
[37,     6] loss: 2.3026 acc: 0.0000
[37,     7] loss: 2.3026 acc: 0.0000
[37,     8] loss: 2.3026 acc: 3.1250
[37,     9] loss: 2.3026 acc: 2.7778
[37,    10] loss: 2.3026 acc: 2.5000
[37,    11] loss: 2.3026 acc: 2.2727
[37,    12] loss: 2.3026 acc: 2.0833
[37,    13] loss: 2.3025 acc: 3.8462
[37,    14] loss: 2.3026 acc: 3.5714
[37,    15] loss: 2.3026 acc: 5.0000
[37,    16] loss: 2.3026 acc: 4.6875
[37,    17] loss: 2.3026 acc: 5.8824
[37,    18] loss: 2.3026 acc: 6.9444
[37,    19] loss: 2.3026 acc: 6.5789
[37,    20] loss: 2.3026 acc: 6.2500
[37,    21] loss: 2.3026 acc: 7.1429
[37,    22] loss: 2.3026 acc: 6.8182
[37,    23] loss: 2.3026 acc: 7.6087
[37,    24] loss: 2.3026 acc: 7.2917
[37,    25] loss: 2.3026 acc: 7.0000
[37,    26] loss: 2.3026 acc: 6.7308
[37,    27] loss: 2.3026 acc: 7.4074
[37,    28] loss: 2.3026 acc: 8.0357
[37,    29] loss: 2.3026 acc: 7.7586
[37,    30] loss: 2.3026 acc: 8.3333
[37,    31] loss: 2.3026 acc: 8.0645
[37,    32] loss: 2.3026 acc: 7.8125
[38,     1] loss: 2.3026 acc: 0.0000
[38,     2] loss: 2.3026 acc: 0.0000
[38,     3] loss: 2.3026 acc: 0.0000
[38,     4] loss: 2.3026 acc: 6.2500
[38,     5] loss: 2.3026 acc: 5.0000
[38,     6] loss: 2.3026 acc: 8.3333
[38,     7] loss: 2.3026 acc: 7.1429
[38,     8] loss: 2.3026 acc: 6.2500
[38,     9] loss: 2.3026 acc: 5.5556
[38,    10] loss: 2.3026 acc: 5.0000
[38,    11] loss: 2.3026 acc: 4.5455
[38,    12] loss: 2.3026 acc: 4.1667
[38,    13] loss: 2.3026 acc: 3.8462
[38,    14] loss: 2.3026 acc: 3.5714
[38,    15] loss: 2.3026 acc: 3.3333
[38,    16] loss: 2.3026 acc: 4.6875
[38,    17] loss: 2.3026 acc: 4.4118
[38,    18] loss: 2.3026 acc: 5.5556
[38,    19] loss: 2.3026 acc: 5.2632
[38,    20] loss: 2.3026 acc: 7.5000
[38,    21] loss: 2.3026 acc: 7.1429
[38,    22] loss: 2.3026 acc: 6.8182
[38,    23] loss: 2.3026 acc: 6.5217
[38,    24] loss: 2.3026 acc: 6.2500
[38,    25] loss: 2.3026 acc: 6.0000
[38,    26] loss: 2.3026 acc: 5.7692
[38,    27] loss: 2.3026 acc: 7.4074
[38,    28] loss: 2.3026 acc: 7.1429
[38,    29] loss: 2.3026 acc: 6.8966
[38,    30] loss: 2.3026 acc: 6.6667
[38,    31] loss: 2.3026 acc: 6.4516
[38,    32] loss: 2.3026 acc: 7.0312
[39,     1] loss: 2.3026 acc: 25.0000
[39,     2] loss: 2.3026 acc: 12.5000
[39,     3] loss: 2.3026 acc: 8.3333
[39,     4] loss: 2.3026 acc: 6.2500
[39,     5] loss: 2.3026 acc: 5.0000
[39,     6] loss: 2.3026 acc: 8.3333
[39,     7] loss: 2.3026 acc: 7.1429
[39,     8] loss: 2.3026 acc: 9.3750
[39,     9] loss: 2.3026 acc: 11.1111
[39,    10] loss: 2.3026 acc: 12.5000
[39,    11] loss: 2.3026 acc: 11.3636
[39,    12] loss: 2.3026 acc: 10.4167
[39,    13] loss: 2.3026 acc: 11.5385
[39,    14] loss: 2.3026 acc: 12.5000
[39,    15] loss: 2.3026 acc: 11.6667
[39,    16] loss: 2.3026 acc: 10.9375
[39,    17] loss: 2.3026 acc: 11.7647
[39,    18] loss: 2.3026 acc: 11.1111
[39,    19] loss: 2.3026 acc: 11.8421
[39,    20] loss: 2.3026 acc: 11.2500
[39,    21] loss: 2.3026 acc: 10.7143
[39,    22] loss: 2.3026 acc: 10.2273
[39,    23] loss: 2.3026 acc: 9.7826
[39,    24] loss: 2.3026 acc: 9.3750
[39,    25] loss: 2.3026 acc: 9.0000
[39,    26] loss: 2.3026 acc: 9.6154
[39,    27] loss: 2.3026 acc: 11.1111
[39,    28] loss: 2.3026 acc: 10.7143
[39,    29] loss: 2.3026 acc: 11.2069
[39,    30] loss: 2.3026 acc: 11.6667
[39,    31] loss: 2.3026 acc: 11.2903
[39,    32] loss: 2.3026 acc: 10.9375
[40,     1] loss: 2.3026 acc: 0.0000
[40,     2] loss: 2.3026 acc: 0.0000
[40,     3] loss: 2.3026 acc: 8.3333
[40,     4] loss: 2.3026 acc: 6.2500
[40,     5] loss: 2.3026 acc: 5.0000
[40,     6] loss: 2.3026 acc: 8.3333
[40,     7] loss: 2.3026 acc: 7.1429
[40,     8] loss: 2.3026 acc: 6.2500
[40,     9] loss: 2.3026 acc: 5.5556
[40,    10] loss: 2.3026 acc: 5.0000
[40,    11] loss: 2.3026 acc: 4.5455
[40,    12] loss: 2.3026 acc: 4.1667
[40,    13] loss: 2.3026 acc: 5.7692
[40,    14] loss: 2.3026 acc: 7.1429
[40,    15] loss: 2.3026 acc: 6.6667
[40,    16] loss: 2.3026 acc: 6.2500
[40,    17] loss: 2.3026 acc: 7.3529
[40,    18] loss: 2.3026 acc: 6.9444
[40,    19] loss: 2.3026 acc: 6.5789
[40,    20] loss: 2.3026 acc: 6.2500
[40,    21] loss: 2.3026 acc: 5.9524
[40,    22] loss: 2.3026 acc: 6.8182
[40,    23] loss: 2.3026 acc: 6.5217
[40,    24] loss: 2.3026 acc: 6.2500
[40,    25] loss: 2.3026 acc: 7.0000
[40,    26] loss: 2.3026 acc: 6.7308
[40,    27] loss: 2.3026 acc: 6.4815
[40,    28] loss: 2.3026 acc: 7.1429
[40,    29] loss: 2.3026 acc: 7.7586
[40,    30] loss: 2.3026 acc: 7.5000
[40,    31] loss: 2.3026 acc: 7.2581
[40,    32] loss: 2.3026 acc: 7.8125
[41,     1] loss: 2.3026 acc: 25.0000
[41,     2] loss: 2.3026 acc: 12.5000
[41,     3] loss: 2.3026 acc: 16.6667
[41,     4] loss: 2.3026 acc: 12.5000
[41,     5] loss: 2.3026 acc: 10.0000
[41,     6] loss: 2.3026 acc: 12.5000
[41,     7] loss: 2.3026 acc: 10.7143
[41,     8] loss: 2.3026 acc: 9.3750
[41,     9] loss: 2.3026 acc: 8.3333
[41,    10] loss: 2.3026 acc: 7.5000
[41,    11] loss: 2.3026 acc: 6.8182
[41,    12] loss: 2.3026 acc: 6.2500
[41,    13] loss: 2.3026 acc: 5.7692
[41,    14] loss: 2.3026 acc: 5.3571
[41,    15] loss: 2.3026 acc: 5.0000
[41,    16] loss: 2.3026 acc: 4.6875
[41,    17] loss: 2.3026 acc: 4.4118
[41,    18] loss: 2.3026 acc: 4.1667
[41,    19] loss: 2.3026 acc: 3.9474
[41,    20] loss: 2.3026 acc: 5.0000
[41,    21] loss: 2.3026 acc: 5.9524
[41,    22] loss: 2.3026 acc: 5.6818
[41,    23] loss: 2.3026 acc: 6.5217
[41,    24] loss: 2.3026 acc: 8.3333
[41,    25] loss: 2.3026 acc: 8.0000
[41,    26] loss: 2.3026 acc: 8.6538
[41,    27] loss: 2.3026 acc: 8.3333
[41,    28] loss: 2.3026 acc: 8.0357
[41,    29] loss: 2.3026 acc: 7.7586
[41,    30] loss: 2.3026 acc: 7.5000
[41,    31] loss: 2.3026 acc: 7.2581
[41,    32] loss: 2.3026 acc: 7.0312
[42,     1] loss: 2.3026 acc: 0.0000
[42,     2] loss: 2.3026 acc: 12.5000
[42,     3] loss: 2.3026 acc: 8.3333
[42,     4] loss: 2.3026 acc: 6.2500
[42,     5] loss: 2.3026 acc: 10.0000
[42,     6] loss: 2.3026 acc: 12.5000
[42,     7] loss: 2.3026 acc: 10.7143
[42,     8] loss: 2.3026 acc: 9.3750
[42,     9] loss: 2.3026 acc: 8.3333
[42,    10] loss: 2.3026 acc: 7.5000
[42,    11] loss: 2.3026 acc: 9.0909
[42,    12] loss: 2.3026 acc: 8.3333
[42,    13] loss: 2.3026 acc: 7.6923
[42,    14] loss: 2.3026 acc: 8.9286
[42,    15] loss: 2.3026 acc: 8.3333
[42,    16] loss: 2.3026 acc: 7.8125
[42,    17] loss: 2.3026 acc: 7.3529
[42,    18] loss: 2.3026 acc: 8.3333
[42,    19] loss: 2.3026 acc: 7.8947
[42,    20] loss: 2.3026 acc: 7.5000
[42,    21] loss: 2.3026 acc: 7.1429
[42,    22] loss: 2.3026 acc: 6.8182
[42,    23] loss: 2.3026 acc: 6.5217
[42,    24] loss: 2.3026 acc: 6.2500
[42,    25] loss: 2.3026 acc: 6.0000
[42,    26] loss: 2.3026 acc: 5.7692
[42,    27] loss: 2.3026 acc: 5.5556
[42,    28] loss: 2.3026 acc: 6.2500
[42,    29] loss: 2.3026 acc: 6.8966
[42,    30] loss: 2.3026 acc: 6.6667
[42,    31] loss: 2.3026 acc: 6.4516
[42,    32] loss: 2.3026 acc: 6.2500
[43,     1] loss: 2.3026 acc: 0.0000
[43,     2] loss: 2.3026 acc: 0.0000
[43,     3] loss: 2.3026 acc: 0.0000
[43,     4] loss: 2.3026 acc: 12.5000
[43,     5] loss: 2.3026 acc: 10.0000
[43,     6] loss: 2.3026 acc: 8.3333
[43,     7] loss: 2.3026 acc: 7.1429
[43,     8] loss: 2.3026 acc: 9.3750
[43,     9] loss: 2.3026 acc: 8.3333
[43,    10] loss: 2.3026 acc: 7.5000
[43,    11] loss: 2.3026 acc: 6.8182
[43,    12] loss: 2.3026 acc: 6.2500
[43,    13] loss: 2.3026 acc: 5.7692
[43,    14] loss: 2.3026 acc: 7.1429
[43,    15] loss: 2.3026 acc: 6.6667
[43,    16] loss: 2.3026 acc: 7.8125
[43,    17] loss: 2.3026 acc: 7.3529
[43,    18] loss: 2.3026 acc: 6.9444
[43,    19] loss: 2.3026 acc: 6.5789
[43,    20] loss: 2.3026 acc: 7.5000
[43,    21] loss: 2.3026 acc: 7.1429
[43,    22] loss: 2.3026 acc: 6.8182
[43,    23] loss: 2.3026 acc: 7.6087
[43,    24] loss: 2.3026 acc: 8.3333
[43,    25] loss: 2.3026 acc: 8.0000
[43,    26] loss: 2.3026 acc: 7.6923
[43,    27] loss: 2.3026 acc: 7.4074
[43,    28] loss: 2.3026 acc: 7.1429
[43,    29] loss: 2.3026 acc: 6.8966
[43,    30] loss: 2.3026 acc: 6.6667
[43,    31] loss: 2.3026 acc: 6.4516
[43,    32] loss: 2.3026 acc: 6.2500
[44,     1] loss: 2.3026 acc: 0.0000
[44,     2] loss: 2.3026 acc: 0.0000
[44,     3] loss: 2.3026 acc: 0.0000
[44,     4] loss: 2.3026 acc: 0.0000
[44,     5] loss: 2.3026 acc: 0.0000
[44,     6] loss: 2.3026 acc: 4.1667
[44,     7] loss: 2.3026 acc: 3.5714
[44,     8] loss: 2.3026 acc: 6.2500
[44,     9] loss: 2.3026 acc: 5.5556
[44,    10] loss: 2.3026 acc: 7.5000
[44,    11] loss: 2.3026 acc: 6.8182
[44,    12] loss: 2.3026 acc: 6.2500
[44,    13] loss: 2.3026 acc: 5.7692
[44,    14] loss: 2.3026 acc: 5.3571
[44,    15] loss: 2.3026 acc: 6.6667
[44,    16] loss: 2.3026 acc: 6.2500
[44,    17] loss: 2.3026 acc: 5.8824
[44,    18] loss: 2.3026 acc: 5.5556
[44,    19] loss: 2.3026 acc: 5.2632
[44,    20] loss: 2.3026 acc: 5.0000
[44,    21] loss: 2.3026 acc: 4.7619
[44,    22] loss: 2.3026 acc: 4.5455
[44,    23] loss: 2.3026 acc: 4.3478
[44,    24] loss: 2.3026 acc: 4.1667
[44,    25] loss: 2.3026 acc: 4.0000
[44,    26] loss: 2.3026 acc: 3.8462
[44,    27] loss: 2.3026 acc: 3.7037
[44,    28] loss: 2.3026 acc: 3.5714
[44,    29] loss: 2.3026 acc: 3.4483
[44,    30] loss: 2.3026 acc: 4.1667
[44,    31] loss: 2.3026 acc: 4.0323
[44,    32] loss: 2.3026 acc: 5.4688
[45,     1] loss: 2.3026 acc: 0.0000
[45,     2] loss: 2.3026 acc: 0.0000
[45,     3] loss: 2.3026 acc: 8.3333
[45,     4] loss: 2.3026 acc: 6.2500
[45,     5] loss: 2.3026 acc: 10.0000
[45,     6] loss: 2.3026 acc: 12.5000
[45,     7] loss: 2.3026 acc: 10.7143
[45,     8] loss: 2.3026 acc: 9.3750
[45,     9] loss: 2.3026 acc: 8.3333
[45,    10] loss: 2.3026 acc: 7.5000
[45,    11] loss: 2.3026 acc: 6.8182
[45,    12] loss: 2.3026 acc: 6.2500
[45,    13] loss: 2.3026 acc: 5.7692
[45,    14] loss: 2.3026 acc: 5.3571
[45,    15] loss: 2.3026 acc: 5.0000
[45,    16] loss: 2.3026 acc: 6.2500
[45,    17] loss: 2.3026 acc: 5.8824
[45,    18] loss: 2.3026 acc: 6.9444
[45,    19] loss: 2.3026 acc: 6.5789
[45,    20] loss: 2.3026 acc: 6.2500
[45,    21] loss: 2.3026 acc: 7.1429
[45,    22] loss: 2.3026 acc: 6.8182
[45,    23] loss: 2.3026 acc: 6.5217
[45,    24] loss: 2.3026 acc: 6.2500
[45,    25] loss: 2.3026 acc: 7.0000
[45,    26] loss: 2.3026 acc: 7.6923
[45,    27] loss: 2.3026 acc: 7.4074
[45,    28] loss: 2.3026 acc: 8.0357
[45,    29] loss: 2.3026 acc: 9.4828
[45,    30] loss: 2.3026 acc: 9.1667
[45,    31] loss: 2.3026 acc: 8.8710
[45,    32] loss: 2.3026 acc: 10.1562
[46,     1] loss: 2.3026 acc: 0.0000
[46,     2] loss: 2.3026 acc: 0.0000
[46,     3] loss: 2.3026 acc: 0.0000
[46,     4] loss: 2.3026 acc: 0.0000
[46,     5] loss: 2.3026 acc: 5.0000
[46,     6] loss: 2.3026 acc: 8.3333
[46,     7] loss: 2.3026 acc: 7.1429
[46,     8] loss: 2.3026 acc: 9.3750
[46,     9] loss: 2.3026 acc: 11.1111
[46,    10] loss: 2.3026 acc: 12.5000
[46,    11] loss: 2.3026 acc: 13.6364
[46,    12] loss: 2.3026 acc: 14.5833
[46,    13] loss: 2.3026 acc: 13.4615
[46,    14] loss: 2.3026 acc: 14.2857
[46,    15] loss: 2.3026 acc: 13.3333
[46,    16] loss: 2.3026 acc: 12.5000
[46,    17] loss: 2.3026 acc: 11.7647
[46,    18] loss: 2.3026 acc: 13.8889
[46,    19] loss: 2.3026 acc: 14.4737
[46,    20] loss: 2.3026 acc: 13.7500
[46,    21] loss: 2.3026 acc: 13.0952
[46,    22] loss: 2.3026 acc: 13.6364
[46,    23] loss: 2.3026 acc: 13.0435
[46,    24] loss: 2.3026 acc: 12.5000
[46,    25] loss: 2.3026 acc: 12.0000
[46,    26] loss: 2.3026 acc: 11.5385
[46,    27] loss: 2.3026 acc: 11.1111
[46,    28] loss: 2.3026 acc: 10.7143
[46,    29] loss: 2.3026 acc: 10.3448
[46,    30] loss: 2.3026 acc: 10.0000
[46,    31] loss: 2.3026 acc: 10.4839
[46,    32] loss: 2.3026 acc: 10.9375
[47,     1] loss: 2.3026 acc: 0.0000
[47,     2] loss: 2.3026 acc: 0.0000
[47,     3] loss: 2.3026 acc: 0.0000
[47,     4] loss: 2.3026 acc: 0.0000
[47,     5] loss: 2.3026 acc: 0.0000
[47,     6] loss: 2.3026 acc: 0.0000
[47,     7] loss: 2.3026 acc: 7.1429
[47,     8] loss: 2.3026 acc: 9.3750
[47,     9] loss: 2.3026 acc: 8.3333
[47,    10] loss: 2.3026 acc: 7.5000
[47,    11] loss: 2.3026 acc: 6.8182
[47,    12] loss: 2.3026 acc: 6.2500
[47,    13] loss: 2.3026 acc: 5.7692
[47,    14] loss: 2.3026 acc: 7.1429
[47,    15] loss: 2.3026 acc: 6.6667
[47,    16] loss: 2.3026 acc: 6.2500
[47,    17] loss: 2.3026 acc: 5.8824
[47,    18] loss: 2.3026 acc: 5.5556
[47,    19] loss: 2.3026 acc: 6.5789
[47,    20] loss: 2.3026 acc: 7.5000
[47,    21] loss: 2.3026 acc: 8.3333
[47,    22] loss: 2.3026 acc: 9.0909
[47,    23] loss: 2.3026 acc: 9.7826
[47,    24] loss: 2.3026 acc: 10.4167
[47,    25] loss: 2.3026 acc: 10.0000
[47,    26] loss: 2.3026 acc: 9.6154
[47,    27] loss: 2.3026 acc: 9.2593
[47,    28] loss: 2.3026 acc: 9.8214
[47,    29] loss: 2.3026 acc: 9.4828
[47,    30] loss: 2.3026 acc: 9.1667
[47,    31] loss: 2.3026 acc: 10.4839
[47,    32] loss: 2.3026 acc: 10.1562
[48,     1] loss: 2.3026 acc: 0.0000
[48,     2] loss: 2.3026 acc: 0.0000
[48,     3] loss: 2.3026 acc: 8.3333
[48,     4] loss: 2.3026 acc: 6.2500
[48,     5] loss: 2.3026 acc: 5.0000
[48,     6] loss: 2.3026 acc: 8.3333
[48,     7] loss: 2.3025 acc: 14.2857
[48,     8] loss: 2.3025 acc: 21.8750
[48,     9] loss: 2.3009 acc: 22.2222
[48,    10] loss: 4.5668 acc: 20.0000
[48,    11] loss: 2.5868 acc: 18.1818
[48,    12] loss: 4.6470 acc: 16.6667
[48,    13] loss: 2.3027 acc: 15.3846
[48,    14] loss: 2.3029 acc: 14.2857
[48,    15] loss: 2.3025 acc: 13.3333
[48,    16] loss: 2.3026 acc: 12.5000
[48,    17] loss: 2.3026 acc: 11.7647
[48,    18] loss: 2.3026 acc: 11.1111
[48,    19] loss: 2.3026 acc: 10.5263
[48,    20] loss: 2.3026 acc: 10.0000
[48,    21] loss: 2.3027 acc: 9.5238
[48,    22] loss: 2.3025 acc: 10.2273
[48,    23] loss: 2.3025 acc: 9.7826
[48,    24] loss: 2.3010 acc: 10.4167
[48,    25] loss: 1.8475 acc: 11.0000
[48,    26] loss: 2.3026 acc: 10.5769
[48,    27] loss: 2.3026 acc: 12.0370
[48,    28] loss: 2.3026 acc: 11.6071
[48,    29] loss: 2.3026 acc: 12.0690
[48,    30] loss: 2.3026 acc: 12.5000
[48,    31] loss: 2.3026 acc: 12.0968
[48,    32] loss: 2.3026 acc: 11.7188
[49,     1] loss: 2.3026 acc: 0.0000
[49,     2] loss: 2.3026 acc: 0.0000
[49,     3] loss: 2.3026 acc: 0.0000
[49,     4] loss: 2.3026 acc: 0.0000
[49,     5] loss: 2.3026 acc: 10.0000
[49,     6] loss: 2.3026 acc: 8.3333
[49,     7] loss: 2.3026 acc: 7.1429
[49,     8] loss: 2.3026 acc: 6.2500
[49,     9] loss: 2.3026 acc: 5.5556
[49,    10] loss: 2.3026 acc: 5.0000
[49,    11] loss: 2.3026 acc: 4.5455
[49,    12] loss: 2.3026 acc: 6.2500
[49,    13] loss: 2.3026 acc: 7.6923
[49,    14] loss: 2.3026 acc: 7.1429
[49,    15] loss: 2.3026 acc: 6.6667
[49,    16] loss: 2.3026 acc: 6.2500
[49,    17] loss: 2.3026 acc: 7.3529
[49,    18] loss: 2.3026 acc: 6.9444
[49,    19] loss: 2.3026 acc: 7.8947
[49,    20] loss: 2.3026 acc: 8.7500
[49,    21] loss: 2.3026 acc: 9.5238
[49,    22] loss: 2.3026 acc: 10.2273
[49,    23] loss: 2.3026 acc: 9.7826
[49,    24] loss: 2.3026 acc: 9.3750
[49,    25] loss: 2.3026 acc: 10.0000
[49,    26] loss: 2.3026 acc: 9.6154
[49,    27] loss: 2.3026 acc: 9.2593
[49,    28] loss: 2.3026 acc: 8.9286
[49,    29] loss: 2.3026 acc: 8.6207
[49,    30] loss: 2.3026 acc: 9.1667
[49,    31] loss: 2.3026 acc: 8.8710
[49,    32] loss: 2.3026 acc: 8.5938
[50,     1] loss: 2.3026 acc: 0.0000
[50,     2] loss: 2.3026 acc: 0.0000
[50,     3] loss: 2.3026 acc: 0.0000
[50,     4] loss: 2.3026 acc: 0.0000
[50,     5] loss: 2.3026 acc: 10.0000
[50,     6] loss: 2.3026 acc: 8.3333
[50,     7] loss: 2.3026 acc: 7.1429
[50,     8] loss: 2.3026 acc: 6.2500
[50,     9] loss: 2.3026 acc: 5.5556
[50,    10] loss: 2.3026 acc: 5.0000
[50,    11] loss: 2.3026 acc: 6.8182
[50,    12] loss: 2.3026 acc: 6.2500
[50,    13] loss: 2.3026 acc: 7.6923
[50,    14] loss: 2.3026 acc: 7.1429
[50,    15] loss: 2.3026 acc: 8.3333
[50,    16] loss: 2.3026 acc: 7.8125
[50,    17] loss: 2.3026 acc: 7.3529
[50,    18] loss: 2.3026 acc: 6.9444
[50,    19] loss: 2.3026 acc: 6.5789
[50,    20] loss: 2.3026 acc: 6.2500
[50,    21] loss: 2.3026 acc: 5.9524
[50,    22] loss: 2.3026 acc: 5.6818
[50,    23] loss: 2.3026 acc: 5.4348
[50,    24] loss: 2.3026 acc: 5.2083
[50,    25] loss: 2.3026 acc: 5.0000
[50,    26] loss: 2.3026 acc: 4.8077
[50,    27] loss: 2.3026 acc: 4.6296
[50,    28] loss: 2.3026 acc: 6.2500
[50,    29] loss: 2.3026 acc: 6.0345
[50,    30] loss: 2.3026 acc: 7.5000
[50,    31] loss: 2.3026 acc: 7.2581
[50,    32] loss: 2.3026 acc: 7.0312
[51,     1] loss: 2.3026 acc: 0.0000
[51,     2] loss: 2.3026 acc: 12.5000
[51,     3] loss: 2.3026 acc: 16.6667
[51,     4] loss: 2.3026 acc: 12.5000
[51,     5] loss: 2.3026 acc: 25.0000
[51,     6] loss: 2.3026 acc: 20.8333
[51,     7] loss: 2.3026 acc: 17.8571
[51,     8] loss: 2.3026 acc: 15.6250
[51,     9] loss: 2.3026 acc: 13.8889
[51,    10] loss: 2.3026 acc: 15.0000
[51,    11] loss: 2.3026 acc: 13.6364
[51,    12] loss: 2.3026 acc: 14.5833
[51,    13] loss: 2.3026 acc: 13.4615
[51,    14] loss: 2.3026 acc: 12.5000
[51,    15] loss: 2.3026 acc: 15.0000
[51,    16] loss: 2.3026 acc: 14.0625
[51,    17] loss: 2.3026 acc: 14.7059
[51,    18] loss: 2.3026 acc: 13.8889
[51,    19] loss: 2.3026 acc: 13.1579
[51,    20] loss: 2.3026 acc: 15.0000
[51,    21] loss: 2.3026 acc: 14.2857
[51,    22] loss: 2.3026 acc: 13.6364
[51,    23] loss: 2.3026 acc: 15.2174
[51,    24] loss: 2.3026 acc: 16.6667
[51,    25] loss: 2.3026 acc: 17.0000
[51,    26] loss: 2.3026 acc: 17.3077
[51,    27] loss: 2.3026 acc: 16.6667
[51,    28] loss: 2.3026 acc: 16.0714
[51,    29] loss: 2.3026 acc: 16.3793
[51,    30] loss: 2.3026 acc: 15.8333
[51,    31] loss: 2.3026 acc: 16.1290
[51,    32] loss: 2.3026 acc: 15.6250
[52,     1] loss: 2.3026 acc: 25.0000
[52,     2] loss: 2.3026 acc: 12.5000
[52,     3] loss: 2.3026 acc: 16.6667
[52,     4] loss: 2.3026 acc: 12.5000
[52,     5] loss: 2.3026 acc: 15.0000
[52,     6] loss: 2.3026 acc: 16.6667
[52,     7] loss: 2.3026 acc: 14.2857
[52,     8] loss: 2.3026 acc: 12.5000
[52,     9] loss: 2.3026 acc: 13.8889
[52,    10] loss: 2.3026 acc: 15.0000
[52,    11] loss: 2.3026 acc: 13.6364
[52,    12] loss: 2.3026 acc: 14.5833
[52,    13] loss: 2.3026 acc: 13.4615
[52,    14] loss: 2.3026 acc: 12.5000
[52,    15] loss: 2.3026 acc: 11.6667
[52,    16] loss: 2.3026 acc: 10.9375
[52,    17] loss: 2.3026 acc: 11.7647
[52,    18] loss: 2.3026 acc: 13.8889
[52,    19] loss: 2.3026 acc: 14.4737
[52,    20] loss: 2.3026 acc: 15.0000
[52,    21] loss: 2.3026 acc: 16.6667
[52,    22] loss: 2.3026 acc: 17.0455
[52,    23] loss: 2.3026 acc: 16.3043
[52,    24] loss: 2.3026 acc: 17.7083
[52,    25] loss: 2.3026 acc: 17.0000
[52,    26] loss: 2.3026 acc: 17.3077
[52,    27] loss: 2.3026 acc: 17.5926
[52,    28] loss: 2.3026 acc: 17.8571
[52,    29] loss: 2.3026 acc: 18.1034
[52,    30] loss: 2.3026 acc: 17.5000
[52,    31] loss: 2.3026 acc: 16.9355
[52,    32] loss: 2.3026 acc: 16.4062
[53,     1] loss: 2.3026 acc: 0.0000
[53,     2] loss: 2.3026 acc: 0.0000
[53,     3] loss: 2.3026 acc: 0.0000
[53,     4] loss: 2.3026 acc: 0.0000
[53,     5] loss: 2.3026 acc: 0.0000
[53,     6] loss: 2.3026 acc: 4.1667
[53,     7] loss: 2.3026 acc: 3.5714
[53,     8] loss: 2.3026 acc: 3.1250
[53,     9] loss: 2.3026 acc: 2.7778
[53,    10] loss: 2.3026 acc: 2.5000
[53,    11] loss: 2.3026 acc: 2.2727
[53,    12] loss: 2.3026 acc: 2.0833
[53,    13] loss: 2.3026 acc: 1.9231
[53,    14] loss: 2.3026 acc: 1.7857
[53,    15] loss: 2.3026 acc: 1.6667
[53,    16] loss: 2.3026 acc: 1.5625
[53,    17] loss: 2.3026 acc: 1.4706
[53,    18] loss: 2.3026 acc: 1.3889
[53,    19] loss: 2.3026 acc: 3.9474
[53,    20] loss: 2.3026 acc: 3.7500
[53,    21] loss: 2.3026 acc: 4.7619
[53,    22] loss: 2.3026 acc: 5.6818
[53,    23] loss: 2.3026 acc: 5.4348
[53,    24] loss: 2.3026 acc: 5.2083
[53,    25] loss: 2.3026 acc: 6.0000
[53,    26] loss: 2.3026 acc: 5.7692
[53,    27] loss: 2.3026 acc: 5.5556
[53,    28] loss: 2.3026 acc: 5.3571
[53,    29] loss: 2.3026 acc: 6.0345
[53,    30] loss: 2.3026 acc: 5.8333
[53,    31] loss: 2.3026 acc: 5.6452
[53,    32] loss: 2.3026 acc: 6.2500
[54,     1] loss: 2.3026 acc: 0.0000
[54,     2] loss: 2.3026 acc: 0.0000
[54,     3] loss: 2.3026 acc: 8.3333
[54,     4] loss: 2.3026 acc: 6.2500
[54,     5] loss: 2.3026 acc: 10.0000
[54,     6] loss: 2.3026 acc: 8.3333
[54,     7] loss: 2.3026 acc: 7.1429
[54,     8] loss: 2.3026 acc: 6.2500
[54,     9] loss: 2.3026 acc: 5.5556
[54,    10] loss: 2.3026 acc: 7.5000
[54,    11] loss: 2.3026 acc: 6.8182
[54,    12] loss: 2.3026 acc: 6.2500
[54,    13] loss: 2.3026 acc: 5.7692
[54,    14] loss: 2.3026 acc: 7.1429
[54,    15] loss: 2.3026 acc: 8.3333
[54,    16] loss: 2.3026 acc: 7.8125
[54,    17] loss: 2.3026 acc: 7.3529
[54,    18] loss: 2.3026 acc: 6.9444
[54,    19] loss: 2.3026 acc: 7.8947
[54,    20] loss: 2.3026 acc: 7.5000
[54,    21] loss: 2.3026 acc: 9.5238
[54,    22] loss: 2.3026 acc: 10.2273
[54,    23] loss: 2.3026 acc: 9.7826
[54,    24] loss: 2.3026 acc: 9.3750
[54,    25] loss: 2.3026 acc: 9.0000
[54,    26] loss: 2.3026 acc: 8.6538
[54,    27] loss: 2.3026 acc: 9.2593
[54,    28] loss: 2.3026 acc: 8.9286
[54,    29] loss: 2.3026 acc: 9.4828
[54,    30] loss: 2.3026 acc: 10.0000
[54,    31] loss: 2.3026 acc: 9.6774
[54,    32] loss: 2.3026 acc: 9.3750
[55,     1] loss: 2.3026 acc: 25.0000
[55,     2] loss: 2.3026 acc: 37.5000
[55,     3] loss: 2.3026 acc: 25.0000
[55,     4] loss: 2.3026 acc: 18.7500
[55,     5] loss: 2.3026 acc: 15.0000
[55,     6] loss: 2.3026 acc: 12.5000
[55,     7] loss: 2.3026 acc: 14.2857
[55,     8] loss: 2.3026 acc: 18.7500
[55,     9] loss: 2.3026 acc: 16.6667
[55,    10] loss: 2.3026 acc: 15.0000
[55,    11] loss: 2.3026 acc: 15.9091
[55,    12] loss: 2.3026 acc: 14.5833
[55,    13] loss: 2.3026 acc: 15.3846
[55,    14] loss: 2.3026 acc: 14.2857
[55,    15] loss: 2.3026 acc: 13.3333
[55,    16] loss: 2.3026 acc: 14.0625
[55,    17] loss: 2.3026 acc: 13.2353
[55,    18] loss: 2.3026 acc: 12.5000
[55,    19] loss: 2.3026 acc: 11.8421
[55,    20] loss: 2.3026 acc: 12.5000
[55,    21] loss: 2.3026 acc: 11.9048
[55,    22] loss: 2.3026 acc: 11.3636
[55,    23] loss: 2.3026 acc: 10.8696
[55,    24] loss: 2.3026 acc: 10.4167
[55,    25] loss: 2.3026 acc: 10.0000
[55,    26] loss: 2.3026 acc: 9.6154
[55,    27] loss: 2.3026 acc: 9.2593
[55,    28] loss: 2.3026 acc: 9.8214
[55,    29] loss: 2.3026 acc: 9.4828
[55,    30] loss: 2.3026 acc: 9.1667
[55,    31] loss: 2.3026 acc: 8.8710
[55,    32] loss: 2.3026 acc: 8.5938
[56,     1] loss: 2.3026 acc: 0.0000
[56,     2] loss: 2.3026 acc: 0.0000
[56,     3] loss: 2.3026 acc: 0.0000
[56,     4] loss: 2.3026 acc: 6.2500
[56,     5] loss: 2.3026 acc: 10.0000
[56,     6] loss: 2.3026 acc: 8.3333
[56,     7] loss: 2.3026 acc: 7.1429
[56,     8] loss: 2.3026 acc: 6.2500
[56,     9] loss: 2.3026 acc: 11.1111
[56,    10] loss: 2.3026 acc: 10.0000
[56,    11] loss: 2.3026 acc: 11.3636
[56,    12] loss: 2.3026 acc: 14.5833
[56,    13] loss: 2.3026 acc: 13.4615
[56,    14] loss: 2.3026 acc: 12.5000
[56,    15] loss: 2.3026 acc: 11.6667
[56,    16] loss: 2.3026 acc: 10.9375
[56,    17] loss: 2.3026 acc: 11.7647
[56,    18] loss: 2.3026 acc: 11.1111
[56,    19] loss: 2.3026 acc: 11.8421
[56,    20] loss: 2.3026 acc: 12.5000
[56,    21] loss: 2.3026 acc: 11.9048
[56,    22] loss: 2.3026 acc: 11.3636
[56,    23] loss: 2.3026 acc: 11.9565
[56,    24] loss: 2.3026 acc: 11.4583
[56,    25] loss: 2.3026 acc: 11.0000
[56,    26] loss: 2.3026 acc: 10.5769
[56,    27] loss: 2.3026 acc: 10.1852
[56,    28] loss: 2.3026 acc: 9.8214
[56,    29] loss: 2.3026 acc: 9.4828
[56,    30] loss: 2.3026 acc: 10.0000
[56,    31] loss: 2.3026 acc: 10.4839
[56,    32] loss: 2.3026 acc: 10.1562
[57,     1] loss: 2.3026 acc: 0.0000
[57,     2] loss: 2.3026 acc: 0.0000
[57,     3] loss: 2.3026 acc: 0.0000
[57,     4] loss: 2.3026 acc: 0.0000
[57,     5] loss: 2.3026 acc: 0.0000
[57,     6] loss: 2.3026 acc: 0.0000
[57,     7] loss: 2.3026 acc: 0.0000
[57,     8] loss: 2.3026 acc: 3.1250
[57,     9] loss: 2.3026 acc: 2.7778
[57,    10] loss: 2.3026 acc: 2.5000
[57,    11] loss: 2.3026 acc: 4.5455
[57,    12] loss: 2.3026 acc: 6.2500
[57,    13] loss: 2.3026 acc: 5.7692
[57,    14] loss: 2.3026 acc: 5.3571
[57,    15] loss: 2.3026 acc: 6.6667
[57,    16] loss: 2.3026 acc: 6.2500
[57,    17] loss: 2.3026 acc: 5.8824
[57,    18] loss: 2.3026 acc: 5.5556
[57,    19] loss: 2.3026 acc: 5.2632
[57,    20] loss: 2.3026 acc: 6.2500
[57,    21] loss: 2.3026 acc: 5.9524
[57,    22] loss: 2.3026 acc: 5.6818
[57,    23] loss: 2.3026 acc: 6.5217
[57,    24] loss: 2.3026 acc: 7.2917
[57,    25] loss: 2.3026 acc: 8.0000
[57,    26] loss: 2.3026 acc: 7.6923
[57,    27] loss: 2.3026 acc: 8.3333
[57,    28] loss: 2.3026 acc: 9.8214
[57,    29] loss: 2.3026 acc: 9.4828
[57,    30] loss: 2.3026 acc: 9.1667
[57,    31] loss: 2.3026 acc: 8.8710
[57,    32] loss: 2.3026 acc: 9.3750
[58,     1] loss: 2.3026 acc: 25.0000
[58,     2] loss: 2.3026 acc: 25.0000
[58,     3] loss: 2.3026 acc: 25.0000
[58,     4] loss: 2.3026 acc: 25.0000
[58,     5] loss: 2.3026 acc: 20.0000
[58,     6] loss: 2.3026 acc: 16.6667
[58,     7] loss: 2.3026 acc: 14.2857
[58,     8] loss: 2.3026 acc: 12.5000
[58,     9] loss: 2.3026 acc: 11.1111
[58,    10] loss: 2.3026 acc: 10.0000
[58,    11] loss: 2.3026 acc: 9.0909
[58,    12] loss: 2.3026 acc: 8.3333
[58,    13] loss: 2.3026 acc: 7.6923
[58,    14] loss: 2.3026 acc: 8.9286
[58,    15] loss: 2.3026 acc: 8.3333
[58,    16] loss: 2.3026 acc: 7.8125
[58,    17] loss: 2.3026 acc: 8.8235
[58,    18] loss: 2.3026 acc: 8.3333
[58,    19] loss: 2.3026 acc: 7.8947
[58,    20] loss: 2.3026 acc: 8.7500
[58,    21] loss: 2.3026 acc: 8.3333
[58,    22] loss: 2.3026 acc: 9.0909
[58,    23] loss: 2.3026 acc: 9.7826
[58,    24] loss: 2.3026 acc: 9.3750
[58,    25] loss: 2.3026 acc: 9.0000
[58,    26] loss: 2.3026 acc: 8.6538
[58,    27] loss: 2.3026 acc: 8.3333
[58,    28] loss: 2.3026 acc: 8.0357
[58,    29] loss: 2.3026 acc: 8.6207
[58,    30] loss: 2.3026 acc: 8.3333
[58,    31] loss: 2.3026 acc: 8.8710
[58,    32] loss: 2.3026 acc: 8.5938
[59,     1] loss: 2.3026 acc: 0.0000
[59,     2] loss: 2.3026 acc: 12.5000
[59,     3] loss: 2.3026 acc: 8.3333
[59,     4] loss: 2.3026 acc: 6.2500
[59,     5] loss: 2.3026 acc: 5.0000
[59,     6] loss: 2.3026 acc: 8.3333
[59,     7] loss: 2.3026 acc: 10.7143
[59,     8] loss: 2.3026 acc: 9.3750
[59,     9] loss: 2.3026 acc: 8.3333
[59,    10] loss: 2.3026 acc: 10.0000
[59,    11] loss: 2.3026 acc: 9.0909
[59,    12] loss: 2.3026 acc: 8.3333
[59,    13] loss: 2.3026 acc: 7.6923
[59,    14] loss: 2.3026 acc: 8.9286
[59,    15] loss: 2.3026 acc: 8.3333
[59,    16] loss: 2.3026 acc: 7.8125
[59,    17] loss: 2.3026 acc: 7.3529
[59,    18] loss: 2.3026 acc: 6.9444
[59,    19] loss: 2.3026 acc: 6.5789
[59,    20] loss: 2.3026 acc: 6.2500
[59,    21] loss: 2.3026 acc: 5.9524
[59,    22] loss: 2.3026 acc: 5.6818
[59,    23] loss: 2.3026 acc: 5.4348
[59,    24] loss: 2.3026 acc: 6.2500
[59,    25] loss: 2.3026 acc: 6.0000
[59,    26] loss: 2.3026 acc: 5.7692
[59,    27] loss: 2.3026 acc: 6.4815
[59,    28] loss: 2.3026 acc: 6.2500
[59,    29] loss: 2.3026 acc: 6.8966
[59,    30] loss: 2.3026 acc: 6.6667
[59,    31] loss: 2.3026 acc: 6.4516
[59,    32] loss: 2.3026 acc: 6.2500
[60,     1] loss: 2.3026 acc: 25.0000
[60,     2] loss: 2.3026 acc: 25.0000
[60,     3] loss: 2.3026 acc: 16.6667
[60,     4] loss: 2.3026 acc: 12.5000
[60,     5] loss: 2.3026 acc: 10.0000
[60,     6] loss: 2.3026 acc: 8.3333
[60,     7] loss: 2.3026 acc: 10.7143
[60,     8] loss: 2.3026 acc: 15.6250
[60,     9] loss: 2.3026 acc: 13.8889
[60,    10] loss: 2.3026 acc: 12.5000
[60,    11] loss: 2.3026 acc: 15.9091
[60,    12] loss: 2.3026 acc: 14.5833
[60,    13] loss: 2.3026 acc: 13.4615
[60,    14] loss: 2.3026 acc: 14.2857
[60,    15] loss: 2.3026 acc: 13.3333
[60,    16] loss: 2.3026 acc: 12.5000
[60,    17] loss: 2.3026 acc: 11.7647
[60,    18] loss: 2.3026 acc: 12.5000
[60,    19] loss: 2.3026 acc: 11.8421
[60,    20] loss: 2.3026 acc: 12.5000
[60,    21] loss: 2.3026 acc: 11.9048
[60,    22] loss: 2.3026 acc: 12.5000
[60,    23] loss: 2.3026 acc: 13.0435
[60,    24] loss: 2.3026 acc: 12.5000
[60,    25] loss: 2.3026 acc: 12.0000
[60,    26] loss: 2.3026 acc: 11.5385
[60,    27] loss: 2.3026 acc: 11.1111
[60,    28] loss: 2.3026 acc: 10.7143
[60,    29] loss: 2.3026 acc: 12.0690
[60,    30] loss: 2.3026 acc: 11.6667
[60,    31] loss: 2.3026 acc: 11.2903
[60,    32] loss: 2.3026 acc: 10.9375
[61,     1] loss: 2.3026 acc: 25.0000
[61,     2] loss: 2.3026 acc: 12.5000
[61,     3] loss: 2.3026 acc: 8.3333
[61,     4] loss: 2.3026 acc: 6.2500
[61,     5] loss: 2.3026 acc: 5.0000
[61,     6] loss: 2.3026 acc: 4.1667
[61,     7] loss: 2.3026 acc: 3.5714
[61,     8] loss: 2.3026 acc: 3.1250
[61,     9] loss: 2.3026 acc: 5.5556
[61,    10] loss: 2.3026 acc: 7.5000
[61,    11] loss: 2.3026 acc: 6.8182
[61,    12] loss: 2.3026 acc: 10.4167
[61,    13] loss: 2.3026 acc: 13.4615
[61,    14] loss: 2.3026 acc: 12.5000
[61,    15] loss: 2.3026 acc: 15.0000
[61,    16] loss: 2.3026 acc: 15.6250
[61,    17] loss: 2.3026 acc: 14.7059
[61,    18] loss: 2.3026 acc: 13.8889
[61,    19] loss: 2.3026 acc: 13.1579
[61,    20] loss: 2.3026 acc: 13.7500
[61,    21] loss: 2.3026 acc: 13.0952
[61,    22] loss: 2.3026 acc: 12.5000
[61,    23] loss: 2.3026 acc: 13.0435
[61,    24] loss: 2.3026 acc: 12.5000
[61,    25] loss: 2.3026 acc: 13.0000
[61,    26] loss: 2.3026 acc: 13.4615
[61,    27] loss: 2.3026 acc: 12.9630
[61,    28] loss: 2.3026 acc: 12.5000
[61,    29] loss: 2.3026 acc: 12.9310
[61,    30] loss: 2.3026 acc: 12.5000
[61,    31] loss: 2.3026 acc: 12.0968
[61,    32] loss: 2.3026 acc: 12.5000
[62,     1] loss: 2.3026 acc: 0.0000
[62,     2] loss: 2.3026 acc: 12.5000
[62,     3] loss: 2.3026 acc: 8.3333
[62,     4] loss: 2.3026 acc: 12.5000
[62,     5] loss: 2.3026 acc: 10.0000
[62,     6] loss: 2.3026 acc: 8.3333
[62,     7] loss: 2.3026 acc: 14.2857
[62,     8] loss: 2.3026 acc: 12.5000
[62,     9] loss: 2.3026 acc: 11.1111
[62,    10] loss: 2.3026 acc: 10.0000
[62,    11] loss: 2.3026 acc: 11.3636
[62,    12] loss: 2.3026 acc: 10.4167
[62,    13] loss: 2.3026 acc: 9.6154
[62,    14] loss: 2.3026 acc: 8.9286
[62,    15] loss: 2.3026 acc: 8.3333
[62,    16] loss: 2.3026 acc: 7.8125
[62,    17] loss: 2.3026 acc: 7.3529
[62,    18] loss: 2.3026 acc: 6.9444
[62,    19] loss: 2.3026 acc: 6.5789
[62,    20] loss: 2.3026 acc: 6.2500
[62,    21] loss: 2.3026 acc: 5.9524
[62,    22] loss: 2.3026 acc: 6.8182
[62,    23] loss: 2.3026 acc: 6.5217
[62,    24] loss: 2.3026 acc: 6.2500
[62,    25] loss: 2.3026 acc: 6.0000
[62,    26] loss: 2.3026 acc: 5.7692
[62,    27] loss: 2.3026 acc: 5.5556
[62,    28] loss: 2.3026 acc: 5.3571
[62,    29] loss: 2.3026 acc: 5.1724
[62,    30] loss: 2.3026 acc: 5.0000
[62,    31] loss: 2.3026 acc: 4.8387
[62,    32] loss: 2.3026 acc: 4.6875
[63,     1] loss: 2.3026 acc: 0.0000
[63,     2] loss: 2.3026 acc: 12.5000
[63,     3] loss: 2.3026 acc: 16.6667
[63,     4] loss: 2.3026 acc: 12.5000
[63,     5] loss: 2.3026 acc: 15.0000
[63,     6] loss: 2.3026 acc: 12.5000
[63,     7] loss: 2.3026 acc: 14.2857
[63,     8] loss: 2.3026 acc: 15.6250
[63,     9] loss: 2.3026 acc: 13.8889
[63,    10] loss: 2.3026 acc: 15.0000
[63,    11] loss: 2.3026 acc: 13.6364
[63,    12] loss: 2.3026 acc: 14.5833
[63,    13] loss: 2.3026 acc: 13.4615
[63,    14] loss: 2.3026 acc: 14.2857
[63,    15] loss: 2.3026 acc: 13.3333
[63,    16] loss: 2.3026 acc: 14.0625
[63,    17] loss: 2.3026 acc: 13.2353
[63,    18] loss: 2.3026 acc: 12.5000
[63,    19] loss: 2.3026 acc: 13.1579
[63,    20] loss: 2.3026 acc: 12.5000
[63,    21] loss: 2.3026 acc: 11.9048
[63,    22] loss: 2.3026 acc: 12.5000
[63,    23] loss: 2.3026 acc: 11.9565
[63,    24] loss: 2.3026 acc: 13.5417
[63,    25] loss: 2.3026 acc: 15.0000
[63,    26] loss: 2.3026 acc: 15.3846
[63,    27] loss: 2.3026 acc: 15.7407
[63,    28] loss: 2.3026 acc: 15.1786
[63,    29] loss: 2.3026 acc: 14.6552
[63,    30] loss: 2.3026 acc: 15.8333
[63,    31] loss: 2.3026 acc: 16.1290
[63,    32] loss: 2.3026 acc: 16.4062
[64,     1] loss: 2.3026 acc: 25.0000
[64,     2] loss: 2.3026 acc: 12.5000
[64,     3] loss: 2.3026 acc: 8.3333
[64,     4] loss: 2.3026 acc: 6.2500
[64,     5] loss: 2.3026 acc: 5.0000
[64,     6] loss: 2.3026 acc: 8.3333
[64,     7] loss: 2.3026 acc: 14.2857
[64,     8] loss: 2.3026 acc: 12.5000
[64,     9] loss: 2.3026 acc: 13.8889
[64,    10] loss: 2.3026 acc: 12.5000
[64,    11] loss: 2.3026 acc: 11.3636
[64,    12] loss: 2.3026 acc: 12.5000
[64,    13] loss: 2.3026 acc: 11.5385
[64,    14] loss: 2.3026 acc: 10.7143
[64,    15] loss: 2.3026 acc: 10.0000
[64,    16] loss: 2.3026 acc: 10.9375
[64,    17] loss: 2.3026 acc: 10.2941
[64,    18] loss: 2.3026 acc: 11.1111
[64,    19] loss: 2.3026 acc: 10.5263
[64,    20] loss: 2.3026 acc: 10.0000
[64,    21] loss: 2.3026 acc: 9.5238
[64,    22] loss: 2.3026 acc: 9.0909
[64,    23] loss: 2.3026 acc: 9.7826
[64,    24] loss: 2.3026 acc: 9.3750
[64,    25] loss: 2.3026 acc: 9.0000
[64,    26] loss: 2.3026 acc: 10.5769
[64,    27] loss: 2.3026 acc: 10.1852
[64,    28] loss: 2.3026 acc: 9.8214
[64,    29] loss: 2.3026 acc: 10.3448
[64,    30] loss: 2.3026 acc: 11.6667
[64,    31] loss: 2.3026 acc: 12.0968
[64,    32] loss: 2.3026 acc: 11.7188
[65,     1] loss: 2.3026 acc: 0.0000
[65,     2] loss: 2.3026 acc: 0.0000
[65,     3] loss: 2.3026 acc: 0.0000
[65,     4] loss: 2.3026 acc: 12.5000
[65,     5] loss: 2.3026 acc: 15.0000
[65,     6] loss: 2.3026 acc: 12.5000
[65,     7] loss: 2.3026 acc: 10.7143
[65,     8] loss: 2.3026 acc: 15.6250
[65,     9] loss: 2.3026 acc: 13.8889
[65,    10] loss: 2.3026 acc: 12.5000
[65,    11] loss: 2.3026 acc: 13.6364
[65,    12] loss: 2.3026 acc: 14.5833
[65,    13] loss: 2.3026 acc: 17.3077
[65,    14] loss: 2.3026 acc: 17.8571
[65,    15] loss: 2.3026 acc: 18.3333
[65,    16] loss: 2.3026 acc: 17.1875
[65,    17] loss: 2.3026 acc: 16.1765
[65,    18] loss: 2.3026 acc: 15.2778
[65,    19] loss: 2.3026 acc: 14.4737
[65,    20] loss: 2.3026 acc: 13.7500
[65,    21] loss: 2.3026 acc: 14.2857
[65,    22] loss: 2.3026 acc: 15.9091
[65,    23] loss: 2.3026 acc: 15.2174
[65,    24] loss: 2.3026 acc: 15.6250
[65,    25] loss: 2.3026 acc: 15.0000
[65,    26] loss: 2.3026 acc: 14.4231
[65,    27] loss: 2.3026 acc: 13.8889
[65,    28] loss: 2.3026 acc: 13.3929
[65,    29] loss: 2.3026 acc: 12.9310
[65,    30] loss: 2.3026 acc: 13.3333
[65,    31] loss: 2.3026 acc: 12.9032
[65,    32] loss: 2.3026 acc: 14.0625
[66,     1] loss: 2.3026 acc: 0.0000
[66,     2] loss: 2.3026 acc: 12.5000
[66,     3] loss: 2.3026 acc: 8.3333
[66,     4] loss: 2.3026 acc: 18.7500
[66,     5] loss: 2.3026 acc: 20.0000
[66,     6] loss: 2.3026 acc: 16.6667
[66,     7] loss: 2.3026 acc: 14.2857
[66,     8] loss: 2.3026 acc: 12.5000
[66,     9] loss: 2.3026 acc: 13.8889
[66,    10] loss: 2.3026 acc: 15.0000
[66,    11] loss: 2.3026 acc: 13.6364
[66,    12] loss: 2.3026 acc: 12.5000
[66,    13] loss: 2.3026 acc: 11.5385
[66,    14] loss: 2.3026 acc: 10.7143
[66,    15] loss: 2.3026 acc: 10.0000
[66,    16] loss: 2.3026 acc: 9.3750
[66,    17] loss: 2.3026 acc: 8.8235
[66,    18] loss: 2.3026 acc: 8.3333
[66,    19] loss: 2.3026 acc: 7.8947
[66,    20] loss: 2.3026 acc: 8.7500
[66,    21] loss: 2.3026 acc: 9.5238
[66,    22] loss: 2.3026 acc: 10.2273
[66,    23] loss: 2.3026 acc: 10.8696
[66,    24] loss: 2.3026 acc: 11.4583
[66,    25] loss: 2.3026 acc: 11.0000
[66,    26] loss: 2.3026 acc: 11.5385
[66,    27] loss: 2.3026 acc: 11.1111
[66,    28] loss: 2.3026 acc: 10.7143
[66,    29] loss: 2.3026 acc: 11.2069
[66,    30] loss: 2.3026 acc: 11.6667
[66,    31] loss: 2.3026 acc: 12.0968
[66,    32] loss: 2.3026 acc: 11.7188
[67,     1] loss: 2.3026 acc: 0.0000
[67,     2] loss: 2.3026 acc: 12.5000
[67,     3] loss: 2.3026 acc: 8.3333
[67,     4] loss: 2.3026 acc: 6.2500
[67,     5] loss: 2.3026 acc: 5.0000
[67,     6] loss: 2.3026 acc: 4.1667
[67,     7] loss: 2.3026 acc: 7.1429
[67,     8] loss: 2.3026 acc: 6.2500
[67,     9] loss: 2.3026 acc: 5.5556
[67,    10] loss: 2.3026 acc: 5.0000
[67,    11] loss: 2.3026 acc: 11.3636
[67,    12] loss: 2.3026 acc: 10.4167
[67,    13] loss: 2.3026 acc: 11.5385
[67,    14] loss: 2.3026 acc: 10.7143
[67,    15] loss: 2.3026 acc: 11.6667
[67,    16] loss: 2.3026 acc: 14.0625
[67,    17] loss: 2.3026 acc: 13.2353
[67,    18] loss: 2.3026 acc: 13.8889
[67,    19] loss: 2.3026 acc: 13.1579
[67,    20] loss: 2.3026 acc: 12.5000
[67,    21] loss: 2.3026 acc: 11.9048
[67,    22] loss: 2.3026 acc: 12.5000
[67,    23] loss: 2.3026 acc: 11.9565
[67,    24] loss: 2.3026 acc: 12.5000
[67,    25] loss: 2.3026 acc: 13.0000
[67,    26] loss: 2.3026 acc: 13.4615
[67,    27] loss: 2.3026 acc: 13.8889
[67,    28] loss: 2.3026 acc: 13.3929
[67,    29] loss: 2.3026 acc: 13.7931
[67,    30] loss: 2.3026 acc: 13.3333
[67,    31] loss: 2.3026 acc: 12.9032
[67,    32] loss: 2.3026 acc: 12.5000
[68,     1] loss: 2.3026 acc: 0.0000
[68,     2] loss: 2.3026 acc: 0.0000
[68,     3] loss: 2.3026 acc: 0.0000
[68,     4] loss: 2.3026 acc: 6.2500
[68,     5] loss: 2.3026 acc: 5.0000
[68,     6] loss: 2.3026 acc: 8.3333
[68,     7] loss: 2.3026 acc: 10.7143
[68,     8] loss: 2.3026 acc: 12.5000
[68,     9] loss: 2.3026 acc: 11.1111
[68,    10] loss: 2.3026 acc: 10.0000
[68,    11] loss: 2.3026 acc: 9.0909
[68,    12] loss: 2.3026 acc: 8.3333
[68,    13] loss: 2.3026 acc: 9.6154
[68,    14] loss: 2.3026 acc: 8.9286
[68,    15] loss: 2.3026 acc: 8.3333
[68,    16] loss: 2.3026 acc: 7.8125
[68,    17] loss: 2.3026 acc: 10.2941
[68,    18] loss: 2.3026 acc: 9.7222
[68,    19] loss: 2.3026 acc: 9.2105
[68,    20] loss: 2.3026 acc: 10.0000
[68,    21] loss: 2.3026 acc: 9.5238
[68,    22] loss: 2.3026 acc: 9.0909
[68,    23] loss: 2.3026 acc: 8.6957
[68,    24] loss: 2.3026 acc: 8.3333
[68,    25] loss: 2.3026 acc: 8.0000
[68,    26] loss: 2.3026 acc: 7.6923
[68,    27] loss: 2.3026 acc: 7.4074
[68,    28] loss: 2.3026 acc: 7.1429
[68,    29] loss: 2.3026 acc: 7.7586
[68,    30] loss: 2.3026 acc: 7.5000
[68,    31] loss: 2.3026 acc: 7.2581
[68,    32] loss: 2.3026 acc: 7.0312
[69,     1] loss: 2.3026 acc: 25.0000
[69,     2] loss: 2.3026 acc: 12.5000
[69,     3] loss: 2.3026 acc: 16.6667
[69,     4] loss: 2.3026 acc: 12.5000
[69,     5] loss: 2.3026 acc: 10.0000
[69,     6] loss: 2.3026 acc: 16.6667
[69,     7] loss: 2.3026 acc: 14.2857
[69,     8] loss: 2.3026 acc: 15.6250
[69,     9] loss: 2.3026 acc: 13.8889
[69,    10] loss: 2.3026 acc: 12.5000
[69,    11] loss: 2.3026 acc: 11.3636
[69,    12] loss: 2.3026 acc: 10.4167
[69,    13] loss: 2.3026 acc: 9.6154
[69,    14] loss: 2.3026 acc: 8.9286
[69,    15] loss: 2.3026 acc: 8.3333
[69,    16] loss: 2.3026 acc: 9.3750
[69,    17] loss: 2.3026 acc: 8.8235
[69,    18] loss: 2.3026 acc: 9.7222
[69,    19] loss: 2.3026 acc: 11.8421
[69,    20] loss: 2.3026 acc: 11.2500
[69,    21] loss: 2.3026 acc: 10.7143
[69,    22] loss: 2.3026 acc: 10.2273
[69,    23] loss: 2.3026 acc: 9.7826
[69,    24] loss: 2.3026 acc: 10.4167
[69,    25] loss: 2.3026 acc: 11.0000
[69,    26] loss: 2.3026 acc: 10.5769
[69,    27] loss: 2.3026 acc: 11.1111
[69,    28] loss: 2.3026 acc: 11.6071
[69,    29] loss: 2.3026 acc: 11.2069
[69,    30] loss: 2.3026 acc: 10.8333
[69,    31] loss: 2.3026 acc: 10.4839
[69,    32] loss: 2.3026 acc: 10.1562
[70,     1] loss: 2.3026 acc: 0.0000
[70,     2] loss: 2.3026 acc: 12.5000
[70,     3] loss: 2.3026 acc: 8.3333
[70,     4] loss: 2.3026 acc: 12.5000
[70,     5] loss: 2.3026 acc: 10.0000
[70,     6] loss: 2.3026 acc: 12.5000
[70,     7] loss: 2.3026 acc: 10.7143
[70,     8] loss: 2.3026 acc: 9.3750
[70,     9] loss: 2.3026 acc: 8.3333
[70,    10] loss: 2.3026 acc: 7.5000
[70,    11] loss: 2.3026 acc: 9.0909
[70,    12] loss: 2.3026 acc: 8.3333
[70,    13] loss: 2.3026 acc: 7.6923
[70,    14] loss: 2.3026 acc: 7.1429
[70,    15] loss: 2.3026 acc: 8.3333
[70,    16] loss: 2.3026 acc: 9.3750
[70,    17] loss: 2.3026 acc: 8.8235
[70,    18] loss: 2.3026 acc: 8.3333
[70,    19] loss: 2.3026 acc: 7.8947
[70,    20] loss: 2.3026 acc: 7.5000
[70,    21] loss: 2.3026 acc: 7.1429
[70,    22] loss: 2.3026 acc: 9.0909
[70,    23] loss: 2.3026 acc: 8.6957
[70,    24] loss: 2.3026 acc: 9.3750
[70,    25] loss: 2.3026 acc: 10.0000
[70,    26] loss: 2.3026 acc: 10.5769
[70,    27] loss: 2.3026 acc: 10.1852
[70,    28] loss: 2.3026 acc: 9.8214
[70,    29] loss: 2.3026 acc: 10.3448
[70,    30] loss: 2.3026 acc: 10.8333
[70,    31] loss: 2.3026 acc: 11.2903
[70,    32] loss: 2.3026 acc: 10.9375
[71,     1] loss: 2.3026 acc: 0.0000
[71,     2] loss: 2.3026 acc: 12.5000
[71,     3] loss: 2.3026 acc: 16.6667
[71,     4] loss: 2.3026 acc: 12.5000
[71,     5] loss: 2.3026 acc: 15.0000
[71,     6] loss: 2.3026 acc: 16.6667
[71,     7] loss: 2.3026 acc: 14.2857
[71,     8] loss: 2.3026 acc: 18.7500
[71,     9] loss: 2.3026 acc: 19.4444
[71,    10] loss: 2.3026 acc: 17.5000
[71,    11] loss: 2.3026 acc: 15.9091
[71,    12] loss: 2.3026 acc: 16.6667
[71,    13] loss: 2.3026 acc: 15.3846
[71,    14] loss: 2.3026 acc: 14.2857
[71,    15] loss: 2.3026 acc: 13.3333
[71,    16] loss: 2.3026 acc: 12.5000
[71,    17] loss: 2.3026 acc: 11.7647
[71,    18] loss: 2.3026 acc: 12.5000
[71,    19] loss: 2.3026 acc: 11.8421
[71,    20] loss: 2.3026 acc: 11.2500
[71,    21] loss: 2.3026 acc: 10.7143
[71,    22] loss: 2.3026 acc: 10.2273
[71,    23] loss: 2.3026 acc: 9.7826
[71,    24] loss: 2.3026 acc: 10.4167
[71,    25] loss: 2.3026 acc: 10.0000
[71,    26] loss: 2.3026 acc: 9.6154
[71,    27] loss: 2.3026 acc: 11.1111
[71,    28] loss: 2.3026 acc: 11.6071
[71,    29] loss: 2.3026 acc: 11.2069
[71,    30] loss: 2.3026 acc: 10.8333
[71,    31] loss: 2.3026 acc: 10.4839
[71,    32] loss: 2.3026 acc: 10.1562
[72,     1] loss: 2.3026 acc: 25.0000
[72,     2] loss: 2.3026 acc: 12.5000
[72,     3] loss: 2.3026 acc: 8.3333
[72,     4] loss: 2.3026 acc: 6.2500
[72,     5] loss: 2.3026 acc: 5.0000
[72,     6] loss: 2.3026 acc: 4.1667
[72,     7] loss: 2.3026 acc: 7.1429
[72,     8] loss: 2.3026 acc: 6.2500
[72,     9] loss: 2.3026 acc: 5.5556
[72,    10] loss: 2.3026 acc: 7.5000
[72,    11] loss: 2.3026 acc: 6.8182
[72,    12] loss: 2.3026 acc: 6.2500
[72,    13] loss: 2.3026 acc: 5.7692
[72,    14] loss: 2.3026 acc: 5.3571
[72,    15] loss: 2.3026 acc: 5.0000
[72,    16] loss: 2.3026 acc: 4.6875
[72,    17] loss: 2.3026 acc: 5.8824
[72,    18] loss: 2.3026 acc: 6.9444
[72,    19] loss: 2.3026 acc: 6.5789
[72,    20] loss: 2.3026 acc: 6.2500
[72,    21] loss: 2.3026 acc: 7.1429
[72,    22] loss: 2.3026 acc: 6.8182
[72,    23] loss: 2.3026 acc: 6.5217
[72,    24] loss: 2.3026 acc: 7.2917
[72,    25] loss: 2.3026 acc: 7.0000
[72,    26] loss: 2.3026 acc: 7.6923
[72,    27] loss: 2.3026 acc: 7.4074
[72,    28] loss: 2.3026 acc: 8.9286
[72,    29] loss: 2.3026 acc: 8.6207
[72,    30] loss: 2.3026 acc: 8.3333
[72,    31] loss: 2.3026 acc: 8.0645
[72,    32] loss: 2.3026 acc: 8.5938
[73,     1] loss: 2.3026 acc: 0.0000
[73,     2] loss: 2.3026 acc: 0.0000
[73,     3] loss: 2.3026 acc: 8.3333
[73,     4] loss: 2.3026 acc: 12.5000
[73,     5] loss: 2.3026 acc: 15.0000
[73,     6] loss: 2.3026 acc: 16.6667
[73,     7] loss: 2.3026 acc: 17.8571
[73,     8] loss: 2.3026 acc: 21.8750
[73,     9] loss: 2.3026 acc: 25.0000
[73,    10] loss: 2.3026 acc: 27.5000
[73,    11] loss: 2.3026 acc: 25.0000
[73,    12] loss: 2.3026 acc: 25.0000
[73,    13] loss: 2.3026 acc: 23.0769
[73,    14] loss: 2.3026 acc: 21.4286
[73,    15] loss: 2.3026 acc: 23.3333
[73,    16] loss: 2.3026 acc: 21.8750
[73,    17] loss: 2.3026 acc: 20.5882
[73,    18] loss: 2.3026 acc: 19.4444
[73,    19] loss: 2.3026 acc: 19.7368
[73,    20] loss: 2.3026 acc: 18.7500
[73,    21] loss: 2.3026 acc: 17.8571
[73,    22] loss: 2.3026 acc: 17.0455
[73,    23] loss: 2.3026 acc: 16.3043
[73,    24] loss: 2.3026 acc: 15.6250
[73,    25] loss: 2.3026 acc: 15.0000
[73,    26] loss: 2.3026 acc: 15.3846
[73,    27] loss: 2.3026 acc: 14.8148
[73,    28] loss: 2.3026 acc: 14.2857
[73,    29] loss: 2.3026 acc: 14.6552
[73,    30] loss: 2.3025 acc: 15.0000
[73,    31] loss: 2.3026 acc: 14.5161
[73,    32] loss: 2.3026 acc: 14.0625
[74,     1] loss: 2.3026 acc: 50.0000
[74,     2] loss: 2.3026 acc: 25.0000
[74,     3] loss: 2.3026 acc: 16.6667
[74,     4] loss: 2.3026 acc: 18.7500
[74,     5] loss: 2.3026 acc: 20.0000
[74,     6] loss: 2.3026 acc: 20.8333
[74,     7] loss: 2.3026 acc: 17.8571
[74,     8] loss: 2.3026 acc: 15.6250
[74,     9] loss: 2.3026 acc: 13.8889
[74,    10] loss: 2.3026 acc: 12.5000
[74,    11] loss: 2.3026 acc: 13.6364
[74,    12] loss: 2.3026 acc: 12.5000
[74,    13] loss: 2.3026 acc: 11.5385
[74,    14] loss: 2.3026 acc: 10.7143
[74,    15] loss: 2.3026 acc: 10.0000
[74,    16] loss: 2.3026 acc: 12.5000
[74,    17] loss: 2.3026 acc: 11.7647
[74,    18] loss: 2.3026 acc: 12.5000
[74,    19] loss: 2.3026 acc: 13.1579
[74,    20] loss: 2.3026 acc: 13.7500
[74,    21] loss: 2.3026 acc: 13.0952
[74,    22] loss: 2.3026 acc: 12.5000
[74,    23] loss: 2.3026 acc: 13.0435
[74,    24] loss: 2.3026 acc: 12.5000
[74,    25] loss: 2.3026 acc: 12.0000
[74,    26] loss: 2.3026 acc: 13.4615
[74,    27] loss: 2.3026 acc: 12.9630
[74,    28] loss: 2.3026 acc: 12.5000
[74,    29] loss: 2.3026 acc: 12.0690
[74,    30] loss: 2.3026 acc: 11.6667
[74,    31] loss: 2.3026 acc: 11.2903
[74,    32] loss: 2.3026 acc: 10.9375
[75,     1] loss: 2.3026 acc: 0.0000
[75,     2] loss: 2.3026 acc: 0.0000
[75,     3] loss: 2.3026 acc: 0.0000
[75,     4] loss: 2.3026 acc: 0.0000
[75,     5] loss: 2.3026 acc: 0.0000
[75,     6] loss: 2.3026 acc: 0.0000
[75,     7] loss: 2.3026 acc: 0.0000
[75,     8] loss: 2.3026 acc: 0.0000
[75,     9] loss: 2.3026 acc: 5.5556
[75,    10] loss: 2.3026 acc: 7.5000
[75,    11] loss: 2.3026 acc: 6.8182
[75,    12] loss: 2.3026 acc: 6.2500
[75,    13] loss: 2.3026 acc: 7.6923
[75,    14] loss: 2.3026 acc: 10.7143
[75,    15] loss: 2.3026 acc: 11.6667
[75,    16] loss: 2.3026 acc: 10.9375
[75,    17] loss: 2.3026 acc: 10.2941
[75,    18] loss: 2.3026 acc: 9.7222
[75,    19] loss: 2.3026 acc: 9.2105
[75,    20] loss: 2.3026 acc: 8.7500
[75,    21] loss: 2.3026 acc: 9.5238
[75,    22] loss: 2.3026 acc: 9.0909
[75,    23] loss: 2.3026 acc: 10.8696
[75,    24] loss: 2.3026 acc: 10.4167
[75,    25] loss: 2.3026 acc: 10.0000
[75,    26] loss: 2.3026 acc: 10.5769
[75,    27] loss: 2.3026 acc: 10.1852
[75,    28] loss: 2.3026 acc: 10.7143
[75,    29] loss: 2.3026 acc: 10.3448
[75,    30] loss: 2.3026 acc: 10.8333
[75,    31] loss: 2.3026 acc: 10.4839
[75,    32] loss: 2.3026 acc: 10.1562
[76,     1] loss: 2.3026 acc: 25.0000
[76,     2] loss: 2.3026 acc: 12.5000
[76,     3] loss: 2.3026 acc: 8.3333
[76,     4] loss: 2.3026 acc: 12.5000
[76,     5] loss: 2.3026 acc: 10.0000
[76,     6] loss: 2.3026 acc: 8.3333
[76,     7] loss: 2.3026 acc: 7.1429
[76,     8] loss: 2.3026 acc: 9.3750
[76,     9] loss: 2.3026 acc: 8.3333
[76,    10] loss: 2.3026 acc: 7.5000
[76,    11] loss: 2.3026 acc: 6.8182
[76,    12] loss: 2.3026 acc: 8.3333
[76,    13] loss: 2.3026 acc: 9.6154
[76,    14] loss: 2.3026 acc: 8.9286
[76,    15] loss: 2.3026 acc: 8.3333
[76,    16] loss: 2.3026 acc: 7.8125
[76,    17] loss: 2.3026 acc: 7.3529
[76,    18] loss: 2.3026 acc: 8.3333
[76,    19] loss: 2.3026 acc: 7.8947
[76,    20] loss: 2.3026 acc: 7.5000
[76,    21] loss: 2.3026 acc: 7.1429
[76,    22] loss: 2.3026 acc: 6.8182
[76,    23] loss: 2.3026 acc: 6.5217
[76,    24] loss: 2.3026 acc: 6.2500
[76,    25] loss: 2.3026 acc: 6.0000
[76,    26] loss: 2.3026 acc: 7.6923
[76,    27] loss: 2.3026 acc: 7.4074
[76,    28] loss: 2.3026 acc: 7.1429
[76,    29] loss: 2.3026 acc: 6.8966
[76,    30] loss: 2.3026 acc: 6.6667
[76,    31] loss: 2.3026 acc: 6.4516
[76,    32] loss: 2.3026 acc: 6.2500
[77,     1] loss: 2.3026 acc: 25.0000
[77,     2] loss: 2.3026 acc: 12.5000
[77,     3] loss: 2.3026 acc: 8.3333
[77,     4] loss: 2.3026 acc: 12.5000
[77,     5] loss: 2.3026 acc: 15.0000
[77,     6] loss: 2.3026 acc: 12.5000
[77,     7] loss: 2.3026 acc: 10.7143
[77,     8] loss: 2.3026 acc: 9.3750
[77,     9] loss: 2.3026 acc: 13.8889
[77,    10] loss: 2.3026 acc: 12.5000
[77,    11] loss: 2.3026 acc: 15.9091
[77,    12] loss: 2.3026 acc: 16.6667
[77,    13] loss: 2.3026 acc: 15.3846
[77,    14] loss: 2.3026 acc: 16.0714
[77,    15] loss: 2.3026 acc: 16.6667
[77,    16] loss: 2.3026 acc: 15.6250
[77,    17] loss: 2.3026 acc: 14.7059
[77,    18] loss: 2.3026 acc: 15.2778
[77,    19] loss: 2.3026 acc: 14.4737
[77,    20] loss: 2.3026 acc: 15.0000
[77,    21] loss: 2.3026 acc: 14.2857
[77,    22] loss: 2.3026 acc: 13.6364
[77,    23] loss: 2.3026 acc: 14.1304
[77,    24] loss: 2.3026 acc: 14.5833
[77,    25] loss: 2.3026 acc: 15.0000
[77,    26] loss: 2.3026 acc: 14.4231
[77,    27] loss: 2.3026 acc: 13.8889
[77,    28] loss: 2.3026 acc: 14.2857
[77,    29] loss: 2.3026 acc: 13.7931
[77,    30] loss: 2.3026 acc: 13.3333
[77,    31] loss: 2.3026 acc: 12.9032
[77,    32] loss: 2.3026 acc: 12.5000
[78,     1] loss: 2.3026 acc: 25.0000
[78,     2] loss: 2.3026 acc: 12.5000
[78,     3] loss: 2.3026 acc: 16.6667
[78,     4] loss: 2.3026 acc: 18.7500
[78,     5] loss: 2.3026 acc: 15.0000
[78,     6] loss: 2.3026 acc: 16.6667
[78,     7] loss: 2.3026 acc: 14.2857
[78,     8] loss: 2.3026 acc: 12.5000
[78,     9] loss: 2.3026 acc: 13.8889
[78,    10] loss: 2.3026 acc: 12.5000
[78,    11] loss: 2.3026 acc: 11.3636
[78,    12] loss: 2.3026 acc: 10.4167
[78,    13] loss: 2.3026 acc: 9.6154
[78,    14] loss: 2.3026 acc: 10.7143
[78,    15] loss: 2.3026 acc: 13.3333
[78,    16] loss: 2.3026 acc: 12.5000
[78,    17] loss: 2.3026 acc: 11.7647
[78,    18] loss: 2.3026 acc: 11.1111
[78,    19] loss: 2.3026 acc: 10.5263
[78,    20] loss: 2.3026 acc: 11.2500
[78,    21] loss: 2.3026 acc: 11.9048
[78,    22] loss: 2.3026 acc: 11.3636
[78,    23] loss: 2.3026 acc: 11.9565
[78,    24] loss: 2.3026 acc: 11.4583
[78,    25] loss: 2.3026 acc: 12.0000
[78,    26] loss: 2.3026 acc: 11.5385
[78,    27] loss: 2.3026 acc: 11.1111
[78,    28] loss: 2.3026 acc: 10.7143
[78,    29] loss: 2.3026 acc: 11.2069
[78,    30] loss: 2.3026 acc: 10.8333
[78,    31] loss: 2.3026 acc: 10.4839
[78,    32] loss: 2.3026 acc: 10.1562
[79,     1] loss: 2.3026 acc: 0.0000
[79,     2] loss: 2.3026 acc: 12.5000
[79,     3] loss: 2.3026 acc: 25.0000
[79,     4] loss: 2.3026 acc: 25.0000
[79,     5] loss: 2.3026 acc: 25.0000
[79,     6] loss: 2.3026 acc: 20.8333
[79,     7] loss: 2.3026 acc: 21.4286
[79,     8] loss: 2.3026 acc: 18.7500
[79,     9] loss: 2.3026 acc: 16.6667
[79,    10] loss: 2.3026 acc: 15.0000
[79,    11] loss: 2.3026 acc: 15.9091
[79,    12] loss: 2.3026 acc: 14.5833
[79,    13] loss: 2.3026 acc: 13.4615
[79,    14] loss: 2.3026 acc: 12.5000
[79,    15] loss: 2.3026 acc: 11.6667
[79,    16] loss: 2.3026 acc: 10.9375
[79,    17] loss: 2.3026 acc: 10.2941
[79,    18] loss: 2.3026 acc: 9.7222
[79,    19] loss: 2.3026 acc: 9.2105
[79,    20] loss: 2.3026 acc: 8.7500
[79,    21] loss: 2.3026 acc: 8.3333
[79,    22] loss: 2.3026 acc: 7.9545
[79,    23] loss: 2.3026 acc: 7.6087
[79,    24] loss: 2.3026 acc: 8.3333
[79,    25] loss: 2.3026 acc: 8.0000
[79,    26] loss: 2.3026 acc: 7.6923
[79,    27] loss: 2.3026 acc: 7.4074
[79,    28] loss: 2.3026 acc: 8.9286
[79,    29] loss: 2.3026 acc: 9.4828
[79,    30] loss: 2.3026 acc: 9.1667
[79,    31] loss: 2.3026 acc: 8.8710
[79,    32] loss: 2.3026 acc: 9.3750
[80,     1] loss: 2.3026 acc: 0.0000
[80,     2] loss: 2.3026 acc: 12.5000
[80,     3] loss: 2.3026 acc: 8.3333
[80,     4] loss: 2.3026 acc: 12.5000
[80,     5] loss: 2.3026 acc: 10.0000
[80,     6] loss: 2.3026 acc: 8.3333
[80,     7] loss: 2.3026 acc: 7.1429
[80,     8] loss: 2.3026 acc: 6.2500
[80,     9] loss: 2.3026 acc: 11.1111
[80,    10] loss: 2.3026 acc: 10.0000
[80,    11] loss: 2.3026 acc: 9.0909
[80,    12] loss: 2.3026 acc: 8.3333
[80,    13] loss: 2.3026 acc: 7.6923
[80,    14] loss: 2.3026 acc: 8.9286
[80,    15] loss: 2.3026 acc: 8.3333
[80,    16] loss: 2.3026 acc: 7.8125
[80,    17] loss: 2.3026 acc: 8.8235
[80,    18] loss: 2.3026 acc: 8.3333
[80,    19] loss: 2.3026 acc: 7.8947
[80,    20] loss: 2.3026 acc: 8.7500
[80,    21] loss: 2.3026 acc: 8.3333
[80,    22] loss: 2.3026 acc: 7.9545
[80,    23] loss: 2.3026 acc: 7.6087
[80,    24] loss: 2.3026 acc: 8.3333
[80,    25] loss: 2.3026 acc: 9.0000
[80,    26] loss: 2.3026 acc: 8.6538
[80,    27] loss: 2.3026 acc: 9.2593
[80,    28] loss: 2.3026 acc: 8.9286
[80,    29] loss: 2.3026 acc: 9.4828
[80,    30] loss: 2.3026 acc: 9.1667
[80,    31] loss: 2.3026 acc: 9.6774
[80,    32] loss: 2.3026 acc: 9.3750
[81,     1] loss: 2.3026 acc: 0.0000
[81,     2] loss: 2.3026 acc: 12.5000
[81,     3] loss: 2.3026 acc: 8.3333
[81,     4] loss: 2.3026 acc: 12.5000
[81,     5] loss: 2.3026 acc: 20.0000
[81,     6] loss: 2.3026 acc: 16.6667
[81,     7] loss: 2.3026 acc: 14.2857
[81,     8] loss: 2.3026 acc: 12.5000
[81,     9] loss: 2.3026 acc: 11.1111
[81,    10] loss: 2.3026 acc: 10.0000
[81,    11] loss: 2.3026 acc: 9.0909
[81,    12] loss: 2.3026 acc: 8.3333
[81,    13] loss: 2.3026 acc: 9.6154
[81,    14] loss: 2.3026 acc: 12.5000
[81,    15] loss: 2.3026 acc: 13.3333
[81,    16] loss: 2.3026 acc: 14.0625
[81,    17] loss: 2.3026 acc: 13.2353
[81,    18] loss: 2.3026 acc: 12.5000
[81,    19] loss: 2.3026 acc: 11.8421
[81,    20] loss: 2.3026 acc: 11.2500
[81,    21] loss: 2.3026 acc: 11.9048
[81,    22] loss: 2.3026 acc: 11.3636
[81,    23] loss: 2.3026 acc: 10.8696
[81,    24] loss: 2.3026 acc: 12.5000
[81,    25] loss: 2.3026 acc: 12.0000
[81,    26] loss: 2.3026 acc: 12.5000
[81,    27] loss: 2.3026 acc: 12.9630
[81,    28] loss: 2.3026 acc: 13.3929
[81,    29] loss: 2.3026 acc: 12.9310
[81,    30] loss: 2.3026 acc: 12.5000
[81,    31] loss: 2.3026 acc: 12.9032
[81,    32] loss: 2.3026 acc: 12.5000
[82,     1] loss: 2.3026 acc: 0.0000
[82,     2] loss: 2.3026 acc: 25.0000
[82,     3] loss: 2.3026 acc: 16.6667
[82,     4] loss: 2.3026 acc: 18.7500
[82,     5] loss: 2.3026 acc: 15.0000
[82,     6] loss: 2.3026 acc: 16.6667
[82,     7] loss: 2.3026 acc: 21.4286
[82,     8] loss: 2.3026 acc: 21.8750
[82,     9] loss: 2.3026 acc: 19.4444
[82,    10] loss: 2.3026 acc: 17.5000
[82,    11] loss: 2.3026 acc: 15.9091
[82,    12] loss: 2.3026 acc: 16.6667
[82,    13] loss: 2.3026 acc: 15.3846
[82,    14] loss: 2.3026 acc: 16.0714
[82,    15] loss: 2.3026 acc: 15.0000
[82,    16] loss: 2.3026 acc: 14.0625
[82,    17] loss: 2.3026 acc: 14.7059
[82,    18] loss: 2.3026 acc: 13.8889
[82,    19] loss: 2.3026 acc: 13.1579
[82,    20] loss: 2.3026 acc: 15.0000
[82,    21] loss: 2.3026 acc: 14.2857
[82,    22] loss: 2.3026 acc: 13.6364
[82,    23] loss: 2.3026 acc: 13.0435
[82,    24] loss: 2.3026 acc: 12.5000
[82,    25] loss: 2.3026 acc: 12.0000
[82,    26] loss: 2.3026 acc: 11.5385
[82,    27] loss: 2.3026 acc: 12.9630
[82,    28] loss: 2.3026 acc: 13.3929
[82,    29] loss: 2.3026 acc: 12.9310
[82,    30] loss: 2.3026 acc: 12.5000
[82,    31] loss: 2.3026 acc: 12.9032
[82,    32] loss: 2.3026 acc: 13.2812
[83,     1] loss: 2.3026 acc: 50.0000
[83,     2] loss: 2.3026 acc: 25.0000
[83,     3] loss: 2.3026 acc: 16.6667
[83,     4] loss: 2.3026 acc: 12.5000
[83,     5] loss: 2.3026 acc: 10.0000
[83,     6] loss: 2.3026 acc: 8.3333
[83,     7] loss: 2.3026 acc: 10.7143
[83,     8] loss: 2.3026 acc: 12.5000
[83,     9] loss: 2.3026 acc: 13.8889
[83,    10] loss: 2.3026 acc: 17.5000
[83,    11] loss: 2.3026 acc: 15.9091
[83,    12] loss: 2.3026 acc: 16.6667
[83,    13] loss: 2.3026 acc: 15.3846
[83,    14] loss: 2.3026 acc: 14.2857
[83,    15] loss: 2.3026 acc: 13.3333
[83,    16] loss: 2.3026 acc: 14.0625
[83,    17] loss: 2.3026 acc: 13.2353
[83,    18] loss: 2.3026 acc: 12.5000
[83,    19] loss: 2.3026 acc: 13.1579
[83,    20] loss: 2.3026 acc: 12.5000
[83,    21] loss: 2.3026 acc: 14.2857
[83,    22] loss: 2.3026 acc: 13.6364
[83,    23] loss: 2.3026 acc: 14.1304
[83,    24] loss: 2.3026 acc: 13.5417
[83,    25] loss: 2.3026 acc: 14.0000
[83,    26] loss: 2.3026 acc: 13.4615
[83,    27] loss: 2.3026 acc: 12.9630
[83,    28] loss: 2.3026 acc: 13.3929
[83,    29] loss: 2.3026 acc: 12.9310
[83,    30] loss: 2.3026 acc: 14.1667
[83,    31] loss: 2.3026 acc: 13.7097
[83,    32] loss: 2.3026 acc: 13.2812
[84,     1] loss: 2.3026 acc: 0.0000
[84,     2] loss: 2.3026 acc: 0.0000
[84,     3] loss: 2.3026 acc: 0.0000
[84,     4] loss: 2.3026 acc: 0.0000
[84,     5] loss: 2.3026 acc: 5.0000
[84,     6] loss: 2.3026 acc: 4.1667
[84,     7] loss: 2.3026 acc: 7.1429
[84,     8] loss: 2.3026 acc: 6.2500
[84,     9] loss: 2.3026 acc: 5.5556
[84,    10] loss: 2.3026 acc: 5.0000
[84,    11] loss: 2.3026 acc: 4.5455
[84,    12] loss: 2.3026 acc: 4.1667
[84,    13] loss: 2.3026 acc: 3.8462
[84,    14] loss: 2.3026 acc: 5.3571
[84,    15] loss: 2.3026 acc: 5.0000
[84,    16] loss: 2.3026 acc: 6.2500
[84,    17] loss: 2.3026 acc: 7.3529
[84,    18] loss: 2.3026 acc: 6.9444
[84,    19] loss: 2.3026 acc: 6.5789
[84,    20] loss: 2.3026 acc: 6.2500
[84,    21] loss: 2.3026 acc: 5.9524
[84,    22] loss: 2.3026 acc: 5.6818
[84,    23] loss: 2.3026 acc: 6.5217
[84,    24] loss: 2.3026 acc: 6.2500
[84,    25] loss: 2.3026 acc: 7.0000
[84,    26] loss: 2.3026 acc: 6.7308
[84,    27] loss: 2.3026 acc: 7.4074
[84,    28] loss: 2.3026 acc: 7.1429
[84,    29] loss: 2.3026 acc: 6.8966
[84,    30] loss: 2.3026 acc: 7.5000
[84,    31] loss: 2.3026 acc: 7.2581
[84,    32] loss: 2.3026 acc: 7.0312
[85,     1] loss: 2.3026 acc: 25.0000
[85,     2] loss: 2.3026 acc: 25.0000
[85,     3] loss: 2.3026 acc: 25.0000
[85,     4] loss: 2.3026 acc: 25.0000
[85,     5] loss: 2.3026 acc: 20.0000
[85,     6] loss: 2.3026 acc: 20.8333
[85,     7] loss: 2.3026 acc: 17.8571
[85,     8] loss: 2.3026 acc: 15.6250
[85,     9] loss: 2.3026 acc: 13.8889
[85,    10] loss: 2.3026 acc: 12.5000
[85,    11] loss: 2.3026 acc: 11.3636
[85,    12] loss: 2.3026 acc: 12.5000
[85,    13] loss: 2.3026 acc: 11.5385
[85,    14] loss: 2.3026 acc: 10.7143
[85,    15] loss: 2.3026 acc: 10.0000
[85,    16] loss: 2.3026 acc: 9.3750
[85,    17] loss: 2.3026 acc: 10.2941
[85,    18] loss: 2.3026 acc: 9.7222
[85,    19] loss: 2.3026 acc: 10.5263
[85,    20] loss: 2.3026 acc: 10.0000
[85,    21] loss: 2.3026 acc: 9.5238
[85,    22] loss: 2.3026 acc: 9.0909
[85,    23] loss: 2.3026 acc: 8.6957
[85,    24] loss: 2.3026 acc: 10.4167
[85,    25] loss: 2.3026 acc: 10.0000
[85,    26] loss: 2.3026 acc: 10.5769
[85,    27] loss: 2.3026 acc: 10.1852
[85,    28] loss: 2.3026 acc: 10.7143
[85,    29] loss: 2.3026 acc: 10.3448
[85,    30] loss: 2.3026 acc: 10.8333
[85,    31] loss: 2.3026 acc: 10.4839
[85,    32] loss: 2.3026 acc: 10.1562
[86,     1] loss: 2.3026 acc: 0.0000
[86,     2] loss: 2.3026 acc: 0.0000
[86,     3] loss: 2.3026 acc: 8.3333
[86,     4] loss: 2.3026 acc: 6.2500
[86,     5] loss: 2.3026 acc: 5.0000
[86,     6] loss: 2.3026 acc: 4.1667
[86,     7] loss: 2.3026 acc: 3.5714
[86,     8] loss: 2.3026 acc: 3.1250
[86,     9] loss: 2.3026 acc: 5.5556
[86,    10] loss: 2.3026 acc: 5.0000
[86,    11] loss: 2.3026 acc: 11.3636
[86,    12] loss: 2.3026 acc: 12.5000
[86,    13] loss: 2.3026 acc: 11.5385
[86,    14] loss: 2.3026 acc: 10.7143
[86,    15] loss: 2.3026 acc: 10.0000
[86,    16] loss: 2.3026 acc: 9.3750
[86,    17] loss: 2.3026 acc: 8.8235
[86,    18] loss: 2.3026 acc: 9.7222
[86,    19] loss: 2.3026 acc: 9.2105
[86,    20] loss: 2.3026 acc: 8.7500
[86,    21] loss: 2.3026 acc: 9.5238
[86,    22] loss: 2.3026 acc: 10.2273
[86,    23] loss: 2.3026 acc: 9.7826
[86,    24] loss: 2.3026 acc: 10.4167
[86,    25] loss: 2.3026 acc: 10.0000
[86,    26] loss: 2.3026 acc: 9.6154
[86,    27] loss: 2.3026 acc: 9.2593
[86,    28] loss: 2.3026 acc: 8.9286
[86,    29] loss: 2.3026 acc: 9.4828
[86,    30] loss: 2.3026 acc: 9.1667
[86,    31] loss: 2.3026 acc: 9.6774
[86,    32] loss: 2.3026 acc: 10.1562
[87,     1] loss: 2.3026 acc: 25.0000
[87,     2] loss: 2.3026 acc: 12.5000
[87,     3] loss: 2.3026 acc: 25.0000
[87,     4] loss: 2.3026 acc: 25.0000
[87,     5] loss: 2.3026 acc: 20.0000
[87,     6] loss: 2.3026 acc: 16.6667
[87,     7] loss: 2.3026 acc: 14.2857
[87,     8] loss: 2.3026 acc: 12.5000
[87,     9] loss: 2.3026 acc: 11.1111
[87,    10] loss: 2.3026 acc: 12.5000
[87,    11] loss: 2.3026 acc: 13.6364
[87,    12] loss: 2.3026 acc: 12.5000
[87,    13] loss: 2.3026 acc: 11.5385
[87,    14] loss: 2.3026 acc: 12.5000
[87,    15] loss: 2.3026 acc: 13.3333
[87,    16] loss: 2.3026 acc: 14.0625
[87,    17] loss: 2.3026 acc: 13.2353
[87,    18] loss: 2.3026 acc: 12.5000
[87,    19] loss: 2.3026 acc: 13.1579
[87,    20] loss: 2.3026 acc: 15.0000
[87,    21] loss: 2.3026 acc: 14.2857
[87,    22] loss: 2.3026 acc: 13.6364
[87,    23] loss: 2.3026 acc: 13.0435
[87,    24] loss: 2.3026 acc: 12.5000
[87,    25] loss: 2.3026 acc: 13.0000
[87,    26] loss: 2.3026 acc: 12.5000
[87,    27] loss: 2.3026 acc: 12.0370
[87,    28] loss: 2.3026 acc: 11.6071
[87,    29] loss: 2.3026 acc: 11.2069
[87,    30] loss: 2.3026 acc: 10.8333
[87,    31] loss: 2.3026 acc: 11.2903
[87,    32] loss: 2.3026 acc: 12.5000
[88,     1] loss: 2.3026 acc: 0.0000
[88,     2] loss: 2.3026 acc: 0.0000
[88,     3] loss: 2.3026 acc: 0.0000
[88,     4] loss: 2.3026 acc: 0.0000
[88,     5] loss: 2.3026 acc: 5.0000
[88,     6] loss: 2.3026 acc: 8.3333
[88,     7] loss: 2.3026 acc: 7.1429
[88,     8] loss: 2.3026 acc: 6.2500
[88,     9] loss: 2.3026 acc: 5.5556
[88,    10] loss: 2.3026 acc: 5.0000
[88,    11] loss: 2.3026 acc: 6.8182
[88,    12] loss: 2.3026 acc: 6.2500
[88,    13] loss: 2.3026 acc: 5.7692
[88,    14] loss: 2.3026 acc: 5.3571
[88,    15] loss: 2.3026 acc: 5.0000
[88,    16] loss: 2.3026 acc: 6.2500
[88,    17] loss: 2.3026 acc: 5.8824
[88,    18] loss: 2.3026 acc: 6.9444
[88,    19] loss: 2.3026 acc: 6.5789
[88,    20] loss: 2.3026 acc: 6.2500
[88,    21] loss: 2.3026 acc: 5.9524
[88,    22] loss: 2.3026 acc: 6.8182
[88,    23] loss: 2.3026 acc: 7.6087
[88,    24] loss: 2.3026 acc: 8.3333
[88,    25] loss: 2.3026 acc: 8.0000
[88,    26] loss: 2.3026 acc: 9.6154
[88,    27] loss: 2.3026 acc: 10.1852
[88,    28] loss: 2.3026 acc: 10.7143
[88,    29] loss: 2.3026 acc: 10.3448
[88,    30] loss: 2.3026 acc: 10.0000
[88,    31] loss: 2.3026 acc: 9.6774
[88,    32] loss: 2.3026 acc: 10.1562
[89,     1] loss: 2.3026 acc: 0.0000
[89,     2] loss: 2.3026 acc: 0.0000
[89,     3] loss: 2.3026 acc: 0.0000
[89,     4] loss: 2.3026 acc: 0.0000
[89,     5] loss: 2.3026 acc: 0.0000
[89,     6] loss: 2.3026 acc: 0.0000
[89,     7] loss: 2.3026 acc: 3.5714
[89,     8] loss: 2.3026 acc: 3.1250
[89,     9] loss: 2.3026 acc: 2.7778
[89,    10] loss: 2.3026 acc: 2.5000
[89,    11] loss: 2.3026 acc: 2.2727
[89,    12] loss: 2.3026 acc: 2.0833
[89,    13] loss: 2.3026 acc: 1.9231
[89,    14] loss: 2.3026 acc: 5.3571
[89,    15] loss: 2.3026 acc: 5.0000
[89,    16] loss: 2.3026 acc: 4.6875
[89,    17] loss: 2.3026 acc: 5.8824
[89,    18] loss: 2.3026 acc: 5.5556
[89,    19] loss: 2.3026 acc: 5.2632
[89,    20] loss: 2.3026 acc: 5.0000
[89,    21] loss: 2.3026 acc: 4.7619
[89,    22] loss: 2.3026 acc: 5.6818
[89,    23] loss: 2.3026 acc: 5.4348
[89,    24] loss: 2.3026 acc: 5.2083
[89,    25] loss: 2.3026 acc: 5.0000
[89,    26] loss: 2.3026 acc: 4.8077
[89,    27] loss: 2.3026 acc: 4.6296
[89,    28] loss: 2.3026 acc: 4.4643
[89,    29] loss: 2.3026 acc: 4.3103
[89,    30] loss: 2.3026 acc: 5.0000
[89,    31] loss: 2.3026 acc: 5.6452
[89,    32] loss: 2.3026 acc: 6.2500
[90,     1] loss: 2.3026 acc: 0.0000
[90,     2] loss: 2.3026 acc: 12.5000
[90,     3] loss: 2.3026 acc: 8.3333
[90,     4] loss: 2.3026 acc: 6.2500
[90,     5] loss: 2.3026 acc: 5.0000
[90,     6] loss: 2.3026 acc: 4.1667
[90,     7] loss: 2.3026 acc: 3.5714
[90,     8] loss: 2.3026 acc: 6.2500
[90,     9] loss: 2.3026 acc: 5.5556
[90,    10] loss: 2.3026 acc: 7.5000
[90,    11] loss: 2.3026 acc: 6.8182
[90,    12] loss: 2.3026 acc: 8.3333
[90,    13] loss: 2.3026 acc: 9.6154
[90,    14] loss: 2.3026 acc: 8.9286
[90,    15] loss: 2.3026 acc: 8.3333
[90,    16] loss: 2.3026 acc: 7.8125
[90,    17] loss: 2.3026 acc: 7.3529
[90,    18] loss: 2.3026 acc: 8.3333
[90,    19] loss: 2.3026 acc: 7.8947
[90,    20] loss: 2.3026 acc: 7.5000
[90,    21] loss: 2.3026 acc: 8.3333
[90,    22] loss: 2.3026 acc: 7.9545
[90,    23] loss: 2.3026 acc: 8.6957
[90,    24] loss: 2.3026 acc: 9.3750
[90,    25] loss: 2.3026 acc: 10.0000
[90,    26] loss: 2.3026 acc: 9.6154
[90,    27] loss: 2.3026 acc: 9.2593
[90,    28] loss: 2.3026 acc: 8.9286
[90,    29] loss: 2.3026 acc: 8.6207
[90,    30] loss: 2.3026 acc: 10.0000
[90,    31] loss: 2.3026 acc: 9.6774
[90,    32] loss: 2.3026 acc: 9.3750
[91,     1] loss: 2.3026 acc: 0.0000
[91,     2] loss: 2.3026 acc: 0.0000
[91,     3] loss: 2.3026 acc: 0.0000
[91,     4] loss: 2.3026 acc: 0.0000
[91,     5] loss: 2.3026 acc: 0.0000
[91,     6] loss: 2.3026 acc: 0.0000
[91,     7] loss: 2.3026 acc: 0.0000
[91,     8] loss: 2.3026 acc: 0.0000
[91,     9] loss: 2.3026 acc: 0.0000
[91,    10] loss: 2.3026 acc: 0.0000
[91,    11] loss: 2.3026 acc: 0.0000
[91,    12] loss: 2.3026 acc: 0.0000
[91,    13] loss: 2.3026 acc: 0.0000
[91,    14] loss: 2.3026 acc: 0.0000
[91,    15] loss: 2.3026 acc: 1.6667
[91,    16] loss: 2.3026 acc: 1.5625
[91,    17] loss: 2.3026 acc: 2.9412
[91,    18] loss: 2.3026 acc: 4.1667
[91,    19] loss: 2.3026 acc: 3.9474
[91,    20] loss: 2.3026 acc: 3.7500
[91,    21] loss: 2.3026 acc: 4.7619
[91,    22] loss: 2.3026 acc: 4.5455
[91,    23] loss: 2.3026 acc: 4.3478
[91,    24] loss: 2.3026 acc: 4.1667
[91,    25] loss: 2.3026 acc: 4.0000
[91,    26] loss: 2.3026 acc: 3.8462
[91,    27] loss: 2.3026 acc: 3.7037
[91,    28] loss: 2.3026 acc: 3.5714
[91,    29] loss: 2.3026 acc: 3.4483
[91,    30] loss: 2.3026 acc: 3.3333
[91,    31] loss: 2.3026 acc: 3.2258
[91,    32] loss: 2.3026 acc: 3.9062
[92,     1] loss: 2.3026 acc: 0.0000
[92,     2] loss: 2.3026 acc: 0.0000
[92,     3] loss: 2.3026 acc: 0.0000
[92,     4] loss: 2.3026 acc: 0.0000
[92,     5] loss: 2.3026 acc: 0.0000
[92,     6] loss: 2.3026 acc: 0.0000
[92,     7] loss: 2.3026 acc: 3.5714
[92,     8] loss: 2.3026 acc: 3.1250
[92,     9] loss: 2.3026 acc: 2.7778
[92,    10] loss: 2.3026 acc: 5.0000
[92,    11] loss: 2.3026 acc: 4.5455
[92,    12] loss: 2.3026 acc: 4.1667
[92,    13] loss: 2.3026 acc: 3.8462
[92,    14] loss: 2.3026 acc: 3.5714
[92,    15] loss: 2.3026 acc: 3.3333
[92,    16] loss: 2.3026 acc: 4.6875
[92,    17] loss: 2.3026 acc: 4.4118
[92,    18] loss: 2.3026 acc: 4.1667
[92,    19] loss: 2.3026 acc: 3.9474
[92,    20] loss: 2.3026 acc: 3.7500
[92,    21] loss: 2.3026 acc: 4.7619
[92,    22] loss: 2.3026 acc: 4.5455
[92,    23] loss: 2.3026 acc: 4.3478
[92,    24] loss: 2.3026 acc: 4.1667
[92,    25] loss: 2.3026 acc: 4.0000
[92,    26] loss: 2.3026 acc: 3.8462
[92,    27] loss: 2.3026 acc: 4.6296
[92,    28] loss: 2.3026 acc: 4.4643
[92,    29] loss: 2.3026 acc: 5.1724
[92,    30] loss: 2.3026 acc: 5.0000
[92,    31] loss: 2.3026 acc: 7.2581
[92,    32] loss: 2.3026 acc: 7.8125
[93,     1] loss: 2.3026 acc: 0.0000
[93,     2] loss: 2.3026 acc: 0.0000
[93,     3] loss: 2.3026 acc: 0.0000
[93,     4] loss: 2.3026 acc: 0.0000
[93,     5] loss: 2.3026 acc: 5.0000
[93,     6] loss: 2.3026 acc: 4.1667
[93,     7] loss: 2.3026 acc: 3.5714
[93,     8] loss: 2.3026 acc: 6.2500
[93,     9] loss: 2.3026 acc: 8.3333
[93,    10] loss: 2.3026 acc: 7.5000
[93,    11] loss: 2.3026 acc: 6.8182
[93,    12] loss: 2.3026 acc: 8.3333
[93,    13] loss: 2.3026 acc: 7.6923
[93,    14] loss: 2.3026 acc: 8.9286
[93,    15] loss: 2.3026 acc: 10.0000
[93,    16] loss: 2.3026 acc: 9.3750
[93,    17] loss: 2.3026 acc: 8.8235
[93,    18] loss: 2.3026 acc: 8.3333
[93,    19] loss: 2.3026 acc: 7.8947
[93,    20] loss: 2.3026 acc: 8.7500
[93,    21] loss: 2.3026 acc: 8.3333
[93,    22] loss: 2.3026 acc: 7.9545
[93,    23] loss: 2.3026 acc: 8.6957
[93,    24] loss: 2.3026 acc: 8.3333
[93,    25] loss: 2.3026 acc: 8.0000
[93,    26] loss: 2.3026 acc: 8.6538
[93,    27] loss: 2.3026 acc: 9.2593
[93,    28] loss: 2.3026 acc: 8.9286
[93,    29] loss: 2.3026 acc: 8.6207
[93,    30] loss: 2.3026 acc: 8.3333
[93,    31] loss: 2.3026 acc: 8.0645
[93,    32] loss: 2.3026 acc: 7.8125
[94,     1] loss: 2.3026 acc: 25.0000
[94,     2] loss: 2.3026 acc: 25.0000
[94,     3] loss: 2.3026 acc: 25.0000
[94,     4] loss: 2.3026 acc: 25.0000
[94,     5] loss: 2.3026 acc: 25.0000
[94,     6] loss: 2.3026 acc: 25.0000
[94,     7] loss: 2.3026 acc: 21.4286
[94,     8] loss: 2.3026 acc: 18.7500
[94,     9] loss: 2.3026 acc: 16.6667
[94,    10] loss: 2.3026 acc: 15.0000
[94,    11] loss: 2.3026 acc: 13.6364
[94,    12] loss: 2.3026 acc: 12.5000
[94,    13] loss: 2.3026 acc: 11.5385
[94,    14] loss: 2.3026 acc: 10.7143
[94,    15] loss: 2.3026 acc: 10.0000
[94,    16] loss: 2.3026 acc: 9.3750
[94,    17] loss: 2.3026 acc: 10.2941
[94,    18] loss: 2.3026 acc: 9.7222
[94,    19] loss: 2.3026 acc: 11.8421
[94,    20] loss: 2.3026 acc: 11.2500
[94,    21] loss: 2.3026 acc: 10.7143
[94,    22] loss: 2.3026 acc: 11.3636
[94,    23] loss: 2.3026 acc: 10.8696
[94,    24] loss: 2.3026 acc: 10.4167
[94,    25] loss: 2.3026 acc: 10.0000
[94,    26] loss: 2.3026 acc: 9.6154
[94,    27] loss: 2.3026 acc: 9.2593
[94,    28] loss: 2.3026 acc: 9.8214
[94,    29] loss: 2.3026 acc: 10.3448
[94,    30] loss: 2.3026 acc: 10.0000
[94,    31] loss: 2.3026 acc: 9.6774
[94,    32] loss: 2.3026 acc: 9.3750
[95,     1] loss: 2.3026 acc: 0.0000
[95,     2] loss: 2.3026 acc: 0.0000
[95,     3] loss: 2.3026 acc: 8.3333
[95,     4] loss: 2.3026 acc: 18.7500
[95,     5] loss: 2.3026 acc: 20.0000
[95,     6] loss: 2.3026 acc: 16.6667
[95,     7] loss: 2.3026 acc: 17.8571
[95,     8] loss: 2.3026 acc: 18.7500
[95,     9] loss: 2.3026 acc: 19.4444
[95,    10] loss: 2.3026 acc: 17.5000
[95,    11] loss: 2.3026 acc: 15.9091
[95,    12] loss: 2.3026 acc: 14.5833
[95,    13] loss: 2.3026 acc: 13.4615
[95,    14] loss: 2.3026 acc: 12.5000
[95,    15] loss: 2.3026 acc: 11.6667
[95,    16] loss: 2.3026 acc: 12.5000
[95,    17] loss: 2.3026 acc: 11.7647
[95,    18] loss: 2.3026 acc: 12.5000
[95,    19] loss: 2.3026 acc: 11.8421
[95,    20] loss: 2.3026 acc: 11.2500
[95,    21] loss: 2.3026 acc: 10.7143
[95,    22] loss: 2.3026 acc: 11.3636
[95,    23] loss: 2.3026 acc: 10.8696
[95,    24] loss: 2.3026 acc: 11.4583
[95,    25] loss: 2.3026 acc: 11.0000
[95,    26] loss: 2.3026 acc: 11.5385
[95,    27] loss: 2.3026 acc: 11.1111
[95,    28] loss: 2.3026 acc: 11.6071
[95,    29] loss: 2.3026 acc: 12.0690
[95,    30] loss: 2.3026 acc: 11.6667
[95,    31] loss: 2.3026 acc: 12.0968
[95,    32] loss: 2.3026 acc: 11.7188
[96,     1] loss: 2.3026 acc: 25.0000
[96,     2] loss: 2.3026 acc: 25.0000
[96,     3] loss: 2.3026 acc: 33.3333
[96,     4] loss: 2.3026 acc: 25.0000
[96,     5] loss: 2.3026 acc: 20.0000
[96,     6] loss: 2.3026 acc: 16.6667
[96,     7] loss: 2.3026 acc: 17.8571
[96,     8] loss: 2.3026 acc: 15.6250
[96,     9] loss: 2.3026 acc: 19.4444
[96,    10] loss: 2.3026 acc: 17.5000
[96,    11] loss: 2.3026 acc: 15.9091
[96,    12] loss: 2.3026 acc: 14.5833
[96,    13] loss: 2.3026 acc: 13.4615
[96,    14] loss: 2.3026 acc: 12.5000
[96,    15] loss: 2.3026 acc: 11.6667
[96,    16] loss: 2.3026 acc: 10.9375
[96,    17] loss: 2.3026 acc: 10.2941
[96,    18] loss: 2.3026 acc: 11.1111
[96,    19] loss: 2.3026 acc: 10.5263
[96,    20] loss: 2.3026 acc: 11.2500
[96,    21] loss: 2.3026 acc: 10.7143
[96,    22] loss: 2.3026 acc: 10.2273
[96,    23] loss: 2.3026 acc: 10.8696
[96,    24] loss: 2.3026 acc: 10.4167
[96,    25] loss: 2.3026 acc: 10.0000
[96,    26] loss: 2.3026 acc: 9.6154
[96,    27] loss: 2.3026 acc: 10.1852
[96,    28] loss: 2.3026 acc: 9.8214
[96,    29] loss: 2.3026 acc: 9.4828
[96,    30] loss: 2.3026 acc: 10.0000
[96,    31] loss: 2.3026 acc: 10.4839
[96,    32] loss: 2.3026 acc: 10.1562
[97,     1] loss: 2.3026 acc: 0.0000
[97,     2] loss: 2.3026 acc: 0.0000
[97,     3] loss: 2.3026 acc: 16.6667
[97,     4] loss: 2.3026 acc: 12.5000
[97,     5] loss: 2.3026 acc: 15.0000
[97,     6] loss: 2.3026 acc: 12.5000
[97,     7] loss: 2.3026 acc: 14.2857
[97,     8] loss: 2.3026 acc: 12.5000
[97,     9] loss: 2.3026 acc: 11.1111
[97,    10] loss: 2.3026 acc: 15.0000
[97,    11] loss: 2.3026 acc: 13.6364
[97,    12] loss: 2.3026 acc: 12.5000
[97,    13] loss: 2.3026 acc: 11.5385
[97,    14] loss: 2.3026 acc: 12.5000
[97,    15] loss: 2.3026 acc: 11.6667
[97,    16] loss: 2.3026 acc: 10.9375
[97,    17] loss: 2.3026 acc: 13.2353
[97,    18] loss: 2.3026 acc: 13.8889
[97,    19] loss: 2.3026 acc: 13.1579
[97,    20] loss: 2.3026 acc: 12.5000
[97,    21] loss: 2.3026 acc: 13.0952
[97,    22] loss: 2.3026 acc: 12.5000
[97,    23] loss: 2.3026 acc: 11.9565
[97,    24] loss: 2.3026 acc: 12.5000
[97,    25] loss: 2.3026 acc: 13.0000
[97,    26] loss: 2.3026 acc: 12.5000
[97,    27] loss: 2.3026 acc: 12.0370
[97,    28] loss: 2.3026 acc: 12.5000
[97,    29] loss: 2.3026 acc: 12.0690
[97,    30] loss: 2.3026 acc: 11.6667
[97,    31] loss: 2.3026 acc: 12.0968
[97,    32] loss: 2.3026 acc: 12.5000
[98,     1] loss: 2.3026 acc: 0.0000
[98,     2] loss: 2.3026 acc: 0.0000
[98,     3] loss: 2.3026 acc: 0.0000
[98,     4] loss: 2.3026 acc: 0.0000
[98,     5] loss: 2.3026 acc: 0.0000
[98,     6] loss: 2.3026 acc: 0.0000
[98,     7] loss: 2.3026 acc: 3.5714
[98,     8] loss: 2.3026 acc: 6.2500
[98,     9] loss: 2.3026 acc: 5.5556
[98,    10] loss: 2.3026 acc: 5.0000
[98,    11] loss: 2.3026 acc: 4.5455
[98,    12] loss: 2.3026 acc: 4.1667
[98,    13] loss: 2.3026 acc: 3.8462
[98,    14] loss: 2.3026 acc: 5.3571
[98,    15] loss: 2.3026 acc: 6.6667
[98,    16] loss: 2.3026 acc: 6.2500
[98,    17] loss: 2.3026 acc: 5.8824
[98,    18] loss: 2.3026 acc: 8.3333
[98,    19] loss: 2.3026 acc: 7.8947
[98,    20] loss: 2.3026 acc: 7.5000
[98,    21] loss: 2.3026 acc: 8.3333
[98,    22] loss: 2.3026 acc: 9.0909
[98,    23] loss: 2.3026 acc: 11.9565
[98,    24] loss: 2.3026 acc: 12.5000
[98,    25] loss: 2.3026 acc: 12.0000
[98,    26] loss: 2.3026 acc: 11.5385
[98,    27] loss: 2.3026 acc: 11.1111
[98,    28] loss: 2.3026 acc: 11.6071
[98,    29] loss: 2.3026 acc: 11.2069
[98,    30] loss: 2.3026 acc: 10.8333
[98,    31] loss: 2.3026 acc: 11.2903
[98,    32] loss: 2.3026 acc: 10.9375
[99,     1] loss: 2.3026 acc: 50.0000
[99,     2] loss: 2.3026 acc: 25.0000
[99,     3] loss: 2.3026 acc: 16.6667
[99,     4] loss: 2.3026 acc: 18.7500
[99,     5] loss: 2.3026 acc: 20.0000
[99,     6] loss: 2.3026 acc: 20.8333
[99,     7] loss: 2.3026 acc: 17.8571
[99,     8] loss: 2.3026 acc: 18.7500
[99,     9] loss: 2.3026 acc: 16.6667
[99,    10] loss: 2.3026 acc: 17.5000
[99,    11] loss: 2.3026 acc: 22.7273
[99,    12] loss: 2.3026 acc: 20.8333
[99,    13] loss: 2.3026 acc: 19.2308
[99,    14] loss: 2.3026 acc: 17.8571
[99,    15] loss: 2.3026 acc: 16.6667
[99,    16] loss: 2.3026 acc: 15.6250
[99,    17] loss: 2.3026 acc: 16.1765
[99,    18] loss: 2.3026 acc: 15.2778
[99,    19] loss: 2.3026 acc: 15.7895
[99,    20] loss: 2.3026 acc: 15.0000
[99,    21] loss: 2.3026 acc: 15.4762
[99,    22] loss: 2.3026 acc: 15.9091
[99,    23] loss: 2.3026 acc: 16.3043
[99,    24] loss: 2.3026 acc: 16.6667
[99,    25] loss: 2.3026 acc: 17.0000
[99,    26] loss: 2.3026 acc: 16.3462
[99,    27] loss: 2.3026 acc: 15.7407
[99,    28] loss: 2.3026 acc: 16.0714
[99,    29] loss: 2.3026 acc: 15.5172
[99,    30] loss: 2.3026 acc: 15.0000
[99,    31] loss: 2.3026 acc: 14.5161
[99,    32] loss: 2.3026 acc: 14.0625
[100,     1] loss: 2.3026 acc: 0.0000
[100,     2] loss: 2.3026 acc: 0.0000
[100,     3] loss: 2.3026 acc: 0.0000
[100,     4] loss: 2.3026 acc: 0.0000
[100,     5] loss: 2.3026 acc: 0.0000
[100,     6] loss: 2.3026 acc: 0.0000
[100,     7] loss: 2.3026 acc: 7.1429
[100,     8] loss: 2.3026 acc: 6.2500
[100,     9] loss: 2.3026 acc: 5.5556
[100,    10] loss: 2.3026 acc: 5.0000
[100,    11] loss: 2.3026 acc: 4.5455
[100,    12] loss: 2.3026 acc: 4.1667
[100,    13] loss: 2.3026 acc: 3.8462
[100,    14] loss: 2.3026 acc: 5.3571
[100,    15] loss: 2.3026 acc: 5.0000
[100,    16] loss: 2.3026 acc: 4.6875
[100,    17] loss: 2.3026 acc: 5.8824
[100,    18] loss: 2.3026 acc: 5.5556
[100,    19] loss: 2.3026 acc: 6.5789
[100,    20] loss: 2.3026 acc: 6.2500
[100,    21] loss: 2.3026 acc: 7.1429
[100,    22] loss: 2.3026 acc: 7.9545
[100,    23] loss: 2.3026 acc: 7.6087
[100,    24] loss: 2.3026 acc: 7.2917
[100,    25] loss: 2.3026 acc: 8.0000
[100,    26] loss: 2.3026 acc: 8.6538
[100,    27] loss: 2.3026 acc: 9.2593
[100,    28] loss: 2.3026 acc: 9.8214
[100,    29] loss: 2.3026 acc: 11.2069
[100,    30] loss: 2.3026 acc: 11.6667
[100,    31] loss: 2.3026 acc: 12.0968
[100,    32] loss: 2.3026 acc: 11.7188
10.416666666666666
[1,     1] loss: 2.2532 acc: 25.0000
[1,     2] loss: 2.3229 acc: 12.5000
[1,     3] loss: 2.3119 acc: 8.3333
[1,     4] loss: 2.3074 acc: 12.5000
[1,     5] loss: 2.2927 acc: 10.0000
[1,     6] loss: 2.2883 acc: 8.3333
[1,     7] loss: 2.3079 acc: 7.1429
[1,     8] loss: 2.3807 acc: 6.2500
[1,     9] loss: 2.3541 acc: 8.3333
[1,    10] loss: 2.3261 acc: 7.5000
[1,    11] loss: 2.3032 acc: 6.8182
[1,    12] loss: 2.2996 acc: 8.3333
[1,    13] loss: 2.2726 acc: 7.6923
[1,    14] loss: 2.2590 acc: 8.9286
[1,    15] loss: 2.3097 acc: 8.3333
[1,    16] loss: 2.3569 acc: 7.8125
[1,    17] loss: 2.3385 acc: 7.3529
[1,    18] loss: 2.3605 acc: 6.9444
[1,    19] loss: 2.2942 acc: 7.8947
[1,    20] loss: 2.3555 acc: 7.5000
[1,    21] loss: 2.2906 acc: 7.1429
[1,    22] loss: 2.3096 acc: 6.8182
[1,    23] loss: 2.2853 acc: 7.6087
[1,    24] loss: 2.3394 acc: 7.2917
[1,    25] loss: 2.3511 acc: 7.0000
[1,    26] loss: 2.3004 acc: 7.6923
[1,    27] loss: 2.3026 acc: 7.4074
[1,    28] loss: 2.3070 acc: 8.0357
[1,    29] loss: 2.2986 acc: 7.7586
[1,    30] loss: 2.2640 acc: 8.3333
[1,    31] loss: 2.3137 acc: 8.0645
[1,    32] loss: 2.3166 acc: 7.8125
[2,     1] loss: 2.2853 acc: 25.0000
[2,     2] loss: 2.3176 acc: 12.5000
[2,     3] loss: 2.2771 acc: 16.6667
[2,     4] loss: 2.3570 acc: 12.5000
[2,     5] loss: 2.3171 acc: 10.0000
[2,     6] loss: 2.2723 acc: 12.5000
[2,     7] loss: 2.3283 acc: 14.2857
[2,     8] loss: 2.3174 acc: 12.5000
[2,     9] loss: 2.2865 acc: 13.8889
[2,    10] loss: 2.3283 acc: 12.5000
[2,    11] loss: 2.3387 acc: 11.3636
[2,    12] loss: 2.2980 acc: 10.4167
[2,    13] loss: 2.3290 acc: 9.6154
[2,    14] loss: 2.2677 acc: 10.7143
[2,    15] loss: 2.2888 acc: 11.6667
[2,    16] loss: 2.3240 acc: 10.9375
[2,    17] loss: 2.2820 acc: 10.2941
[2,    18] loss: 2.2579 acc: 11.1111
[2,    19] loss: 2.2689 acc: 10.5263
[2,    20] loss: 2.2819 acc: 11.2500
[2,    21] loss: 2.3305 acc: 11.9048
[2,    22] loss: 2.3460 acc: 11.3636
[2,    23] loss: 2.2863 acc: 11.9565
[2,    24] loss: 2.2269 acc: 14.5833
[2,    25] loss: 2.2673 acc: 16.0000
[2,    26] loss: 2.3017 acc: 16.3462
[2,    27] loss: 2.2800 acc: 17.5926
[2,    28] loss: 2.2492 acc: 17.8571
[2,    29] loss: 2.3271 acc: 17.2414
[2,    30] loss: 2.3038 acc: 16.6667
[2,    31] loss: 2.2880 acc: 16.9355
[2,    32] loss: 2.3376 acc: 16.4062
[3,     1] loss: 2.3218 acc: 0.0000
[3,     2] loss: 2.2862 acc: 0.0000
[3,     3] loss: 2.2797 acc: 0.0000
[3,     4] loss: 2.3169 acc: 0.0000
[3,     5] loss: 2.3018 acc: 0.0000
[3,     6] loss: 2.2629 acc: 0.0000
[3,     7] loss: 2.3123 acc: 0.0000
[3,     8] loss: 2.3080 acc: 6.2500
[3,     9] loss: 2.3382 acc: 5.5556
[3,    10] loss: 2.2913 acc: 7.5000
[3,    11] loss: 2.2854 acc: 6.8182
[3,    12] loss: 2.3053 acc: 8.3333
[3,    13] loss: 2.3512 acc: 7.6923
[3,    14] loss: 2.3254 acc: 7.1429
[3,    15] loss: 2.2425 acc: 8.3333
[3,    16] loss: 2.3121 acc: 7.8125
[3,    17] loss: 2.2406 acc: 8.8235
[3,    18] loss: 2.2540 acc: 9.7222
[3,    19] loss: 2.2859 acc: 10.5263
[3,    20] loss: 2.3395 acc: 10.0000
[3,    21] loss: 2.3622 acc: 9.5238
[3,    22] loss: 2.3232 acc: 10.2273
[3,    23] loss: 2.3472 acc: 9.7826
[3,    24] loss: 2.3065 acc: 9.3750
[3,    25] loss: 2.3253 acc: 9.0000
[3,    26] loss: 2.2619 acc: 9.6154
[3,    27] loss: 2.2848 acc: 9.2593
[3,    28] loss: 2.2812 acc: 9.8214
[3,    29] loss: 2.2741 acc: 9.4828
[3,    30] loss: 2.3644 acc: 9.1667
[3,    31] loss: 2.3279 acc: 8.8710
[3,    32] loss: 2.3154 acc: 9.3750
[4,     1] loss: 2.3389 acc: 0.0000
[4,     2] loss: 2.3187 acc: 0.0000
[4,     3] loss: 2.3140 acc: 8.3333
[4,     4] loss: 2.3472 acc: 6.2500
[4,     5] loss: 2.2734 acc: 15.0000
[4,     6] loss: 2.2678 acc: 16.6667
[4,     7] loss: 2.2840 acc: 14.2857
[4,     8] loss: 2.2546 acc: 18.7500
[4,     9] loss: 2.2862 acc: 19.4444
[4,    10] loss: 2.3136 acc: 17.5000
[4,    11] loss: 2.2603 acc: 18.1818
[4,    12] loss: 2.2931 acc: 20.8333
[4,    13] loss: 2.2596 acc: 23.0769
[4,    14] loss: 2.2751 acc: 21.4286
[4,    15] loss: 2.2888 acc: 20.0000
[4,    16] loss: 2.3116 acc: 18.7500
[4,    17] loss: 2.2991 acc: 17.6471
[4,    18] loss: 2.3175 acc: 16.6667
[4,    19] loss: 2.3483 acc: 15.7895
[4,    20] loss: 2.2561 acc: 16.2500
[4,    21] loss: 2.3054 acc: 16.6667
[4,    22] loss: 2.3064 acc: 15.9091
[4,    23] loss: 2.3248 acc: 15.2174
[4,    24] loss: 2.3233 acc: 15.6250
[4,    25] loss: 2.2903 acc: 15.0000
[4,    26] loss: 2.2794 acc: 15.3846
[4,    27] loss: 2.2546 acc: 16.6667
[4,    28] loss: 2.3139 acc: 16.0714
[4,    29] loss: 2.2843 acc: 16.3793
[4,    30] loss: 2.3134 acc: 15.8333
[4,    31] loss: 2.2767 acc: 16.1290
[4,    32] loss: 2.3038 acc: 15.6250
[5,     1] loss: 2.2857 acc: 0.0000
[5,     2] loss: 2.3202 acc: 0.0000
[5,     3] loss: 2.2990 acc: 8.3333
[5,     4] loss: 2.2668 acc: 12.5000
[5,     5] loss: 2.2869 acc: 15.0000
[5,     6] loss: 2.2363 acc: 25.0000
[5,     7] loss: 2.2952 acc: 25.0000
[5,     8] loss: 2.3038 acc: 21.8750
[5,     9] loss: 2.2948 acc: 19.4444
[5,    10] loss: 2.2868 acc: 22.5000
[5,    11] loss: 2.2841 acc: 20.4545
[5,    12] loss: 2.2651 acc: 22.9167
[5,    13] loss: 2.2808 acc: 21.1538
[5,    14] loss: 2.3175 acc: 19.6429
[5,    15] loss: 2.3085 acc: 18.3333
[5,    16] loss: 2.2603 acc: 20.3125
[5,    17] loss: 2.3127 acc: 20.5882
[5,    18] loss: 2.3482 acc: 19.4444
[5,    19] loss: 2.2876 acc: 18.4211
[5,    20] loss: 2.2673 acc: 18.7500
[5,    21] loss: 2.2845 acc: 17.8571
[5,    22] loss: 2.3496 acc: 17.0455
[5,    23] loss: 2.2875 acc: 16.3043
[5,    24] loss: 2.2689 acc: 16.6667
[5,    25] loss: 2.2573 acc: 17.0000
[5,    26] loss: 2.2838 acc: 16.3462
[5,    27] loss: 2.2997 acc: 17.5926
[5,    28] loss: 2.3164 acc: 16.9643
[5,    29] loss: 2.2742 acc: 16.3793
[5,    30] loss: 2.3180 acc: 16.6667
[5,    31] loss: 2.3119 acc: 16.9355
[5,    32] loss: 2.2792 acc: 16.4062
[6,     1] loss: 2.2480 acc: 50.0000
[6,     2] loss: 2.2559 acc: 37.5000
[6,     3] loss: 2.3014 acc: 25.0000
[6,     4] loss: 2.2573 acc: 25.0000
[6,     5] loss: 2.2885 acc: 25.0000
[6,     6] loss: 2.2648 acc: 25.0000
[6,     7] loss: 2.2769 acc: 21.4286
[6,     8] loss: 2.2332 acc: 28.1250
[6,     9] loss: 2.3041 acc: 25.0000
[6,    10] loss: 2.2622 acc: 22.5000
[6,    11] loss: 2.2956 acc: 20.4545
[6,    12] loss: 2.2573 acc: 20.8333
[6,    13] loss: 2.2900 acc: 21.1538
[6,    14] loss: 2.3002 acc: 19.6429
[6,    15] loss: 2.2887 acc: 18.3333
[6,    16] loss: 2.2821 acc: 17.1875
[6,    17] loss: 2.2947 acc: 16.1765
[6,    18] loss: 2.3113 acc: 15.2778
[6,    19] loss: 2.2899 acc: 14.4737
[6,    20] loss: 2.2897 acc: 13.7500
[6,    21] loss: 2.2792 acc: 13.0952
[6,    22] loss: 2.2845 acc: 13.6364
[6,    23] loss: 2.2995 acc: 14.1304
[6,    24] loss: 2.2485 acc: 15.6250
[6,    25] loss: 2.2600 acc: 16.0000
[6,    26] loss: 2.2995 acc: 15.3846
[6,    27] loss: 2.2306 acc: 15.7407
[6,    28] loss: 2.2326 acc: 16.9643
[6,    29] loss: 2.3252 acc: 16.3793
[6,    30] loss: 2.3035 acc: 16.6667
[6,    31] loss: 2.2296 acc: 16.9355
[6,    32] loss: 2.2947 acc: 17.1875
[7,     1] loss: 2.2558 acc: 0.0000
[7,     2] loss: 2.2638 acc: 12.5000
[7,     3] loss: 2.2456 acc: 25.0000
[7,     4] loss: 2.3666 acc: 18.7500
[7,     5] loss: 2.2995 acc: 15.0000
[7,     6] loss: 2.2860 acc: 16.6667
[7,     7] loss: 2.2600 acc: 14.2857
[7,     8] loss: 2.3135 acc: 15.6250
[7,     9] loss: 2.2491 acc: 19.4444
[7,    10] loss: 2.2697 acc: 22.5000
[7,    11] loss: 2.2563 acc: 25.0000
[7,    12] loss: 2.2519 acc: 25.0000
[7,    13] loss: 2.3009 acc: 23.0769
[7,    14] loss: 2.2582 acc: 23.2143
[7,    15] loss: 2.2834 acc: 21.6667
[7,    16] loss: 2.2803 acc: 21.8750
[7,    17] loss: 2.2580 acc: 22.0588
[7,    18] loss: 2.2643 acc: 23.6111
[7,    19] loss: 2.2254 acc: 23.6842
[7,    20] loss: 2.2762 acc: 22.5000
[7,    21] loss: 2.2370 acc: 22.6190
[7,    22] loss: 2.2994 acc: 22.7273
[7,    23] loss: 2.2115 acc: 23.9130
[7,    24] loss: 2.2372 acc: 25.0000
[7,    25] loss: 2.2851 acc: 25.0000
[7,    26] loss: 2.2373 acc: 25.0000
[7,    27] loss: 2.2883 acc: 25.0000
[7,    28] loss: 2.1843 acc: 25.8929
[7,    29] loss: 2.2756 acc: 25.0000
[7,    30] loss: 2.2174 acc: 25.0000
[7,    31] loss: 2.2645 acc: 25.0000
[7,    32] loss: 2.2444 acc: 25.7812
[8,     1] loss: 2.2512 acc: 50.0000
[8,     2] loss: 2.2552 acc: 37.5000
[8,     3] loss: 2.2456 acc: 25.0000
[8,     4] loss: 2.3134 acc: 18.7500
[8,     5] loss: 2.3115 acc: 15.0000
[8,     6] loss: 2.3050 acc: 12.5000
[8,     7] loss: 2.2734 acc: 10.7143
[8,     8] loss: 2.2714 acc: 9.3750
[8,     9] loss: 2.1503 acc: 19.4444
[8,    10] loss: 2.2646 acc: 20.0000
[8,    11] loss: 2.2373 acc: 20.4545
[8,    12] loss: 2.2522 acc: 18.7500
[8,    13] loss: 2.2913 acc: 19.2308
[8,    14] loss: 2.1967 acc: 21.4286
[8,    15] loss: 2.2085 acc: 23.3333
[8,    16] loss: 2.2246 acc: 25.0000
[8,    17] loss: 2.2374 acc: 25.0000
[8,    18] loss: 2.2346 acc: 26.3889
[8,    19] loss: 2.2642 acc: 26.3158
[8,    20] loss: 2.2645 acc: 25.0000
[8,    21] loss: 2.2296 acc: 23.8095
[8,    22] loss: 2.2170 acc: 23.8636
[8,    23] loss: 2.2713 acc: 22.8261
[8,    24] loss: 2.2479 acc: 22.9167
[8,    25] loss: 2.2290 acc: 23.0000
[8,    26] loss: 2.1271 acc: 25.0000
[8,    27] loss: 2.2402 acc: 24.0741
[8,    28] loss: 2.3178 acc: 24.1071
[8,    29] loss: 2.2362 acc: 24.1379
[8,    30] loss: 2.2541 acc: 24.1667
[8,    31] loss: 2.2240 acc: 25.0000
[8,    32] loss: 2.1741 acc: 25.7812
[9,     1] loss: 2.1971 acc: 75.0000
[9,     2] loss: 2.1980 acc: 75.0000
[9,     3] loss: 2.2492 acc: 58.3333
[9,     4] loss: 2.2226 acc: 50.0000
[9,     5] loss: 2.1930 acc: 50.0000
[9,     6] loss: 2.2295 acc: 50.0000
[9,     7] loss: 2.2389 acc: 46.4286
[9,     8] loss: 2.1676 acc: 46.8750
[9,     9] loss: 2.1426 acc: 44.4444
[9,    10] loss: 2.2601 acc: 42.5000
[9,    11] loss: 2.2058 acc: 43.1818
[9,    12] loss: 2.1403 acc: 43.7500
[9,    13] loss: 2.1644 acc: 46.1538
[9,    14] loss: 2.1700 acc: 46.4286
[9,    15] loss: 2.2541 acc: 45.0000
[9,    16] loss: 2.2819 acc: 43.7500
[9,    17] loss: 2.2300 acc: 44.1176
[9,    18] loss: 2.2382 acc: 44.4444
[9,    19] loss: 2.2971 acc: 42.1053
[9,    20] loss: 2.1105 acc: 42.5000
[9,    21] loss: 2.2247 acc: 42.8571
[9,    22] loss: 2.1889 acc: 43.1818
[9,    23] loss: 2.1682 acc: 44.5652
[9,    24] loss: 2.1692 acc: 44.7917
[9,    25] loss: 2.1589 acc: 45.0000
[9,    26] loss: 2.0303 acc: 45.1923
[9,    27] loss: 2.2909 acc: 43.5185
[9,    28] loss: 2.0645 acc: 43.7500
[9,    29] loss: 2.1508 acc: 42.2414
[9,    30] loss: 2.1983 acc: 42.5000
[9,    31] loss: 2.0997 acc: 43.5484
[9,    32] loss: 2.0737 acc: 43.7500
[10,     1] loss: 1.9358 acc: 100.0000
[10,     2] loss: 2.1257 acc: 100.0000
[10,     3] loss: 1.9884 acc: 91.6667
[10,     4] loss: 2.0668 acc: 81.2500
[10,     5] loss: 2.1797 acc: 65.0000
[10,     6] loss: 2.1562 acc: 62.5000
[10,     7] loss: 2.2097 acc: 57.1429
[10,     8] loss: 1.9778 acc: 59.3750
[10,     9] loss: 2.0791 acc: 58.3333
[10,    10] loss: 2.0661 acc: 57.5000
[10,    11] loss: 2.0070 acc: 61.3636
[10,    12] loss: 2.0272 acc: 62.5000
[10,    13] loss: 1.9126 acc: 65.3846
[10,    14] loss: 2.0073 acc: 64.2857
[10,    15] loss: 2.0821 acc: 61.6667
[10,    16] loss: 2.1073 acc: 59.3750
[10,    17] loss: 1.9498 acc: 61.7647
[10,    18] loss: 2.1971 acc: 59.7222
[10,    19] loss: 1.9009 acc: 59.2105
[10,    20] loss: 2.0349 acc: 58.7500
[10,    21] loss: 2.1537 acc: 57.1429
[10,    22] loss: 2.0949 acc: 56.8182
[10,    23] loss: 2.0944 acc: 56.5217
[10,    24] loss: 1.8078 acc: 58.3333
[10,    25] loss: 1.9220 acc: 58.0000
[10,    26] loss: 1.9972 acc: 56.7308
[10,    27] loss: 1.9323 acc: 56.4815
[10,    28] loss: 1.9717 acc: 56.2500
[10,    29] loss: 2.1950 acc: 56.0345
[10,    30] loss: 2.1348 acc: 54.1667
[10,    31] loss: 2.0428 acc: 53.2258
[10,    32] loss: 2.0228 acc: 52.3438
[11,     1] loss: 2.2360 acc: 0.0000
[11,     2] loss: 1.8752 acc: 50.0000
[11,     3] loss: 1.9798 acc: 50.0000
[11,     4] loss: 1.8326 acc: 56.2500
[11,     5] loss: 1.9821 acc: 55.0000
[11,     6] loss: 2.0395 acc: 50.0000
[11,     7] loss: 2.1166 acc: 42.8571
[11,     8] loss: 2.0307 acc: 43.7500
[11,     9] loss: 1.9924 acc: 41.6667
[11,    10] loss: 1.6262 acc: 47.5000
[11,    11] loss: 1.9485 acc: 45.4545
[11,    12] loss: 1.5496 acc: 50.0000
[11,    13] loss: 1.5953 acc: 53.8462
[11,    14] loss: 2.1146 acc: 51.7857
[11,    15] loss: 1.8766 acc: 51.6667
[11,    16] loss: 1.6888 acc: 51.5625
[11,    17] loss: 1.9897 acc: 51.4706
[11,    18] loss: 1.8312 acc: 52.7778
[11,    19] loss: 1.8549 acc: 51.3158
[11,    20] loss: 2.1385 acc: 51.2500
[11,    21] loss: 1.6680 acc: 53.5714
[11,    22] loss: 1.6603 acc: 54.5455
[11,    23] loss: 2.0758 acc: 53.2609
[11,    24] loss: 1.8342 acc: 54.1667
[11,    25] loss: 1.7942 acc: 55.0000
[11,    26] loss: 1.6681 acc: 54.8077
[11,    27] loss: 2.0254 acc: 54.6296
[11,    28] loss: 1.8800 acc: 54.4643
[11,    29] loss: 1.2077 acc: 56.0345
[11,    30] loss: 2.2627 acc: 55.0000
[11,    31] loss: 1.7434 acc: 55.6452
[11,    32] loss: 1.6794 acc: 57.0312
[12,     1] loss: 1.9593 acc: 50.0000
[12,     2] loss: 1.9317 acc: 25.0000
[12,     3] loss: 1.3179 acc: 41.6667
[12,     4] loss: 1.0938 acc: 56.2500
[12,     5] loss: 1.9662 acc: 50.0000
[12,     6] loss: 1.4613 acc: 54.1667
[12,     7] loss: 1.1440 acc: 60.7143
[12,     8] loss: 1.3323 acc: 62.5000
[12,     9] loss: 1.5076 acc: 66.6667
[12,    10] loss: 1.4426 acc: 67.5000
[12,    11] loss: 2.0716 acc: 63.6364
[12,    12] loss: 1.7317 acc: 62.5000
[12,    13] loss: 1.5123 acc: 63.4615
[12,    14] loss: 1.0974 acc: 64.2857
[12,    15] loss: 2.2486 acc: 61.6667
[12,    16] loss: 1.4841 acc: 62.5000
[12,    17] loss: 1.5386 acc: 63.2353
[12,    18] loss: 1.7240 acc: 62.5000
[12,    19] loss: 2.1553 acc: 59.2105
[12,    20] loss: 1.9206 acc: 58.7500
[12,    21] loss: 1.4873 acc: 59.5238
[12,    22] loss: 2.1844 acc: 57.9545
[12,    23] loss: 1.5383 acc: 58.6957
[12,    24] loss: 1.6725 acc: 59.3750
[12,    25] loss: 1.2158 acc: 60.0000
[12,    26] loss: 0.9568 acc: 61.5385
[12,    27] loss: 1.4431 acc: 62.0370
[12,    28] loss: 1.5910 acc: 62.5000
[12,    29] loss: 1.5287 acc: 62.0690
[12,    30] loss: 1.7710 acc: 61.6667
[12,    31] loss: 1.8723 acc: 59.6774
[12,    32] loss: 1.6750 acc: 59.3750
[13,     1] loss: 2.0426 acc: 50.0000
[13,     2] loss: 1.8234 acc: 37.5000
[13,     3] loss: 1.2622 acc: 50.0000
[13,     4] loss: 1.3009 acc: 50.0000
[13,     5] loss: 0.7525 acc: 60.0000
[13,     6] loss: 1.3807 acc: 62.5000
[13,     7] loss: 0.9249 acc: 67.8571
[13,     8] loss: 1.1992 acc: 68.7500
[13,     9] loss: 1.8812 acc: 63.8889
[13,    10] loss: 1.5150 acc: 65.0000
[13,    11] loss: 1.2465 acc: 65.9091
[13,    12] loss: 1.9013 acc: 62.5000
[13,    13] loss: 1.1205 acc: 63.4615
[13,    14] loss: 0.9768 acc: 66.0714
[13,    15] loss: 1.3813 acc: 66.6667
[13,    16] loss: 1.4697 acc: 65.6250
[13,    17] loss: 1.3141 acc: 67.6471
[13,    18] loss: 1.4590 acc: 68.0556
[13,    19] loss: 1.0560 acc: 68.4211
[13,    20] loss: 1.2326 acc: 68.7500
[13,    21] loss: 0.8715 acc: 69.0476
[13,    22] loss: 2.1917 acc: 67.0455
[13,    23] loss: 1.2477 acc: 68.4783
[13,    24] loss: 0.9607 acc: 69.7917
[13,    25] loss: 1.1815 acc: 69.0000
[13,    26] loss: 1.7050 acc: 69.2308
[13,    27] loss: 0.8369 acc: 70.3704
[13,    28] loss: 1.4349 acc: 68.7500
[13,    29] loss: 1.5030 acc: 67.2414
[13,    30] loss: 1.2323 acc: 67.5000
[13,    31] loss: 1.1160 acc: 67.7419
[13,    32] loss: 1.0756 acc: 67.1875
[14,     1] loss: 0.7512 acc: 100.0000
[14,     2] loss: 1.6704 acc: 75.0000
[14,     3] loss: 1.9001 acc: 58.3333
[14,     4] loss: 0.9496 acc: 68.7500
[14,     5] loss: 0.9721 acc: 75.0000
[14,     6] loss: 1.0178 acc: 79.1667
[14,     7] loss: 2.1285 acc: 71.4286
[14,     8] loss: 1.1663 acc: 71.8750
[14,     9] loss: 0.8309 acc: 75.0000
[14,    10] loss: 1.2432 acc: 75.0000
[14,    11] loss: 1.9608 acc: 70.4545
[14,    12] loss: 1.9395 acc: 68.7500
[14,    13] loss: 0.7552 acc: 69.2308
[14,    14] loss: 1.5476 acc: 67.8571
[14,    15] loss: 1.1622 acc: 68.3333
[14,    16] loss: 1.3716 acc: 67.1875
[14,    17] loss: 1.6128 acc: 67.6471
[14,    18] loss: 1.3493 acc: 66.6667
[14,    19] loss: 1.4365 acc: 67.1053
[14,    20] loss: 1.2288 acc: 66.2500
[14,    21] loss: 0.8397 acc: 66.6667
[14,    22] loss: 0.9903 acc: 67.0455
[14,    23] loss: 1.2670 acc: 67.3913
[14,    24] loss: 1.3697 acc: 66.6667
[14,    25] loss: 1.3224 acc: 67.0000
[14,    26] loss: 0.7431 acc: 68.2692
[14,    27] loss: 1.7490 acc: 67.5926
[14,    28] loss: 0.7506 acc: 68.7500
[14,    29] loss: 1.0096 acc: 68.9655
[14,    30] loss: 1.0610 acc: 69.1667
[14,    31] loss: 2.2458 acc: 66.9355
[14,    32] loss: 0.8743 acc: 67.9688
[15,     1] loss: 1.3145 acc: 50.0000
[15,     2] loss: 0.7443 acc: 75.0000
[15,     3] loss: 1.2195 acc: 66.6667
[15,     4] loss: 1.0264 acc: 75.0000
[15,     5] loss: 1.2927 acc: 70.0000
[15,     6] loss: 1.4484 acc: 70.8333
[15,     7] loss: 1.0967 acc: 71.4286
[15,     8] loss: 1.7475 acc: 68.7500
[15,     9] loss: 1.4009 acc: 69.4444
[15,    10] loss: 1.3404 acc: 67.5000
[15,    11] loss: 0.7021 acc: 70.4545
[15,    12] loss: 1.0238 acc: 70.8333
[15,    13] loss: 0.8546 acc: 73.0769
[15,    14] loss: 1.0820 acc: 73.2143
[15,    15] loss: 1.0753 acc: 73.3333
[15,    16] loss: 0.9887 acc: 73.4375
[15,    17] loss: 1.1291 acc: 73.5294
[15,    18] loss: 1.1727 acc: 73.6111
[15,    19] loss: 1.6624 acc: 72.3684
[15,    20] loss: 1.5978 acc: 71.2500
[15,    21] loss: 1.0504 acc: 71.4286
[15,    22] loss: 1.2859 acc: 71.5909
[15,    23] loss: 1.8251 acc: 70.6522
[15,    24] loss: 1.7932 acc: 68.7500
[15,    25] loss: 1.5385 acc: 68.0000
[15,    26] loss: 0.7947 acc: 69.2308
[15,    27] loss: 1.0850 acc: 69.4444
[15,    28] loss: 1.3903 acc: 68.7500
[15,    29] loss: 1.7458 acc: 68.1034
[15,    30] loss: 0.9212 acc: 68.3333
[15,    31] loss: 0.9945 acc: 68.5484
[15,    32] loss: 1.1366 acc: 68.7500
[16,     1] loss: 1.1246 acc: 50.0000
[16,     2] loss: 1.2650 acc: 50.0000
[16,     3] loss: 1.4332 acc: 58.3333
[16,     4] loss: 1.1489 acc: 62.5000
[16,     5] loss: 1.6484 acc: 60.0000
[16,     6] loss: 1.5380 acc: 58.3333
[16,     7] loss: 0.9570 acc: 60.7143
[16,     8] loss: 1.8097 acc: 56.2500
[16,     9] loss: 0.8888 acc: 58.3333
[16,    10] loss: 1.5374 acc: 57.5000
[16,    11] loss: 1.2985 acc: 59.0909
[16,    12] loss: 1.3320 acc: 58.3333
[16,    13] loss: 0.7957 acc: 59.6154
[16,    14] loss: 1.9192 acc: 60.7143
[16,    15] loss: 1.7349 acc: 58.3333
[16,    16] loss: 1.3874 acc: 56.2500
[16,    17] loss: 1.4022 acc: 55.8824
[16,    18] loss: 0.9374 acc: 58.3333
[16,    19] loss: 1.2685 acc: 57.8947
[16,    20] loss: 0.9712 acc: 58.7500
[16,    21] loss: 0.9273 acc: 59.5238
[16,    22] loss: 0.9785 acc: 61.3636
[16,    23] loss: 1.2178 acc: 60.8696
[16,    24] loss: 0.7215 acc: 62.5000
[16,    25] loss: 0.8989 acc: 64.0000
[16,    26] loss: 1.1282 acc: 64.4231
[16,    27] loss: 1.3849 acc: 63.8889
[16,    28] loss: 1.0147 acc: 65.1786
[16,    29] loss: 1.5352 acc: 64.6552
[16,    30] loss: 1.3110 acc: 64.1667
[16,    31] loss: 0.5623 acc: 65.3226
[16,    32] loss: 1.2630 acc: 65.6250
[17,     1] loss: 1.4751 acc: 50.0000
[17,     2] loss: 1.1467 acc: 50.0000
[17,     3] loss: 1.0741 acc: 58.3333
[17,     4] loss: 1.9404 acc: 50.0000
[17,     5] loss: 0.8601 acc: 60.0000
[17,     6] loss: 1.1323 acc: 62.5000
[17,     7] loss: 1.0293 acc: 60.7143
[17,     8] loss: 1.3556 acc: 59.3750
[17,     9] loss: 1.0763 acc: 61.1111
[17,    10] loss: 0.7301 acc: 65.0000
[17,    11] loss: 1.8264 acc: 61.3636
[17,    12] loss: 1.9512 acc: 60.4167
[17,    13] loss: 1.1065 acc: 59.6154
[17,    14] loss: 1.0243 acc: 60.7143
[17,    15] loss: 1.3938 acc: 60.0000
[17,    16] loss: 0.8342 acc: 62.5000
[17,    17] loss: 1.7783 acc: 61.7647
[17,    18] loss: 1.2766 acc: 62.5000
[17,    19] loss: 0.8171 acc: 63.1579
[17,    20] loss: 1.1185 acc: 63.7500
[17,    21] loss: 1.3752 acc: 63.0952
[17,    22] loss: 1.0938 acc: 63.6364
[17,    23] loss: 1.3982 acc: 64.1304
[17,    24] loss: 0.8025 acc: 65.6250
[17,    25] loss: 1.1486 acc: 66.0000
[17,    26] loss: 1.4397 acc: 65.3846
[17,    27] loss: 0.8176 acc: 66.6667
[17,    28] loss: 1.0267 acc: 66.0714
[17,    29] loss: 1.0283 acc: 66.3793
[17,    30] loss: 1.0211 acc: 67.5000
[17,    31] loss: 0.7422 acc: 68.5484
[17,    32] loss: 1.4887 acc: 67.9688
[18,     1] loss: 1.0379 acc: 100.0000
[18,     2] loss: 1.1438 acc: 87.5000
[18,     3] loss: 1.1316 acc: 83.3333
[18,     4] loss: 1.7071 acc: 68.7500
[18,     5] loss: 1.9228 acc: 60.0000
[18,     6] loss: 0.9544 acc: 62.5000
[18,     7] loss: 0.7143 acc: 67.8571
[18,     8] loss: 1.2991 acc: 68.7500
[18,     9] loss: 0.8766 acc: 72.2222
[18,    10] loss: 1.1758 acc: 72.5000
[18,    11] loss: 1.0296 acc: 72.7273
[18,    12] loss: 1.0644 acc: 72.9167
[18,    13] loss: 2.1361 acc: 69.2308
[18,    14] loss: 1.2026 acc: 69.6429
[18,    15] loss: 1.0115 acc: 68.3333
[18,    16] loss: 1.3774 acc: 67.1875
[18,    17] loss: 0.9794 acc: 67.6471
[18,    18] loss: 1.0417 acc: 68.0556
[18,    19] loss: 1.7114 acc: 65.7895
[18,    20] loss: 1.4122 acc: 65.0000
[18,    21] loss: 1.1295 acc: 66.6667
[18,    22] loss: 1.0312 acc: 67.0455
[18,    23] loss: 0.5362 acc: 68.4783
[18,    24] loss: 0.7211 acc: 69.7917
[18,    25] loss: 1.1379 acc: 70.0000
[18,    26] loss: 1.0779 acc: 71.1538
[18,    27] loss: 1.9800 acc: 69.4444
[18,    28] loss: 0.7205 acc: 70.5357
[18,    29] loss: 1.1095 acc: 70.6897
[18,    30] loss: 1.0036 acc: 70.8333
[18,    31] loss: 1.5069 acc: 70.1613
[18,    32] loss: 0.6672 acc: 71.0938
[19,     1] loss: 1.2672 acc: 50.0000
[19,     2] loss: 1.7520 acc: 50.0000
[19,     3] loss: 1.6812 acc: 58.3333
[19,     4] loss: 1.2506 acc: 56.2500
[19,     5] loss: 0.9068 acc: 65.0000
[19,     6] loss: 1.6719 acc: 62.5000
[19,     7] loss: 1.3435 acc: 64.2857
[19,     8] loss: 0.9771 acc: 65.6250
[19,     9] loss: 1.0549 acc: 66.6667
[19,    10] loss: 2.0727 acc: 62.5000
[19,    11] loss: 1.0522 acc: 63.6364
[19,    12] loss: 1.3934 acc: 60.4167
[19,    13] loss: 1.4351 acc: 61.5385
[19,    14] loss: 1.3030 acc: 60.7143
[19,    15] loss: 1.0116 acc: 61.6667
[19,    16] loss: 1.6451 acc: 59.3750
[19,    17] loss: 0.8150 acc: 61.7647
[19,    18] loss: 1.4196 acc: 61.1111
[19,    19] loss: 1.3608 acc: 60.5263
[19,    20] loss: 1.0536 acc: 61.2500
[19,    21] loss: 1.3243 acc: 61.9048
[19,    22] loss: 1.1646 acc: 62.5000
[19,    23] loss: 0.9083 acc: 63.0435
[19,    24] loss: 1.3097 acc: 62.5000
[19,    25] loss: 1.2746 acc: 63.0000
[19,    26] loss: 1.1815 acc: 63.4615
[19,    27] loss: 1.3883 acc: 62.9630
[19,    28] loss: 1.7928 acc: 62.5000
[19,    29] loss: 0.8535 acc: 62.9310
[19,    30] loss: 1.1110 acc: 63.3333
[19,    31] loss: 1.3015 acc: 62.9032
[19,    32] loss: 0.9894 acc: 63.2812
[20,     1] loss: 2.2399 acc: 25.0000
[20,     2] loss: 0.8992 acc: 62.5000
[20,     3] loss: 1.0477 acc: 58.3333
[20,     4] loss: 2.1391 acc: 50.0000
[20,     5] loss: 1.5211 acc: 50.0000
[20,     6] loss: 1.1491 acc: 50.0000
[20,     7] loss: 0.9994 acc: 53.5714
[20,     8] loss: 1.2962 acc: 53.1250
[20,     9] loss: 1.2513 acc: 55.5556
[20,    10] loss: 1.2883 acc: 57.5000
[20,    11] loss: 1.2870 acc: 56.8182
[20,    12] loss: 1.5398 acc: 54.1667
[20,    13] loss: 0.7095 acc: 57.6923
[20,    14] loss: 1.3396 acc: 58.9286
[20,    15] loss: 0.5789 acc: 61.6667
[20,    16] loss: 0.6908 acc: 64.0625
[20,    17] loss: 1.7853 acc: 61.7647
[20,    18] loss: 1.2815 acc: 61.1111
[20,    19] loss: 1.4855 acc: 60.5263
[20,    20] loss: 0.9620 acc: 61.2500
[20,    21] loss: 0.7948 acc: 61.9048
[20,    22] loss: 0.9150 acc: 62.5000
[20,    23] loss: 0.9172 acc: 64.1304
[20,    24] loss: 0.7075 acc: 65.6250
[20,    25] loss: 0.8542 acc: 66.0000
[20,    26] loss: 1.4179 acc: 64.4231
[20,    27] loss: 1.0172 acc: 63.8889
[20,    28] loss: 1.8073 acc: 62.5000
[20,    29] loss: 0.6433 acc: 63.7931
[20,    30] loss: 1.4350 acc: 62.5000
[20,    31] loss: 0.9655 acc: 63.7097
[20,    32] loss: 0.9796 acc: 64.0625
[21,     1] loss: 0.9708 acc: 100.0000
[21,     2] loss: 0.5336 acc: 100.0000
[21,     3] loss: 1.4688 acc: 83.3333
[21,     4] loss: 0.9954 acc: 81.2500
[21,     5] loss: 1.5179 acc: 75.0000
[21,     6] loss: 1.3811 acc: 75.0000
[21,     7] loss: 1.3797 acc: 75.0000
[21,     8] loss: 1.3170 acc: 68.7500
[21,     9] loss: 1.0133 acc: 69.4444
[21,    10] loss: 1.0624 acc: 70.0000
[21,    11] loss: 0.8624 acc: 70.4545
[21,    12] loss: 1.3362 acc: 70.8333
[21,    13] loss: 2.3426 acc: 65.3846
[21,    14] loss: 0.7939 acc: 66.0714
[21,    15] loss: 1.2012 acc: 65.0000
[21,    16] loss: 0.9119 acc: 67.1875
[21,    17] loss: 0.7348 acc: 69.1176
[21,    18] loss: 0.6516 acc: 70.8333
[21,    19] loss: 1.4371 acc: 71.0526
[21,    20] loss: 1.1564 acc: 70.0000
[21,    21] loss: 1.2486 acc: 69.0476
[21,    22] loss: 1.8558 acc: 68.1818
[21,    23] loss: 0.8653 acc: 69.5652
[21,    24] loss: 1.6019 acc: 68.7500
[21,    25] loss: 1.0013 acc: 70.0000
[21,    26] loss: 1.8412 acc: 68.2692
[21,    27] loss: 1.5528 acc: 67.5926
[21,    28] loss: 1.4439 acc: 67.8571
[21,    29] loss: 1.5776 acc: 67.2414
[21,    30] loss: 1.1610 acc: 67.5000
[21,    31] loss: 1.2410 acc: 67.7419
[21,    32] loss: 0.8215 acc: 68.7500
[22,     1] loss: 1.0853 acc: 75.0000
[22,     2] loss: 0.7272 acc: 75.0000
[22,     3] loss: 1.4040 acc: 66.6667
[22,     4] loss: 0.8199 acc: 75.0000
[22,     5] loss: 0.8457 acc: 80.0000
[22,     6] loss: 1.5696 acc: 75.0000
[22,     7] loss: 1.2099 acc: 75.0000
[22,     8] loss: 0.8382 acc: 78.1250
[22,     9] loss: 0.8750 acc: 77.7778
[22,    10] loss: 1.1719 acc: 77.5000
[22,    11] loss: 1.4756 acc: 75.0000
[22,    12] loss: 0.7428 acc: 77.0833
[22,    13] loss: 1.1586 acc: 76.9231
[22,    14] loss: 0.9602 acc: 75.0000
[22,    15] loss: 0.9256 acc: 75.0000
[22,    16] loss: 0.6620 acc: 76.5625
[22,    17] loss: 1.0922 acc: 75.0000
[22,    18] loss: 1.2651 acc: 73.6111
[22,    19] loss: 1.4239 acc: 73.6842
[22,    20] loss: 0.9733 acc: 73.7500
[22,    21] loss: 1.4865 acc: 72.6190
[22,    22] loss: 1.0086 acc: 73.8636
[22,    23] loss: 1.7701 acc: 71.7391
[22,    24] loss: 1.4984 acc: 69.7917
[22,    25] loss: 1.7986 acc: 69.0000
[22,    26] loss: 1.5826 acc: 67.3077
[22,    27] loss: 1.0648 acc: 67.5926
[22,    28] loss: 1.2406 acc: 66.9643
[22,    29] loss: 1.0213 acc: 67.2414
[22,    30] loss: 1.1631 acc: 67.5000
[22,    31] loss: 1.0665 acc: 66.9355
[22,    32] loss: 0.8952 acc: 67.9688
[23,     1] loss: 0.6932 acc: 100.0000
[23,     2] loss: 1.5990 acc: 75.0000
[23,     3] loss: 1.5770 acc: 75.0000
[23,     4] loss: 1.2076 acc: 75.0000
[23,     5] loss: 1.2803 acc: 70.0000
[23,     6] loss: 1.3846 acc: 62.5000
[23,     7] loss: 1.4608 acc: 60.7143
[23,     8] loss: 0.8847 acc: 62.5000
[23,     9] loss: 1.7278 acc: 61.1111
[23,    10] loss: 0.7770 acc: 65.0000
[23,    11] loss: 1.3538 acc: 65.9091
[23,    12] loss: 0.7028 acc: 68.7500
[23,    13] loss: 1.3864 acc: 65.3846
[23,    14] loss: 1.1034 acc: 66.0714
[23,    15] loss: 1.3141 acc: 66.6667
[23,    16] loss: 1.8116 acc: 65.6250
[23,    17] loss: 0.5157 acc: 67.6471
[23,    18] loss: 1.2100 acc: 68.0556
[23,    19] loss: 1.5017 acc: 67.1053
[23,    20] loss: 0.6314 acc: 68.7500
[23,    21] loss: 1.5948 acc: 67.8571
[23,    22] loss: 1.0134 acc: 68.1818
[23,    23] loss: 1.0958 acc: 68.4783
[23,    24] loss: 0.6704 acc: 69.7917
[23,    25] loss: 1.2072 acc: 70.0000
[23,    26] loss: 1.0508 acc: 70.1923
[23,    27] loss: 1.2164 acc: 70.3704
[23,    28] loss: 2.1162 acc: 69.6429
[23,    29] loss: 0.5009 acc: 70.6897
[23,    30] loss: 1.4131 acc: 70.0000
[23,    31] loss: 0.8388 acc: 70.9677
[23,    32] loss: 1.1088 acc: 71.8750
[24,     1] loss: 0.9477 acc: 75.0000
[24,     2] loss: 0.9167 acc: 75.0000
[24,     3] loss: 1.1020 acc: 75.0000
[24,     4] loss: 1.0851 acc: 75.0000
[24,     5] loss: 0.9247 acc: 75.0000
[24,     6] loss: 0.6771 acc: 79.1667
[24,     7] loss: 1.0014 acc: 78.5714
[24,     8] loss: 0.6671 acc: 81.2500
[24,     9] loss: 0.6161 acc: 83.3333
[24,    10] loss: 1.7049 acc: 80.0000
[24,    11] loss: 1.1633 acc: 79.5455
[24,    12] loss: 1.2180 acc: 79.1667
[24,    13] loss: 2.5035 acc: 73.0769
[24,    14] loss: 1.1272 acc: 73.2143
[24,    15] loss: 1.9006 acc: 71.6667
[24,    16] loss: 1.0635 acc: 71.8750
[24,    17] loss: 0.6435 acc: 73.5294
[24,    18] loss: 0.9786 acc: 73.6111
[24,    19] loss: 0.7535 acc: 73.6842
[24,    20] loss: 0.9814 acc: 75.0000
[24,    21] loss: 0.6388 acc: 76.1905
[24,    22] loss: 1.3421 acc: 75.0000
[24,    23] loss: 1.0795 acc: 75.0000
[24,    24] loss: 1.1240 acc: 75.0000
[24,    25] loss: 1.4844 acc: 74.0000
[24,    26] loss: 0.9264 acc: 74.0385
[24,    27] loss: 0.6576 acc: 75.0000
[24,    28] loss: 1.7435 acc: 73.2143
[24,    29] loss: 1.0082 acc: 73.2759
[24,    30] loss: 1.2849 acc: 73.3333
[24,    31] loss: 1.2988 acc: 73.3871
[24,    32] loss: 0.8951 acc: 73.4375
[25,     1] loss: 0.9245 acc: 75.0000
[25,     2] loss: 0.6727 acc: 75.0000
[25,     3] loss: 0.7620 acc: 75.0000
[25,     4] loss: 1.3583 acc: 75.0000
[25,     5] loss: 1.2109 acc: 75.0000
[25,     6] loss: 1.0489 acc: 75.0000
[25,     7] loss: 1.1188 acc: 71.4286
[25,     8] loss: 1.5965 acc: 68.7500
[25,     9] loss: 0.6654 acc: 72.2222
[25,    10] loss: 1.1707 acc: 72.5000
[25,    11] loss: 0.6233 acc: 75.0000
[25,    12] loss: 0.8613 acc: 77.0833
[25,    13] loss: 0.7262 acc: 76.9231
[25,    14] loss: 0.6702 acc: 78.5714
[25,    15] loss: 1.2357 acc: 76.6667
[25,    16] loss: 1.3666 acc: 75.0000
[25,    17] loss: 0.5860 acc: 76.4706
[25,    18] loss: 1.3512 acc: 76.3889
[25,    19] loss: 0.7560 acc: 77.6316
[25,    20] loss: 0.8231 acc: 77.5000
[25,    21] loss: 1.1150 acc: 77.3810
[25,    22] loss: 1.6395 acc: 76.1364
[25,    23] loss: 0.9281 acc: 77.1739
[25,    24] loss: 0.8623 acc: 77.0833
[25,    25] loss: 1.1361 acc: 77.0000
[25,    26] loss: 0.7391 acc: 77.8846
[25,    27] loss: 1.2485 acc: 77.7778
[25,    28] loss: 0.9734 acc: 77.6786
[25,    29] loss: 1.1877 acc: 77.5862
[25,    30] loss: 0.8906 acc: 77.5000
[25,    31] loss: 0.4887 acc: 78.2258
[25,    32] loss: 1.7396 acc: 77.3438
[26,     1] loss: 1.4483 acc: 25.0000
[26,     2] loss: 0.7455 acc: 62.5000
[26,     3] loss: 0.7065 acc: 75.0000
[26,     4] loss: 0.6291 acc: 81.2500
[26,     5] loss: 1.1483 acc: 80.0000
[26,     6] loss: 0.5141 acc: 83.3333
[26,     7] loss: 0.7672 acc: 85.7143
[26,     8] loss: 0.9752 acc: 87.5000
[26,     9] loss: 0.7517 acc: 88.8889
[26,    10] loss: 1.3934 acc: 85.0000
[26,    11] loss: 1.1988 acc: 81.8182
[26,    12] loss: 0.4451 acc: 83.3333
[26,    13] loss: 2.2952 acc: 78.8462
[26,    14] loss: 0.7840 acc: 78.5714
[26,    15] loss: 0.7630 acc: 78.3333
[26,    16] loss: 1.0654 acc: 78.1250
[26,    17] loss: 0.7331 acc: 77.9412
[26,    18] loss: 0.6065 acc: 79.1667
[26,    19] loss: 1.3343 acc: 76.3158
[26,    20] loss: 1.6761 acc: 73.7500
[26,    21] loss: 0.9973 acc: 73.8095
[26,    22] loss: 1.0667 acc: 73.8636
[26,    23] loss: 0.9891 acc: 73.9130
[26,    24] loss: 0.6091 acc: 75.0000
[26,    25] loss: 1.4188 acc: 74.0000
[26,    26] loss: 1.2883 acc: 74.0385
[26,    27] loss: 1.0239 acc: 74.0741
[26,    28] loss: 0.7552 acc: 75.0000
[26,    29] loss: 0.5203 acc: 75.8621
[26,    30] loss: 1.4126 acc: 74.1667
[26,    31] loss: 0.5645 acc: 75.0000
[26,    32] loss: 1.0528 acc: 75.0000
[27,     1] loss: 0.8336 acc: 75.0000
[27,     2] loss: 0.6499 acc: 87.5000
[27,     3] loss: 0.7446 acc: 83.3333
[27,     4] loss: 0.9936 acc: 87.5000
[27,     5] loss: 0.8394 acc: 80.0000
[27,     6] loss: 1.4185 acc: 75.0000
[27,     7] loss: 1.0506 acc: 71.4286
[27,     8] loss: 2.2796 acc: 65.6250
[27,     9] loss: 1.0766 acc: 63.8889
[27,    10] loss: 1.1258 acc: 62.5000
[27,    11] loss: 0.7882 acc: 65.9091
[27,    12] loss: 0.9100 acc: 66.6667
[27,    13] loss: 1.6141 acc: 65.3846
[27,    14] loss: 1.2999 acc: 64.2857
[27,    15] loss: 1.6799 acc: 63.3333
[27,    16] loss: 1.2155 acc: 65.6250
[27,    17] loss: 1.0417 acc: 66.1765
[27,    18] loss: 1.5009 acc: 65.2778
[27,    19] loss: 1.2776 acc: 64.4737
[27,    20] loss: 0.5489 acc: 66.2500
[27,    21] loss: 1.1931 acc: 66.6667
[27,    22] loss: 0.8532 acc: 67.0455
[27,    23] loss: 0.8193 acc: 68.4783
[27,    24] loss: 0.8944 acc: 69.7917
[27,    25] loss: 0.6991 acc: 70.0000
[27,    26] loss: 0.9697 acc: 70.1923
[27,    27] loss: 1.1557 acc: 70.3704
[27,    28] loss: 0.8528 acc: 70.5357
[27,    29] loss: 1.0866 acc: 70.6897
[27,    30] loss: 1.0317 acc: 70.0000
[27,    31] loss: 1.3045 acc: 69.3548
[27,    32] loss: 1.1625 acc: 69.5312
[28,     1] loss: 0.8198 acc: 75.0000
[28,     2] loss: 0.7236 acc: 87.5000
[28,     3] loss: 0.6063 acc: 91.6667
[28,     4] loss: 0.7906 acc: 93.7500
[28,     5] loss: 0.7909 acc: 90.0000
[28,     6] loss: 0.7146 acc: 91.6667
[28,     7] loss: 1.1758 acc: 92.8571
[28,     8] loss: 1.4113 acc: 87.5000
[28,     9] loss: 1.2396 acc: 83.3333
[28,    10] loss: 0.9364 acc: 85.0000
[28,    11] loss: 0.7639 acc: 86.3636
[28,    12] loss: 1.4834 acc: 85.4167
[28,    13] loss: 0.8501 acc: 86.5385
[28,    14] loss: 0.9916 acc: 85.7143
[28,    15] loss: 0.7484 acc: 86.6667
[28,    16] loss: 0.8226 acc: 85.9375
[28,    17] loss: 0.8139 acc: 86.7647
[28,    18] loss: 1.4027 acc: 86.1111
[28,    19] loss: 1.2344 acc: 85.5263
[28,    20] loss: 1.7798 acc: 83.7500
[28,    21] loss: 0.6923 acc: 83.3333
[28,    22] loss: 0.5269 acc: 84.0909
[28,    23] loss: 0.5253 acc: 84.7826
[28,    24] loss: 0.7456 acc: 85.4167
[28,    25] loss: 1.1771 acc: 84.0000
[28,    26] loss: 1.1154 acc: 83.6538
[28,    27] loss: 1.9134 acc: 81.4815
[28,    28] loss: 0.6034 acc: 81.2500
[28,    29] loss: 0.5619 acc: 81.8966
[28,    30] loss: 1.1682 acc: 81.6667
[28,    31] loss: 1.1738 acc: 81.4516
[28,    32] loss: 0.7281 acc: 82.0312
[29,     1] loss: 0.6663 acc: 100.0000
[29,     2] loss: 1.3966 acc: 62.5000
[29,     3] loss: 1.5464 acc: 58.3333
[29,     4] loss: 1.1171 acc: 56.2500
[29,     5] loss: 0.7778 acc: 65.0000
[29,     6] loss: 0.8069 acc: 66.6667
[29,     7] loss: 1.1656 acc: 67.8571
[29,     8] loss: 0.9450 acc: 68.7500
[29,     9] loss: 0.9934 acc: 69.4444
[29,    10] loss: 0.8797 acc: 70.0000
[29,    11] loss: 0.5241 acc: 72.7273
[29,    12] loss: 0.9436 acc: 72.9167
[29,    13] loss: 0.5031 acc: 75.0000
[29,    14] loss: 1.0957 acc: 73.2143
[29,    15] loss: 0.8225 acc: 73.3333
[29,    16] loss: 0.7932 acc: 75.0000
[29,    17] loss: 1.5249 acc: 72.0588
[29,    18] loss: 0.8710 acc: 72.2222
[29,    19] loss: 0.5675 acc: 73.6842
[29,    20] loss: 1.0013 acc: 73.7500
[29,    21] loss: 0.5399 acc: 75.0000
[29,    22] loss: 1.1025 acc: 75.0000
[29,    23] loss: 0.8581 acc: 75.0000
[29,    24] loss: 0.4555 acc: 76.0417
[29,    25] loss: 0.9545 acc: 75.0000
[29,    26] loss: 1.0911 acc: 75.0000
[29,    27] loss: 1.2360 acc: 74.0741
[29,    28] loss: 0.9279 acc: 74.1071
[29,    29] loss: 1.3303 acc: 74.1379
[29,    30] loss: 0.9485 acc: 74.1667
[29,    31] loss: 1.3423 acc: 73.3871
[29,    32] loss: 1.2894 acc: 72.6562
[30,     1] loss: 0.7379 acc: 100.0000
[30,     2] loss: 0.4131 acc: 100.0000
[30,     3] loss: 1.1719 acc: 91.6667
[30,     4] loss: 0.8873 acc: 87.5000
[30,     5] loss: 0.9014 acc: 90.0000
[30,     6] loss: 0.8033 acc: 87.5000
[30,     7] loss: 0.9585 acc: 85.7143
[30,     8] loss: 0.7940 acc: 84.3750
[30,     9] loss: 1.0782 acc: 86.1111
[30,    10] loss: 0.6351 acc: 85.0000
[30,    11] loss: 0.7694 acc: 86.3636
[30,    12] loss: 1.1574 acc: 85.4167
[30,    13] loss: 0.9177 acc: 84.6154
[30,    14] loss: 0.5441 acc: 85.7143
[30,    15] loss: 0.3461 acc: 86.6667
[30,    16] loss: 1.5149 acc: 84.3750
[30,    17] loss: 1.0896 acc: 82.3529
[30,    18] loss: 0.7182 acc: 83.3333
[30,    19] loss: 0.6471 acc: 82.8947
[30,    20] loss: 1.0293 acc: 82.5000
[30,    21] loss: 0.8968 acc: 82.1429
[30,    22] loss: 1.1132 acc: 81.8182
[30,    23] loss: 1.6509 acc: 80.4348
[30,    24] loss: 0.9735 acc: 79.1667
[30,    25] loss: 0.8400 acc: 78.0000
[30,    26] loss: 0.6956 acc: 77.8846
[30,    27] loss: 2.3677 acc: 75.0000
[30,    28] loss: 1.0747 acc: 74.1071
[30,    29] loss: 0.6959 acc: 75.0000
[30,    30] loss: 1.0275 acc: 75.0000
[30,    31] loss: 0.9361 acc: 75.0000
[30,    32] loss: 0.5828 acc: 75.7812
[31,     1] loss: 0.9602 acc: 75.0000
[31,     2] loss: 1.3262 acc: 62.5000
[31,     3] loss: 1.4997 acc: 66.6667
[31,     4] loss: 0.6316 acc: 75.0000
[31,     5] loss: 0.4992 acc: 80.0000
[31,     6] loss: 1.2970 acc: 79.1667
[31,     7] loss: 0.5748 acc: 82.1429
[31,     8] loss: 1.0767 acc: 78.1250
[31,     9] loss: 1.8808 acc: 75.0000
[31,    10] loss: 0.6559 acc: 77.5000
[31,    11] loss: 1.4435 acc: 75.0000
[31,    12] loss: 1.2904 acc: 72.9167
[31,    13] loss: 0.9887 acc: 73.0769
[31,    14] loss: 0.8659 acc: 75.0000
[31,    15] loss: 0.9142 acc: 75.0000
[31,    16] loss: 0.8153 acc: 75.0000
[31,    17] loss: 0.8613 acc: 76.4706
[31,    18] loss: 0.9948 acc: 76.3889
[31,    19] loss: 0.9164 acc: 75.0000
[31,    20] loss: 0.9985 acc: 75.0000
[31,    21] loss: 1.1303 acc: 75.0000
[31,    22] loss: 0.7501 acc: 76.1364
[31,    23] loss: 1.7081 acc: 75.0000
[31,    24] loss: 1.1848 acc: 73.9583
[31,    25] loss: 0.5488 acc: 75.0000
[31,    26] loss: 0.5433 acc: 75.9615
[31,    27] loss: 0.6551 acc: 75.9259
[31,    28] loss: 1.1429 acc: 75.8929
[31,    29] loss: 0.3670 acc: 76.7241
[31,    30] loss: 0.5750 acc: 76.6667
[31,    31] loss: 0.7005 acc: 76.6129
[31,    32] loss: 1.2409 acc: 76.5625
[32,     1] loss: 0.7522 acc: 75.0000
[32,     2] loss: 0.5574 acc: 87.5000
[32,     3] loss: 1.0031 acc: 83.3333
[32,     4] loss: 1.1330 acc: 81.2500
[32,     5] loss: 0.9666 acc: 80.0000
[32,     6] loss: 0.7149 acc: 83.3333
[32,     7] loss: 1.2685 acc: 82.1429
[32,     8] loss: 0.5809 acc: 84.3750
[32,     9] loss: 1.0403 acc: 83.3333
[32,    10] loss: 1.0397 acc: 85.0000
[32,    11] loss: 0.7023 acc: 86.3636
[32,    12] loss: 1.6201 acc: 81.2500
[32,    13] loss: 1.5004 acc: 78.8462
[32,    14] loss: 0.8670 acc: 80.3571
[32,    15] loss: 0.7716 acc: 80.0000
[32,    16] loss: 0.6956 acc: 81.2500
[32,    17] loss: 0.8572 acc: 80.8824
[32,    18] loss: 1.5483 acc: 80.5556
[32,    19] loss: 1.6720 acc: 78.9474
[32,    20] loss: 1.4569 acc: 76.2500
[32,    21] loss: 0.6323 acc: 77.3810
[32,    22] loss: 1.4830 acc: 76.1364
[32,    23] loss: 1.4990 acc: 73.9130
[32,    24] loss: 1.2937 acc: 73.9583
[32,    25] loss: 1.4360 acc: 72.0000
[32,    26] loss: 0.6563 acc: 72.1154
[32,    27] loss: 1.0429 acc: 72.2222
[32,    28] loss: 1.2897 acc: 71.4286
[32,    29] loss: 1.3595 acc: 71.5517
[32,    30] loss: 0.4919 acc: 72.5000
[32,    31] loss: 1.5373 acc: 71.7742
[32,    32] loss: 0.6873 acc: 72.6562
[33,     1] loss: 1.1679 acc: 50.0000
[33,     2] loss: 2.1464 acc: 37.5000
[33,     3] loss: 1.3663 acc: 41.6667
[33,     4] loss: 0.9159 acc: 50.0000
[33,     5] loss: 0.5141 acc: 60.0000
[33,     6] loss: 1.3274 acc: 58.3333
[33,     7] loss: 1.0551 acc: 60.7143
[33,     8] loss: 1.3821 acc: 59.3750
[33,     9] loss: 0.8920 acc: 61.1111
[33,    10] loss: 0.7929 acc: 62.5000
[33,    11] loss: 0.4704 acc: 65.9091
[33,    12] loss: 0.5237 acc: 68.7500
[33,    13] loss: 1.2791 acc: 67.3077
[33,    14] loss: 0.9784 acc: 67.8571
[33,    15] loss: 1.0335 acc: 68.3333
[33,    16] loss: 1.3556 acc: 67.1875
[33,    17] loss: 2.1108 acc: 66.1765
[33,    18] loss: 0.5764 acc: 68.0556
[33,    19] loss: 1.1488 acc: 68.4211
[33,    20] loss: 0.8994 acc: 67.5000
[33,    21] loss: 0.8021 acc: 67.8571
[33,    22] loss: 0.6814 acc: 69.3182
[33,    23] loss: 0.8425 acc: 69.5652
[33,    24] loss: 1.0147 acc: 69.7917
[33,    25] loss: 0.5596 acc: 71.0000
[33,    26] loss: 0.9027 acc: 72.1154
[33,    27] loss: 0.6293 acc: 73.1481
[33,    28] loss: 0.5868 acc: 74.1071
[33,    29] loss: 0.7074 acc: 75.0000
[33,    30] loss: 1.0136 acc: 75.0000
[33,    31] loss: 0.6059 acc: 75.8065
[33,    32] loss: 0.5855 acc: 76.5625
[34,     1] loss: 0.9889 acc: 75.0000
[34,     2] loss: 0.8802 acc: 87.5000
[34,     3] loss: 1.7446 acc: 75.0000
[34,     4] loss: 0.4713 acc: 81.2500
[34,     5] loss: 1.5967 acc: 75.0000
[34,     6] loss: 1.1812 acc: 75.0000
[34,     7] loss: 1.0773 acc: 75.0000
[34,     8] loss: 1.0715 acc: 75.0000
[34,     9] loss: 0.7479 acc: 75.0000
[34,    10] loss: 1.1909 acc: 75.0000
[34,    11] loss: 0.6878 acc: 75.0000
[34,    12] loss: 1.1252 acc: 75.0000
[34,    13] loss: 0.7930 acc: 75.0000
[34,    14] loss: 0.5479 acc: 76.7857
[34,    15] loss: 0.8547 acc: 78.3333
[34,    16] loss: 1.1872 acc: 78.1250
[34,    17] loss: 0.4273 acc: 79.4118
[34,    18] loss: 1.0524 acc: 77.7778
[34,    19] loss: 1.7886 acc: 76.3158
[34,    20] loss: 0.4287 acc: 77.5000
[34,    21] loss: 0.8625 acc: 77.3810
[34,    22] loss: 1.0560 acc: 77.2727
[34,    23] loss: 1.3012 acc: 77.1739
[34,    24] loss: 0.3627 acc: 78.1250
[34,    25] loss: 0.6158 acc: 78.0000
[34,    26] loss: 0.9628 acc: 77.8846
[34,    27] loss: 1.6594 acc: 76.8519
[34,    28] loss: 1.0147 acc: 77.6786
[34,    29] loss: 0.4613 acc: 78.4483
[34,    30] loss: 0.5410 acc: 79.1667
[34,    31] loss: 1.0956 acc: 78.2258
[34,    32] loss: 0.9240 acc: 78.1250
[35,     1] loss: 1.5444 acc: 25.0000
[35,     2] loss: 0.5058 acc: 62.5000
[35,     3] loss: 1.2489 acc: 50.0000
[35,     4] loss: 0.9378 acc: 62.5000
[35,     5] loss: 1.5106 acc: 55.0000
[35,     6] loss: 0.9540 acc: 62.5000
[35,     7] loss: 1.3383 acc: 64.2857
[35,     8] loss: 1.4687 acc: 62.5000
[35,     9] loss: 1.0356 acc: 61.1111
[35,    10] loss: 0.8839 acc: 65.0000
[35,    11] loss: 1.1643 acc: 65.9091
[35,    12] loss: 0.7134 acc: 66.6667
[35,    13] loss: 1.0359 acc: 67.3077
[35,    14] loss: 1.0573 acc: 66.0714
[35,    15] loss: 0.9087 acc: 65.0000
[35,    16] loss: 0.7318 acc: 65.6250
[35,    17] loss: 0.9361 acc: 66.1765
[35,    18] loss: 1.2448 acc: 66.6667
[35,    19] loss: 0.7787 acc: 67.1053
[35,    20] loss: 1.0416 acc: 67.5000
[35,    21] loss: 1.0754 acc: 66.6667
[35,    22] loss: 0.5010 acc: 68.1818
[35,    23] loss: 0.5956 acc: 68.4783
[35,    24] loss: 0.9642 acc: 68.7500
[35,    25] loss: 0.6701 acc: 70.0000
[35,    26] loss: 1.0993 acc: 70.1923
[35,    27] loss: 0.7648 acc: 70.3704
[35,    28] loss: 0.8212 acc: 70.5357
[35,    29] loss: 0.9332 acc: 70.6897
[35,    30] loss: 1.6947 acc: 70.0000
[35,    31] loss: 0.7846 acc: 70.9677
[35,    32] loss: 0.8901 acc: 71.0938
[36,     1] loss: 1.1629 acc: 50.0000
[36,     2] loss: 0.7041 acc: 62.5000
[36,     3] loss: 1.6469 acc: 58.3333
[36,     4] loss: 1.5113 acc: 62.5000
[36,     5] loss: 0.7341 acc: 65.0000
[36,     6] loss: 1.1712 acc: 62.5000
[36,     7] loss: 1.0172 acc: 64.2857
[36,     8] loss: 1.0174 acc: 65.6250
[36,     9] loss: 0.7914 acc: 69.4444
[36,    10] loss: 1.2007 acc: 67.5000
[36,    11] loss: 0.9550 acc: 68.1818
[36,    12] loss: 0.5078 acc: 70.8333
[36,    13] loss: 1.0909 acc: 71.1538
[36,    14] loss: 1.3211 acc: 69.6429
[36,    15] loss: 0.4389 acc: 71.6667
[36,    16] loss: 1.6528 acc: 70.3125
[36,    17] loss: 0.6695 acc: 70.5882
[36,    18] loss: 1.7452 acc: 68.0556
[36,    19] loss: 0.8257 acc: 68.4211
[36,    20] loss: 0.7993 acc: 68.7500
[36,    21] loss: 1.0418 acc: 69.0476
[36,    22] loss: 0.9002 acc: 69.3182
[36,    23] loss: 2.4484 acc: 66.3043
[36,    24] loss: 1.0449 acc: 66.6667
[36,    25] loss: 0.6603 acc: 67.0000
[36,    26] loss: 0.3956 acc: 68.2692
[36,    27] loss: 1.0430 acc: 68.5185
[36,    28] loss: 0.9606 acc: 68.7500
[36,    29] loss: 0.7233 acc: 68.9655
[36,    30] loss: 0.7500 acc: 70.0000
[36,    31] loss: 0.8240 acc: 70.1613
[36,    32] loss: 0.8155 acc: 70.3125
[37,     1] loss: 0.8622 acc: 75.0000
[37,     2] loss: 0.9727 acc: 75.0000
[37,     3] loss: 0.6299 acc: 83.3333
[37,     4] loss: 0.8276 acc: 81.2500
[37,     5] loss: 0.7699 acc: 85.0000
[37,     6] loss: 0.6130 acc: 83.3333
[37,     7] loss: 0.7074 acc: 82.1429
[37,     8] loss: 0.7422 acc: 84.3750
[37,     9] loss: 0.7252 acc: 86.1111
[37,    10] loss: 0.5957 acc: 87.5000
[37,    11] loss: 0.5740 acc: 88.6364
[37,    12] loss: 1.2402 acc: 85.4167
[37,    13] loss: 0.9930 acc: 84.6154
[37,    14] loss: 1.3313 acc: 82.1429
[37,    15] loss: 0.5478 acc: 83.3333
[37,    16] loss: 1.0594 acc: 82.8125
[37,    17] loss: 1.1233 acc: 80.8824
[37,    18] loss: 0.7311 acc: 81.9444
[37,    19] loss: 0.7975 acc: 81.5789
[37,    20] loss: 0.7441 acc: 82.5000
[37,    21] loss: 0.3737 acc: 83.3333
[37,    22] loss: 1.4403 acc: 82.9545
[37,    23] loss: 0.3474 acc: 83.6957
[37,    24] loss: 0.9096 acc: 83.3333
[37,    25] loss: 1.3536 acc: 82.0000
[37,    26] loss: 0.5591 acc: 82.6923
[37,    27] loss: 0.7295 acc: 83.3333
[37,    28] loss: 0.5708 acc: 83.9286
[37,    29] loss: 0.7518 acc: 84.4828
[37,    30] loss: 0.5770 acc: 84.1667
[37,    31] loss: 0.5470 acc: 84.6774
[37,    32] loss: 0.5255 acc: 85.1562
[38,     1] loss: 1.1670 acc: 75.0000
[38,     2] loss: 0.3440 acc: 87.5000
[38,     3] loss: 1.1234 acc: 83.3333
[38,     4] loss: 1.8325 acc: 75.0000
[38,     5] loss: 1.5879 acc: 65.0000
[38,     6] loss: 0.8779 acc: 66.6667
[38,     7] loss: 0.8614 acc: 71.4286
[38,     8] loss: 0.4019 acc: 75.0000
[38,     9] loss: 0.7336 acc: 77.7778
[38,    10] loss: 0.6813 acc: 80.0000
[38,    11] loss: 1.1182 acc: 77.2727
[38,    12] loss: 0.6051 acc: 79.1667
[38,    13] loss: 1.6303 acc: 76.9231
[38,    14] loss: 0.8758 acc: 78.5714
[38,    15] loss: 1.6091 acc: 75.0000
[38,    16] loss: 1.7000 acc: 71.8750
[38,    17] loss: 0.5046 acc: 73.5294
[38,    18] loss: 0.2797 acc: 75.0000
[38,    19] loss: 0.6514 acc: 76.3158
[38,    20] loss: 0.6834 acc: 77.5000
[38,    21] loss: 0.7156 acc: 78.5714
[38,    22] loss: 0.6884 acc: 79.5455
[38,    23] loss: 1.3332 acc: 78.2609
[38,    24] loss: 2.3289 acc: 77.0833
[38,    25] loss: 0.5878 acc: 77.0000
[38,    26] loss: 1.7926 acc: 75.0000
[38,    27] loss: 0.6791 acc: 75.9259
[38,    28] loss: 0.8162 acc: 75.8929
[38,    29] loss: 0.7895 acc: 76.7241
[38,    30] loss: 0.3971 acc: 77.5000
[38,    31] loss: 0.8450 acc: 77.4194
[38,    32] loss: 0.6206 acc: 78.1250
[39,     1] loss: 0.8725 acc: 75.0000
[39,     2] loss: 0.5454 acc: 87.5000
[39,     3] loss: 1.1311 acc: 75.0000
[39,     4] loss: 0.7572 acc: 75.0000
[39,     5] loss: 0.8041 acc: 80.0000
[39,     6] loss: 0.8421 acc: 83.3333
[39,     7] loss: 1.3987 acc: 78.5714
[39,     8] loss: 1.1708 acc: 75.0000
[39,     9] loss: 0.8148 acc: 75.0000
[39,    10] loss: 0.7157 acc: 75.0000
[39,    11] loss: 1.0789 acc: 75.0000
[39,    12] loss: 1.5314 acc: 70.8333
[39,    13] loss: 1.3160 acc: 71.1538
[39,    14] loss: 0.8284 acc: 73.2143
[39,    15] loss: 1.7586 acc: 71.6667
[39,    16] loss: 1.1255 acc: 71.8750
[39,    17] loss: 0.8192 acc: 73.5294
[39,    18] loss: 0.7388 acc: 75.0000
[39,    19] loss: 1.5955 acc: 75.0000
[39,    20] loss: 0.7101 acc: 76.2500
[39,    21] loss: 0.6841 acc: 76.1905
[39,    22] loss: 1.2735 acc: 76.1364
[39,    23] loss: 0.6437 acc: 76.0870
[39,    24] loss: 0.9978 acc: 76.0417
[39,    25] loss: 0.7942 acc: 76.0000
[39,    26] loss: 0.7500 acc: 75.9615
[39,    27] loss: 1.0154 acc: 75.9259
[39,    28] loss: 0.8457 acc: 76.7857
[39,    29] loss: 1.1984 acc: 76.7241
[39,    30] loss: 0.4930 acc: 77.5000
[39,    31] loss: 0.6906 acc: 77.4194
[39,    32] loss: 0.5734 acc: 77.3438
[40,     1] loss: 1.8250 acc: 50.0000
[40,     2] loss: 0.6354 acc: 75.0000
[40,     3] loss: 1.3790 acc: 66.6667
[40,     4] loss: 1.3631 acc: 62.5000
[40,     5] loss: 0.9875 acc: 65.0000
[40,     6] loss: 0.9401 acc: 66.6667
[40,     7] loss: 1.0827 acc: 64.2857
[40,     8] loss: 0.8115 acc: 68.7500
[40,     9] loss: 0.7828 acc: 69.4444
[40,    10] loss: 0.7186 acc: 70.0000
[40,    11] loss: 0.4710 acc: 72.7273
[40,    12] loss: 0.6707 acc: 72.9167
[40,    13] loss: 1.1344 acc: 73.0769
[40,    14] loss: 0.6463 acc: 75.0000
[40,    15] loss: 0.3814 acc: 76.6667
[40,    16] loss: 1.3598 acc: 73.4375
[40,    17] loss: 0.6320 acc: 75.0000
[40,    18] loss: 0.4939 acc: 76.3889
[40,    19] loss: 1.0953 acc: 75.0000
[40,    20] loss: 1.0407 acc: 75.0000
[40,    21] loss: 1.1377 acc: 75.0000
[40,    22] loss: 0.7467 acc: 75.0000
[40,    23] loss: 0.5110 acc: 76.0870
[40,    24] loss: 0.9863 acc: 76.0417
[40,    25] loss: 1.1565 acc: 76.0000
[40,    26] loss: 0.7078 acc: 75.9615
[40,    27] loss: 0.6484 acc: 76.8519
[40,    28] loss: 1.3984 acc: 76.7857
[40,    29] loss: 0.4414 acc: 77.5862
[40,    30] loss: 0.6678 acc: 77.5000
[40,    31] loss: 0.6166 acc: 78.2258
[40,    32] loss: 0.4470 acc: 78.9062
[41,     1] loss: 1.6629 acc: 75.0000
[41,     2] loss: 2.0146 acc: 62.5000
[41,     3] loss: 0.9478 acc: 66.6667
[41,     4] loss: 1.1960 acc: 68.7500
[41,     5] loss: 1.1750 acc: 70.0000
[41,     6] loss: 1.1817 acc: 66.6667
[41,     7] loss: 0.3582 acc: 71.4286
[41,     8] loss: 0.8699 acc: 75.0000
[41,     9] loss: 0.7176 acc: 75.0000
[41,    10] loss: 0.4049 acc: 77.5000
[41,    11] loss: 0.4614 acc: 79.5455
[41,    12] loss: 0.3720 acc: 81.2500
[41,    13] loss: 0.8346 acc: 80.7692
[41,    14] loss: 1.1241 acc: 80.3571
[41,    15] loss: 0.8409 acc: 80.0000
[41,    16] loss: 0.5105 acc: 81.2500
[41,    17] loss: 0.9933 acc: 79.4118
[41,    18] loss: 0.4110 acc: 80.5556
[41,    19] loss: 0.5773 acc: 81.5789
[41,    20] loss: 0.6400 acc: 82.5000
[41,    21] loss: 0.6777 acc: 82.1429
[41,    22] loss: 1.0220 acc: 80.6818
[41,    23] loss: 0.7371 acc: 80.4348
[41,    24] loss: 1.6824 acc: 78.1250
[41,    25] loss: 1.0876 acc: 77.0000
[41,    26] loss: 0.4219 acc: 77.8846
[41,    27] loss: 1.1117 acc: 76.8519
[41,    28] loss: 1.0072 acc: 76.7857
[41,    29] loss: 0.5634 acc: 77.5862
[41,    30] loss: 1.3063 acc: 77.5000
[41,    31] loss: 0.9137 acc: 77.4194
[41,    32] loss: 0.8309 acc: 77.3438
[42,     1] loss: 0.7544 acc: 75.0000
[42,     2] loss: 1.0020 acc: 75.0000
[42,     3] loss: 0.3970 acc: 83.3333
[42,     4] loss: 1.0600 acc: 75.0000
[42,     5] loss: 0.7010 acc: 75.0000
[42,     6] loss: 1.4803 acc: 66.6667
[42,     7] loss: 1.0590 acc: 64.2857
[42,     8] loss: 0.8633 acc: 65.6250
[42,     9] loss: 0.5035 acc: 69.4444
[42,    10] loss: 0.7397 acc: 72.5000
[42,    11] loss: 0.6213 acc: 72.7273
[42,    12] loss: 0.3817 acc: 75.0000
[42,    13] loss: 0.6636 acc: 76.9231
[42,    14] loss: 1.2241 acc: 75.0000
[42,    15] loss: 0.6197 acc: 75.0000
[42,    16] loss: 1.3197 acc: 75.0000
[42,    17] loss: 0.4223 acc: 76.4706
[42,    18] loss: 1.6529 acc: 75.0000
[42,    19] loss: 0.4474 acc: 76.3158
[42,    20] loss: 0.8849 acc: 76.2500
[42,    21] loss: 0.5109 acc: 77.3810
[42,    22] loss: 0.9084 acc: 77.2727
[42,    23] loss: 0.5790 acc: 78.2609
[42,    24] loss: 1.6354 acc: 77.0833
[42,    25] loss: 0.6115 acc: 77.0000
[42,    26] loss: 0.6050 acc: 77.8846
[42,    27] loss: 0.5987 acc: 78.7037
[42,    28] loss: 1.4797 acc: 76.7857
[42,    29] loss: 0.4998 acc: 77.5862
[42,    30] loss: 0.5903 acc: 78.3333
[42,    31] loss: 1.8316 acc: 76.6129
[42,    32] loss: 0.5236 acc: 77.3438
[43,     1] loss: 0.7340 acc: 100.0000
[43,     2] loss: 0.6620 acc: 100.0000
[43,     3] loss: 1.8463 acc: 83.3333
[43,     4] loss: 0.6846 acc: 87.5000
[43,     5] loss: 0.2949 acc: 90.0000
[43,     6] loss: 0.6352 acc: 91.6667
[43,     7] loss: 0.9299 acc: 89.2857
[43,     8] loss: 0.5445 acc: 87.5000
[43,     9] loss: 0.7041 acc: 88.8889
[43,    10] loss: 1.4229 acc: 87.5000
[43,    11] loss: 0.9813 acc: 86.3636
[43,    12] loss: 1.2769 acc: 83.3333
[43,    13] loss: 0.5836 acc: 84.6154
[43,    14] loss: 0.9885 acc: 83.9286
[43,    15] loss: 1.2575 acc: 83.3333
[43,    16] loss: 0.3696 acc: 84.3750
[43,    17] loss: 0.9480 acc: 83.8235
[43,    18] loss: 1.1478 acc: 81.9444
[43,    19] loss: 0.8151 acc: 81.5789
[43,    20] loss: 0.7426 acc: 81.2500
[43,    21] loss: 1.1855 acc: 79.7619
[43,    22] loss: 0.8198 acc: 79.5455
[43,    23] loss: 1.4091 acc: 78.2609
[43,    24] loss: 1.0450 acc: 79.1667
[43,    25] loss: 1.2878 acc: 79.0000
[43,    26] loss: 1.3305 acc: 77.8846
[43,    27] loss: 0.7392 acc: 78.7037
[43,    28] loss: 0.5352 acc: 79.4643
[43,    29] loss: 0.8246 acc: 79.3103
[43,    30] loss: 0.5460 acc: 80.0000
[43,    31] loss: 0.5086 acc: 80.6452
[43,    32] loss: 0.9230 acc: 80.4688
[44,     1] loss: 0.8831 acc: 75.0000
[44,     2] loss: 0.7065 acc: 75.0000
[44,     3] loss: 0.5812 acc: 83.3333
[44,     4] loss: 0.3387 acc: 87.5000
[44,     5] loss: 0.6615 acc: 85.0000
[44,     6] loss: 0.5195 acc: 87.5000
[44,     7] loss: 0.5119 acc: 89.2857
[44,     8] loss: 0.8218 acc: 87.5000
[44,     9] loss: 0.9311 acc: 86.1111
[44,    10] loss: 1.2414 acc: 85.0000
[44,    11] loss: 1.1090 acc: 84.0909
[44,    12] loss: 0.7381 acc: 83.3333
[44,    13] loss: 1.0524 acc: 80.7692
[44,    14] loss: 0.9734 acc: 78.5714
[44,    15] loss: 1.1241 acc: 78.3333
[44,    16] loss: 0.6296 acc: 79.6875
[44,    17] loss: 0.9841 acc: 77.9412
[44,    18] loss: 0.8769 acc: 77.7778
[44,    19] loss: 1.3471 acc: 76.3158
[44,    20] loss: 0.7444 acc: 77.5000
[44,    21] loss: 0.5531 acc: 78.5714
[44,    22] loss: 1.3725 acc: 78.4091
[44,    23] loss: 1.4875 acc: 76.0870
[44,    24] loss: 0.4140 acc: 77.0833
[44,    25] loss: 0.4682 acc: 78.0000
[44,    26] loss: 0.7481 acc: 78.8462
[44,    27] loss: 0.7648 acc: 79.6296
[44,    28] loss: 0.7738 acc: 80.3571
[44,    29] loss: 1.4641 acc: 79.3103
[44,    30] loss: 1.3364 acc: 78.3333
[44,    31] loss: 0.5339 acc: 79.0323
[44,    32] loss: 1.2964 acc: 78.9062
[45,     1] loss: 1.2599 acc: 75.0000
[45,     2] loss: 0.8464 acc: 87.5000
[45,     3] loss: 0.8133 acc: 83.3333
[45,     4] loss: 0.9271 acc: 81.2500
[45,     5] loss: 1.8952 acc: 80.0000
[45,     6] loss: 0.6855 acc: 79.1667
[45,     7] loss: 0.5445 acc: 82.1429
[45,     8] loss: 1.3078 acc: 75.0000
[45,     9] loss: 1.2019 acc: 75.0000
[45,    10] loss: 0.6728 acc: 77.5000
[45,    11] loss: 0.4185 acc: 79.5455
[45,    12] loss: 1.4946 acc: 77.0833
[45,    13] loss: 0.4414 acc: 78.8462
[45,    14] loss: 0.4131 acc: 80.3571
[45,    15] loss: 0.8252 acc: 80.0000
[45,    16] loss: 0.5703 acc: 81.2500
[45,    17] loss: 0.5130 acc: 82.3529
[45,    18] loss: 0.9338 acc: 81.9444
[45,    19] loss: 1.3856 acc: 81.5789
[45,    20] loss: 0.4258 acc: 82.5000
[45,    21] loss: 0.7664 acc: 82.1429
[45,    22] loss: 0.8489 acc: 81.8182
[45,    23] loss: 0.8548 acc: 81.5217
[45,    24] loss: 0.9960 acc: 81.2500
[45,    25] loss: 0.4181 acc: 82.0000
[45,    26] loss: 1.1000 acc: 80.7692
[45,    27] loss: 0.6041 acc: 81.4815
[45,    28] loss: 0.8213 acc: 81.2500
[45,    29] loss: 0.7712 acc: 81.0345
[45,    30] loss: 0.8617 acc: 80.8333
[45,    31] loss: 0.3810 acc: 81.4516
[45,    32] loss: 0.6048 acc: 82.0312
[46,     1] loss: 0.3416 acc: 100.0000
[46,     2] loss: 0.4783 acc: 100.0000
[46,     3] loss: 0.3718 acc: 100.0000
[46,     4] loss: 0.3131 acc: 100.0000
[46,     5] loss: 0.5700 acc: 100.0000
[46,     6] loss: 0.5196 acc: 100.0000
[46,     7] loss: 0.4435 acc: 100.0000
[46,     8] loss: 0.7388 acc: 96.8750
[46,     9] loss: 0.2262 acc: 97.2222
[46,    10] loss: 0.9611 acc: 95.0000
[46,    11] loss: 0.3373 acc: 95.4545
[46,    12] loss: 0.9968 acc: 91.6667
[46,    13] loss: 0.3878 acc: 92.3077
[46,    14] loss: 0.2880 acc: 92.8571
[46,    15] loss: 1.2246 acc: 90.0000
[46,    16] loss: 0.8433 acc: 89.0625
[46,    17] loss: 0.9108 acc: 86.7647
[46,    18] loss: 0.9580 acc: 86.1111
[46,    19] loss: 0.7530 acc: 85.5263
[46,    20] loss: 0.4813 acc: 86.2500
[46,    21] loss: 0.9022 acc: 85.7143
[46,    22] loss: 1.8295 acc: 82.9545
[46,    23] loss: 1.3539 acc: 82.6087
[46,    24] loss: 0.4058 acc: 83.3333
[46,    25] loss: 0.4834 acc: 84.0000
[46,    26] loss: 0.5745 acc: 84.6154
[46,    27] loss: 0.9879 acc: 84.2593
[46,    28] loss: 0.5301 acc: 84.8214
[46,    29] loss: 0.6780 acc: 85.3448
[46,    30] loss: 1.1555 acc: 85.0000
[46,    31] loss: 0.7711 acc: 84.6774
[46,    32] loss: 1.2755 acc: 83.5938
[47,     1] loss: 0.9383 acc: 75.0000
[47,     2] loss: 0.8189 acc: 87.5000
[47,     3] loss: 0.5866 acc: 91.6667
[47,     4] loss: 0.4442 acc: 93.7500
[47,     5] loss: 0.4825 acc: 95.0000
[47,     6] loss: 0.8497 acc: 91.6667
[47,     7] loss: 1.0952 acc: 89.2857
[47,     8] loss: 0.7043 acc: 87.5000
[47,     9] loss: 1.0527 acc: 86.1111
[47,    10] loss: 0.4215 acc: 87.5000
[47,    11] loss: 1.5630 acc: 84.0909
[47,    12] loss: 1.2820 acc: 83.3333
[47,    13] loss: 0.6863 acc: 84.6154
[47,    14] loss: 0.7858 acc: 83.9286
[47,    15] loss: 0.6070 acc: 85.0000
[47,    16] loss: 0.5960 acc: 85.9375
[47,    17] loss: 0.3386 acc: 86.7647
[47,    18] loss: 1.0367 acc: 84.7222
[47,    19] loss: 0.2848 acc: 85.5263
[47,    20] loss: 0.8607 acc: 85.0000
[47,    21] loss: 0.7674 acc: 85.7143
[47,    22] loss: 1.4419 acc: 85.2273
[47,    23] loss: 0.8328 acc: 84.7826
[47,    24] loss: 0.8701 acc: 84.3750
[47,    25] loss: 0.6776 acc: 85.0000
[47,    26] loss: 0.5568 acc: 85.5769
[47,    27] loss: 0.6258 acc: 86.1111
[47,    28] loss: 0.8099 acc: 85.7143
[47,    29] loss: 1.7570 acc: 84.4828
[47,    30] loss: 1.2353 acc: 83.3333
[47,    31] loss: 1.1167 acc: 83.0645
[47,    32] loss: 0.7097 acc: 83.5938
[48,     1] loss: 0.9984 acc: 75.0000
[48,     2] loss: 0.3924 acc: 87.5000
[48,     3] loss: 0.6926 acc: 91.6667
[48,     4] loss: 0.9798 acc: 87.5000
[48,     5] loss: 0.5365 acc: 90.0000
[48,     6] loss: 1.5316 acc: 83.3333
[48,     7] loss: 0.2804 acc: 85.7143
[48,     8] loss: 0.5170 acc: 87.5000
[48,     9] loss: 0.3118 acc: 88.8889
[48,    10] loss: 0.7844 acc: 87.5000
[48,    11] loss: 0.3549 acc: 88.6364
[48,    12] loss: 0.4516 acc: 89.5833
[48,    13] loss: 1.0255 acc: 88.4615
[48,    14] loss: 0.2585 acc: 89.2857
[48,    15] loss: 0.9373 acc: 88.3333
[48,    16] loss: 0.6077 acc: 89.0625
[48,    17] loss: 0.3955 acc: 89.7059
[48,    18] loss: 1.0819 acc: 87.5000
[48,    19] loss: 0.4758 acc: 88.1579
[48,    20] loss: 0.7780 acc: 87.5000
[48,    21] loss: 0.6611 acc: 86.9048
[48,    22] loss: 0.9787 acc: 86.3636
[48,    23] loss: 0.7452 acc: 86.9565
[48,    24] loss: 1.1842 acc: 85.4167
[48,    25] loss: 0.7181 acc: 86.0000
[48,    26] loss: 0.7941 acc: 86.5385
[48,    27] loss: 0.3611 acc: 87.0370
[48,    28] loss: 0.6558 acc: 87.5000
[48,    29] loss: 0.5085 acc: 87.9310
[48,    30] loss: 0.4070 acc: 88.3333
[48,    31] loss: 1.5378 acc: 87.0968
[48,    32] loss: 1.4070 acc: 86.7188
[49,     1] loss: 0.4580 acc: 100.0000
[49,     2] loss: 1.0632 acc: 87.5000
[49,     3] loss: 0.3865 acc: 91.6667
[49,     4] loss: 0.7486 acc: 93.7500
[49,     5] loss: 0.9350 acc: 90.0000
[49,     6] loss: 0.6143 acc: 87.5000
[49,     7] loss: 0.5062 acc: 85.7143
[49,     8] loss: 1.0695 acc: 84.3750
[49,     9] loss: 1.8638 acc: 77.7778
[49,    10] loss: 1.0278 acc: 77.5000
[49,    11] loss: 0.7210 acc: 79.5455
[49,    12] loss: 0.7269 acc: 79.1667
[49,    13] loss: 0.7506 acc: 80.7692
[49,    14] loss: 0.4324 acc: 82.1429
[49,    15] loss: 0.8751 acc: 83.3333
[49,    16] loss: 1.0671 acc: 81.2500
[49,    17] loss: 0.6968 acc: 82.3529
[49,    18] loss: 0.7759 acc: 81.9444
[49,    19] loss: 1.0643 acc: 80.2632
[49,    20] loss: 0.6825 acc: 81.2500
[49,    21] loss: 0.9121 acc: 80.9524
[49,    22] loss: 1.5505 acc: 78.4091
[49,    23] loss: 1.0690 acc: 78.2609
[49,    24] loss: 0.3580 acc: 79.1667
[49,    25] loss: 0.8755 acc: 79.0000
[49,    26] loss: 1.1838 acc: 77.8846
[49,    27] loss: 0.9541 acc: 77.7778
[49,    28] loss: 0.9059 acc: 77.6786
[49,    29] loss: 1.0626 acc: 77.5862
[49,    30] loss: 0.6942 acc: 77.5000
[49,    31] loss: 1.0017 acc: 77.4194
[49,    32] loss: 0.6119 acc: 78.1250
[50,     1] loss: 0.5833 acc: 100.0000
[50,     2] loss: 0.4630 acc: 100.0000
[50,     3] loss: 0.7447 acc: 100.0000
[50,     4] loss: 0.5378 acc: 100.0000
[50,     5] loss: 0.6232 acc: 100.0000
[50,     6] loss: 0.8200 acc: 95.8333
[50,     7] loss: 0.5413 acc: 96.4286
[50,     8] loss: 0.4534 acc: 96.8750
[50,     9] loss: 1.6326 acc: 91.6667
[50,    10] loss: 0.4454 acc: 92.5000
[50,    11] loss: 0.7073 acc: 90.9091
[50,    12] loss: 0.5060 acc: 91.6667
[50,    13] loss: 0.3668 acc: 92.3077
[50,    14] loss: 0.8859 acc: 91.0714
[50,    15] loss: 1.1992 acc: 90.0000
[50,    16] loss: 1.0681 acc: 89.0625
[50,    17] loss: 1.0761 acc: 86.7647
[50,    18] loss: 0.4437 acc: 87.5000
[50,    19] loss: 0.7522 acc: 86.8421
[50,    20] loss: 0.7000 acc: 87.5000
[50,    21] loss: 0.8228 acc: 86.9048
[50,    22] loss: 0.8575 acc: 86.3636
[50,    23] loss: 0.5879 acc: 85.8696
[50,    24] loss: 0.8191 acc: 85.4167
[50,    25] loss: 0.8580 acc: 85.0000
[50,    26] loss: 1.5490 acc: 83.6538
[50,    27] loss: 0.8919 acc: 83.3333
[50,    28] loss: 0.5553 acc: 83.9286
[50,    29] loss: 0.4236 acc: 84.4828
[50,    30] loss: 0.7518 acc: 84.1667
[50,    31] loss: 1.1249 acc: 83.8710
[50,    32] loss: 0.9274 acc: 83.5938
[51,     1] loss: 1.4627 acc: 50.0000
[51,     2] loss: 1.3383 acc: 62.5000
[51,     3] loss: 0.6945 acc: 75.0000
[51,     4] loss: 0.6727 acc: 75.0000
[51,     5] loss: 0.9276 acc: 80.0000
[51,     6] loss: 0.4210 acc: 83.3333
[51,     7] loss: 0.8478 acc: 82.1429
[51,     8] loss: 0.8183 acc: 81.2500
[51,     9] loss: 0.2983 acc: 83.3333
[51,    10] loss: 0.7865 acc: 82.5000
[51,    11] loss: 0.7548 acc: 81.8182
[51,    12] loss: 1.0417 acc: 81.2500
[51,    13] loss: 0.4775 acc: 82.6923
[51,    14] loss: 0.7248 acc: 83.9286
[51,    15] loss: 1.1739 acc: 83.3333
[51,    16] loss: 1.0517 acc: 82.8125
[51,    17] loss: 0.5309 acc: 83.8235
[51,    18] loss: 1.1070 acc: 81.9444
[51,    19] loss: 0.7957 acc: 81.5789
[51,    20] loss: 0.6831 acc: 81.2500
[51,    21] loss: 0.5132 acc: 82.1429
[51,    22] loss: 0.8297 acc: 81.8182
[51,    23] loss: 0.8558 acc: 81.5217
[51,    24] loss: 1.1959 acc: 81.2500
[51,    25] loss: 0.9211 acc: 81.0000
[51,    26] loss: 1.1595 acc: 80.7692
[51,    27] loss: 0.4455 acc: 81.4815
[51,    28] loss: 0.6609 acc: 81.2500
[51,    29] loss: 0.6274 acc: 81.0345
[51,    30] loss: 0.7154 acc: 80.8333
[51,    31] loss: 0.5950 acc: 81.4516
[51,    32] loss: 0.4665 acc: 82.0312
[52,     1] loss: 0.9020 acc: 75.0000
[52,     2] loss: 0.6868 acc: 87.5000
[52,     3] loss: 0.3259 acc: 91.6667
[52,     4] loss: 0.7324 acc: 93.7500
[52,     5] loss: 0.7545 acc: 90.0000
[52,     6] loss: 0.9467 acc: 87.5000
[52,     7] loss: 0.7816 acc: 89.2857
[52,     8] loss: 0.6616 acc: 87.5000
[52,     9] loss: 0.5739 acc: 88.8889
[52,    10] loss: 0.2947 acc: 90.0000
[52,    11] loss: 1.2444 acc: 88.6364
[52,    12] loss: 0.6708 acc: 87.5000
[52,    13] loss: 0.7764 acc: 88.4615
[52,    14] loss: 0.5445 acc: 89.2857
[52,    15] loss: 0.8549 acc: 88.3333
[52,    16] loss: 0.4954 acc: 87.5000
[52,    17] loss: 0.7473 acc: 86.7647
[52,    18] loss: 0.7893 acc: 86.1111
[52,    19] loss: 0.5065 acc: 86.8421
[52,    20] loss: 0.5818 acc: 87.5000
[52,    21] loss: 0.8464 acc: 85.7143
[52,    22] loss: 0.6382 acc: 86.3636
[52,    23] loss: 0.7741 acc: 86.9565
[52,    24] loss: 1.0978 acc: 85.4167
[52,    25] loss: 1.0423 acc: 84.0000
[52,    26] loss: 0.6583 acc: 83.6538
[52,    27] loss: 1.6610 acc: 83.3333
[52,    28] loss: 0.7179 acc: 83.9286
[52,    29] loss: 0.9359 acc: 83.6207
[52,    30] loss: 0.6558 acc: 83.3333
[52,    31] loss: 1.7897 acc: 82.2581
[52,    32] loss: 1.2183 acc: 81.2500
[53,     1] loss: 0.6505 acc: 75.0000
[53,     2] loss: 0.6172 acc: 87.5000
[53,     3] loss: 0.3581 acc: 91.6667
[53,     4] loss: 1.2974 acc: 75.0000
[53,     5] loss: 0.8472 acc: 75.0000
[53,     6] loss: 0.7772 acc: 79.1667
[53,     7] loss: 0.7919 acc: 78.5714
[53,     8] loss: 0.6673 acc: 78.1250
[53,     9] loss: 0.9204 acc: 77.7778
[53,    10] loss: 0.5320 acc: 80.0000
[53,    11] loss: 0.4691 acc: 81.8182
[53,    12] loss: 1.0062 acc: 81.2500
[53,    13] loss: 0.6266 acc: 80.7692
[53,    14] loss: 0.4028 acc: 82.1429
[53,    15] loss: 0.8322 acc: 81.6667
[53,    16] loss: 0.2693 acc: 82.8125
[53,    17] loss: 1.3658 acc: 80.8824
[53,    18] loss: 1.2922 acc: 79.1667
[53,    19] loss: 0.6267 acc: 80.2632
[53,    20] loss: 0.5282 acc: 80.0000
[53,    21] loss: 0.3213 acc: 80.9524
[53,    22] loss: 0.5441 acc: 81.8182
[53,    23] loss: 0.8950 acc: 81.5217
[53,    24] loss: 1.0671 acc: 81.2500
[53,    25] loss: 0.6156 acc: 82.0000
[53,    26] loss: 0.5028 acc: 81.7308
[53,    27] loss: 0.7231 acc: 82.4074
[53,    28] loss: 0.5791 acc: 83.0357
[53,    29] loss: 1.2774 acc: 81.8966
[53,    30] loss: 0.5848 acc: 82.5000
[53,    31] loss: 1.0345 acc: 82.2581
[53,    32] loss: 0.8079 acc: 82.0312
[54,     1] loss: 0.5139 acc: 100.0000
[54,     2] loss: 0.9504 acc: 100.0000
[54,     3] loss: 0.6529 acc: 100.0000
[54,     4] loss: 0.9495 acc: 93.7500
[54,     5] loss: 1.0759 acc: 90.0000
[54,     6] loss: 0.5765 acc: 87.5000
[54,     7] loss: 0.6250 acc: 89.2857
[54,     8] loss: 0.5627 acc: 90.6250
[54,     9] loss: 0.3149 acc: 91.6667
[54,    10] loss: 1.0478 acc: 87.5000
[54,    11] loss: 0.3401 acc: 88.6364
[54,    12] loss: 0.7208 acc: 87.5000
[54,    13] loss: 0.6885 acc: 88.4615
[54,    14] loss: 0.6700 acc: 89.2857
[54,    15] loss: 0.8351 acc: 88.3333
[54,    16] loss: 0.7416 acc: 89.0625
[54,    17] loss: 0.4150 acc: 89.7059
[54,    18] loss: 0.3740 acc: 90.2778
[54,    19] loss: 0.7543 acc: 90.7895
[54,    20] loss: 0.5329 acc: 90.0000
[54,    21] loss: 0.8530 acc: 90.4762
[54,    22] loss: 0.3263 acc: 90.9091
[54,    23] loss: 0.4711 acc: 91.3043
[54,    24] loss: 1.4562 acc: 89.5833
[54,    25] loss: 0.4556 acc: 90.0000
[54,    26] loss: 0.6386 acc: 89.4231
[54,    27] loss: 1.2154 acc: 88.8889
[54,    28] loss: 0.6314 acc: 88.3929
[54,    29] loss: 0.7418 acc: 87.9310
[54,    30] loss: 0.2931 acc: 88.3333
[54,    31] loss: 0.7773 acc: 87.9032
[54,    32] loss: 0.8295 acc: 87.5000
[55,     1] loss: 0.3011 acc: 100.0000
[55,     2] loss: 0.4620 acc: 100.0000
[55,     3] loss: 1.5368 acc: 83.3333
[55,     4] loss: 0.7152 acc: 87.5000
[55,     5] loss: 0.4309 acc: 90.0000
[55,     6] loss: 0.7538 acc: 87.5000
[55,     7] loss: 0.4836 acc: 85.7143
[55,     8] loss: 0.5261 acc: 87.5000
[55,     9] loss: 1.3895 acc: 83.3333
[55,    10] loss: 1.2300 acc: 82.5000
[55,    11] loss: 0.3405 acc: 84.0909
[55,    12] loss: 0.3498 acc: 85.4167
[55,    13] loss: 0.6186 acc: 86.5385
[55,    14] loss: 0.4720 acc: 87.5000
[55,    15] loss: 0.4966 acc: 88.3333
[55,    16] loss: 0.7245 acc: 87.5000
[55,    17] loss: 1.2131 acc: 85.2941
[55,    18] loss: 1.0758 acc: 83.3333
[55,    19] loss: 0.4002 acc: 84.2105
[55,    20] loss: 0.7065 acc: 83.7500
[55,    21] loss: 0.8088 acc: 83.3333
[55,    22] loss: 0.4340 acc: 84.0909
[55,    23] loss: 0.7365 acc: 83.6957
[55,    24] loss: 0.6867 acc: 83.3333
[55,    25] loss: 0.9276 acc: 83.0000
[55,    26] loss: 1.0600 acc: 81.7308
[55,    27] loss: 1.1460 acc: 81.4815
[55,    28] loss: 0.9994 acc: 81.2500
[55,    29] loss: 1.0204 acc: 81.0345
[55,    30] loss: 0.3552 acc: 81.6667
[55,    31] loss: 1.0229 acc: 81.4516
[55,    32] loss: 0.6475 acc: 82.0312
[56,     1] loss: 0.6058 acc: 100.0000
[56,     2] loss: 0.5009 acc: 100.0000
[56,     3] loss: 1.1840 acc: 83.3333
[56,     4] loss: 0.9087 acc: 81.2500
[56,     5] loss: 0.7794 acc: 80.0000
[56,     6] loss: 0.3995 acc: 83.3333
[56,     7] loss: 1.4917 acc: 82.1429
[56,     8] loss: 0.4827 acc: 84.3750
[56,     9] loss: 0.8020 acc: 83.3333
[56,    10] loss: 0.8565 acc: 82.5000
[56,    11] loss: 0.4505 acc: 84.0909
[56,    12] loss: 0.5110 acc: 83.3333
[56,    13] loss: 0.5685 acc: 84.6154
[56,    14] loss: 0.9859 acc: 82.1429
[56,    15] loss: 1.4686 acc: 80.0000
[56,    16] loss: 1.8598 acc: 78.1250
[56,    17] loss: 1.1509 acc: 76.4706
[56,    18] loss: 0.7494 acc: 77.7778
[56,    19] loss: 0.4101 acc: 78.9474
[56,    20] loss: 0.6582 acc: 80.0000
[56,    21] loss: 0.4969 acc: 80.9524
[56,    22] loss: 0.7515 acc: 81.8182
[56,    23] loss: 1.0456 acc: 81.5217
[56,    24] loss: 1.2309 acc: 81.2500
[56,    25] loss: 0.7319 acc: 81.0000
[56,    26] loss: 0.2969 acc: 81.7308
[56,    27] loss: 0.8833 acc: 81.4815
[56,    28] loss: 0.5543 acc: 81.2500
[56,    29] loss: 0.3149 acc: 81.8966
[56,    30] loss: 0.5442 acc: 82.5000
[56,    31] loss: 1.0269 acc: 82.2581
[56,    32] loss: 0.8728 acc: 82.0312
[57,     1] loss: 0.7635 acc: 75.0000
[57,     2] loss: 0.5926 acc: 75.0000
[57,     3] loss: 1.0064 acc: 75.0000
[57,     4] loss: 0.7775 acc: 75.0000
[57,     5] loss: 0.9529 acc: 75.0000
[57,     6] loss: 0.6230 acc: 79.1667
[57,     7] loss: 0.5053 acc: 82.1429
[57,     8] loss: 0.3821 acc: 84.3750
[57,     9] loss: 0.9946 acc: 83.3333
[57,    10] loss: 0.4656 acc: 85.0000
[57,    11] loss: 0.6017 acc: 84.0909
[57,    12] loss: 0.8747 acc: 83.3333
[57,    13] loss: 1.0523 acc: 82.6923
[57,    14] loss: 0.5799 acc: 82.1429
[57,    15] loss: 0.8624 acc: 81.6667
[57,    16] loss: 1.7218 acc: 79.6875
[57,    17] loss: 0.7325 acc: 79.4118
[57,    18] loss: 0.6711 acc: 79.1667
[57,    19] loss: 0.5559 acc: 80.2632
[57,    20] loss: 0.7317 acc: 80.0000
[57,    21] loss: 0.5298 acc: 80.9524
[57,    22] loss: 0.8425 acc: 80.6818
[57,    23] loss: 0.5311 acc: 81.5217
[57,    24] loss: 0.7297 acc: 81.2500
[57,    25] loss: 0.3967 acc: 82.0000
[57,    26] loss: 0.7029 acc: 81.7308
[57,    27] loss: 1.5436 acc: 80.5556
[57,    28] loss: 1.0745 acc: 79.4643
[57,    29] loss: 0.4758 acc: 80.1724
[57,    30] loss: 1.1273 acc: 80.0000
[57,    31] loss: 1.1130 acc: 79.8387
[57,    32] loss: 0.3117 acc: 80.4688
[58,     1] loss: 0.8579 acc: 75.0000
[58,     2] loss: 1.1550 acc: 75.0000
[58,     3] loss: 0.8872 acc: 75.0000
[58,     4] loss: 0.3466 acc: 81.2500
[58,     5] loss: 0.3868 acc: 85.0000
[58,     6] loss: 1.0839 acc: 83.3333
[58,     7] loss: 0.4201 acc: 85.7143
[58,     8] loss: 0.9754 acc: 84.3750
[58,     9] loss: 0.6351 acc: 83.3333
[58,    10] loss: 0.6744 acc: 82.5000
[58,    11] loss: 0.7160 acc: 81.8182
[58,    12] loss: 0.9004 acc: 79.1667
[58,    13] loss: 0.7153 acc: 78.8462
[58,    14] loss: 1.1309 acc: 78.5714
[58,    15] loss: 0.8948 acc: 78.3333
[58,    16] loss: 1.7179 acc: 76.5625
[58,    17] loss: 0.3785 acc: 77.9412
[58,    18] loss: 0.9080 acc: 77.7778
[58,    19] loss: 0.4342 acc: 78.9474
[58,    20] loss: 0.3593 acc: 80.0000
[58,    21] loss: 0.7086 acc: 80.9524
[58,    22] loss: 0.4102 acc: 81.8182
[58,    23] loss: 0.7182 acc: 81.5217
[58,    24] loss: 1.2093 acc: 80.2083
[58,    25] loss: 0.2872 acc: 81.0000
[58,    26] loss: 0.6926 acc: 80.7692
[58,    27] loss: 0.8043 acc: 80.5556
[58,    28] loss: 1.3011 acc: 79.4643
[58,    29] loss: 1.0084 acc: 79.3103
[58,    30] loss: 0.3651 acc: 80.0000
[58,    31] loss: 1.0203 acc: 79.0323
[58,    32] loss: 1.1574 acc: 78.1250
[59,     1] loss: 1.0459 acc: 75.0000
[59,     2] loss: 1.6374 acc: 75.0000
[59,     3] loss: 1.4271 acc: 66.6667
[59,     4] loss: 0.7294 acc: 68.7500
[59,     5] loss: 1.3454 acc: 60.0000
[59,     6] loss: 0.7948 acc: 62.5000
[59,     7] loss: 1.0414 acc: 60.7143
[59,     8] loss: 0.6404 acc: 62.5000
[59,     9] loss: 0.7480 acc: 66.6667
[59,    10] loss: 1.3802 acc: 65.0000
[59,    11] loss: 0.7871 acc: 65.9091
[59,    12] loss: 0.7655 acc: 66.6667
[59,    13] loss: 0.7232 acc: 67.3077
[59,    14] loss: 0.1817 acc: 69.6429
[59,    15] loss: 0.4055 acc: 71.6667
[59,    16] loss: 0.6074 acc: 73.4375
[59,    17] loss: 0.9783 acc: 73.5294
[59,    18] loss: 0.4182 acc: 75.0000
[59,    19] loss: 0.4679 acc: 76.3158
[59,    20] loss: 1.0048 acc: 76.2500
[59,    21] loss: 0.9306 acc: 76.1905
[59,    22] loss: 0.3838 acc: 77.2727
[59,    23] loss: 1.1967 acc: 77.1739
[59,    24] loss: 0.4757 acc: 78.1250
[59,    25] loss: 0.3687 acc: 79.0000
[59,    26] loss: 0.6424 acc: 79.8077
[59,    27] loss: 0.3189 acc: 80.5556
[59,    28] loss: 0.9193 acc: 80.3571
[59,    29] loss: 1.3972 acc: 80.1724
[59,    30] loss: 0.4543 acc: 80.8333
[59,    31] loss: 0.4456 acc: 80.6452
[59,    32] loss: 0.8549 acc: 80.4688
[60,     1] loss: 0.9940 acc: 75.0000
[60,     2] loss: 0.4592 acc: 87.5000
[60,     3] loss: 0.5015 acc: 91.6667
[60,     4] loss: 0.7685 acc: 87.5000
[60,     5] loss: 0.7931 acc: 85.0000
[60,     6] loss: 0.5550 acc: 83.3333
[60,     7] loss: 0.1855 acc: 85.7143
[60,     8] loss: 0.5106 acc: 87.5000
[60,     9] loss: 0.5875 acc: 86.1111
[60,    10] loss: 0.8930 acc: 85.0000
[60,    11] loss: 0.2180 acc: 86.3636
[60,    12] loss: 0.5159 acc: 87.5000
[60,    13] loss: 0.4028 acc: 88.4615
[60,    14] loss: 0.5811 acc: 87.5000
[60,    15] loss: 0.8484 acc: 86.6667
[60,    16] loss: 0.8007 acc: 85.9375
[60,    17] loss: 0.2231 acc: 86.7647
[60,    18] loss: 0.8883 acc: 86.1111
[60,    19] loss: 0.6100 acc: 86.8421
[60,    20] loss: 1.2100 acc: 85.0000
[60,    21] loss: 0.5113 acc: 85.7143
[60,    22] loss: 1.1709 acc: 84.0909
[60,    23] loss: 0.7163 acc: 83.6957
[60,    24] loss: 0.7845 acc: 83.3333
[60,    25] loss: 0.1928 acc: 84.0000
[60,    26] loss: 0.4762 acc: 84.6154
[60,    27] loss: 1.3558 acc: 83.3333
[60,    28] loss: 1.2413 acc: 83.0357
[60,    29] loss: 0.3370 acc: 83.6207
[60,    30] loss: 1.0283 acc: 82.5000
[60,    31] loss: 0.8227 acc: 82.2581
[60,    32] loss: 0.2856 acc: 82.8125
[61,     1] loss: 0.6804 acc: 75.0000
[61,     2] loss: 0.2935 acc: 87.5000
[61,     3] loss: 0.4964 acc: 91.6667
[61,     4] loss: 0.6307 acc: 93.7500
[61,     5] loss: 0.7168 acc: 90.0000
[61,     6] loss: 0.8513 acc: 91.6667
[61,     7] loss: 0.5021 acc: 92.8571
[61,     8] loss: 0.6034 acc: 90.6250
[61,     9] loss: 0.3052 acc: 91.6667
[61,    10] loss: 0.7659 acc: 90.0000
[61,    11] loss: 0.3824 acc: 90.9091
[61,    12] loss: 0.7382 acc: 89.5833
[61,    13] loss: 1.1257 acc: 86.5385
[61,    14] loss: 0.4887 acc: 87.5000
[61,    15] loss: 0.4400 acc: 88.3333
[61,    16] loss: 0.4753 acc: 87.5000
[61,    17] loss: 0.3441 acc: 88.2353
[61,    18] loss: 0.4006 acc: 88.8889
[61,    19] loss: 0.4262 acc: 89.4737
[61,    20] loss: 0.5885 acc: 90.0000
[61,    21] loss: 0.7141 acc: 89.2857
[61,    22] loss: 1.4766 acc: 87.5000
[61,    23] loss: 0.4787 acc: 88.0435
[61,    24] loss: 1.0430 acc: 87.5000
[61,    25] loss: 0.3352 acc: 88.0000
[61,    26] loss: 0.6467 acc: 88.4615
[61,    27] loss: 0.7154 acc: 87.9630
[61,    28] loss: 0.6011 acc: 88.3929
[61,    29] loss: 0.7373 acc: 87.9310
[61,    30] loss: 0.2098 acc: 88.3333
[61,    31] loss: 0.3937 acc: 88.7097
[61,    32] loss: 0.3419 acc: 89.0625
[62,     1] loss: 0.4431 acc: 100.0000
[62,     2] loss: 0.4131 acc: 100.0000
[62,     3] loss: 0.8570 acc: 91.6667
[62,     4] loss: 0.4952 acc: 93.7500
[62,     5] loss: 0.6723 acc: 90.0000
[62,     6] loss: 1.1025 acc: 87.5000
[62,     7] loss: 0.2333 acc: 89.2857
[62,     8] loss: 0.8045 acc: 84.3750
[62,     9] loss: 0.3240 acc: 86.1111
[62,    10] loss: 0.4958 acc: 87.5000
[62,    11] loss: 0.7764 acc: 86.3636
[62,    12] loss: 0.9015 acc: 83.3333
[62,    13] loss: 1.1219 acc: 82.6923
[62,    14] loss: 1.3458 acc: 82.1429
[62,    15] loss: 2.6604 acc: 78.3333
[62,    16] loss: 0.3628 acc: 79.6875
[62,    17] loss: 0.8857 acc: 77.9412
[62,    18] loss: 0.6829 acc: 77.7778
[62,    19] loss: 0.2110 acc: 78.9474
[62,    20] loss: 0.9243 acc: 78.7500
[62,    21] loss: 0.5665 acc: 79.7619
[62,    22] loss: 0.5835 acc: 80.6818
[62,    23] loss: 0.3241 acc: 81.5217
[62,    24] loss: 1.1028 acc: 81.2500
[62,    25] loss: 0.6651 acc: 82.0000
[62,    26] loss: 1.1756 acc: 81.7308
[62,    27] loss: 0.9631 acc: 81.4815
[62,    28] loss: 0.9559 acc: 81.2500
[62,    29] loss: 1.0897 acc: 80.1724
[62,    30] loss: 0.5686 acc: 80.8333
[62,    31] loss: 0.3420 acc: 81.4516
[62,    32] loss: 0.8237 acc: 81.2500
[63,     1] loss: 0.7572 acc: 75.0000
[63,     2] loss: 0.6280 acc: 87.5000
[63,     3] loss: 0.6202 acc: 91.6667
[63,     4] loss: 0.7535 acc: 87.5000
[63,     5] loss: 0.7320 acc: 85.0000
[63,     6] loss: 0.4121 acc: 87.5000
[63,     7] loss: 1.0374 acc: 82.1429
[63,     8] loss: 0.4315 acc: 84.3750
[63,     9] loss: 1.4553 acc: 80.5556
[63,    10] loss: 0.5210 acc: 80.0000
[63,    11] loss: 0.5623 acc: 81.8182
[63,    12] loss: 1.0661 acc: 81.2500
[63,    13] loss: 0.8932 acc: 80.7692
[63,    14] loss: 0.6449 acc: 80.3571
[63,    15] loss: 0.8368 acc: 78.3333
[63,    16] loss: 1.0223 acc: 76.5625
[63,    17] loss: 0.4148 acc: 77.9412
[63,    18] loss: 0.3534 acc: 79.1667
[63,    19] loss: 0.6225 acc: 80.2632
[63,    20] loss: 0.6528 acc: 80.0000
[63,    21] loss: 1.4887 acc: 78.5714
[63,    22] loss: 0.3726 acc: 79.5455
[63,    23] loss: 0.3747 acc: 80.4348
[63,    24] loss: 0.6433 acc: 81.2500
[63,    25] loss: 0.7918 acc: 81.0000
[63,    26] loss: 0.1991 acc: 81.7308
[63,    27] loss: 0.5586 acc: 82.4074
[63,    28] loss: 0.3344 acc: 83.0357
[63,    29] loss: 1.0915 acc: 82.7586
[63,    30] loss: 1.6213 acc: 80.8333
[63,    31] loss: 0.7045 acc: 81.4516
[63,    32] loss: 0.5323 acc: 82.0312
[64,     1] loss: 0.6269 acc: 100.0000
[64,     2] loss: 1.1989 acc: 75.0000
[64,     3] loss: 1.2854 acc: 66.6667
[64,     4] loss: 0.3515 acc: 75.0000
[64,     5] loss: 0.7689 acc: 75.0000
[64,     6] loss: 0.5036 acc: 75.0000
[64,     7] loss: 0.6998 acc: 75.0000
[64,     8] loss: 0.6594 acc: 78.1250
[64,     9] loss: 1.0355 acc: 77.7778
[64,    10] loss: 0.4848 acc: 77.5000
[64,    11] loss: 0.7758 acc: 77.2727
[64,    12] loss: 0.3394 acc: 79.1667
[64,    13] loss: 0.2625 acc: 80.7692
[64,    14] loss: 0.8370 acc: 80.3571
[64,    15] loss: 1.1441 acc: 80.0000
[64,    16] loss: 0.9960 acc: 79.6875
[64,    17] loss: 0.6074 acc: 80.8824
[64,    18] loss: 0.5467 acc: 81.9444
[64,    19] loss: 1.4439 acc: 81.5789
[64,    20] loss: 0.6183 acc: 82.5000
[64,    21] loss: 0.4163 acc: 83.3333
[64,    22] loss: 0.4313 acc: 84.0909
[64,    23] loss: 0.4538 acc: 83.6957
[64,    24] loss: 0.2793 acc: 84.3750
[64,    25] loss: 0.9680 acc: 83.0000
[64,    26] loss: 0.6535 acc: 82.6923
[64,    27] loss: 0.2582 acc: 83.3333
[64,    28] loss: 0.2816 acc: 83.9286
[64,    29] loss: 0.6143 acc: 83.6207
[64,    30] loss: 0.7651 acc: 83.3333
[64,    31] loss: 0.6889 acc: 83.0645
[64,    32] loss: 0.2567 acc: 83.5938
[65,     1] loss: 1.1995 acc: 50.0000
[65,     2] loss: 0.4126 acc: 75.0000
[65,     3] loss: 0.5254 acc: 83.3333
[65,     4] loss: 0.4755 acc: 87.5000
[65,     5] loss: 0.3941 acc: 90.0000
[65,     6] loss: 0.2485 acc: 91.6667
[65,     7] loss: 1.1255 acc: 89.2857
[65,     8] loss: 1.1035 acc: 90.6250
[65,     9] loss: 0.5519 acc: 88.8889
[65,    10] loss: 0.8989 acc: 87.5000
[65,    11] loss: 0.8068 acc: 84.0909
[65,    12] loss: 0.2753 acc: 85.4167
[65,    13] loss: 0.4331 acc: 86.5385
[65,    14] loss: 1.1373 acc: 85.7143
[65,    15] loss: 0.7948 acc: 83.3333
[65,    16] loss: 1.0346 acc: 82.8125
[65,    17] loss: 1.4514 acc: 79.4118
[65,    18] loss: 0.4998 acc: 80.5556
[65,    19] loss: 0.7743 acc: 80.2632
[65,    20] loss: 0.5811 acc: 81.2500
[65,    21] loss: 1.0989 acc: 80.9524
[65,    22] loss: 0.6952 acc: 81.8182
[65,    23] loss: 1.0077 acc: 80.4348
[65,    24] loss: 0.3628 acc: 81.2500
[65,    25] loss: 1.2504 acc: 80.0000
[65,    26] loss: 0.7356 acc: 79.8077
[65,    27] loss: 0.1994 acc: 80.5556
[65,    28] loss: 0.7350 acc: 80.3571
[65,    29] loss: 0.5618 acc: 81.0345
[65,    30] loss: 0.6097 acc: 81.6667
[65,    31] loss: 0.3198 acc: 82.2581
[65,    32] loss: 0.2825 acc: 82.8125
[66,     1] loss: 0.9061 acc: 75.0000
[66,     2] loss: 1.0873 acc: 75.0000
[66,     3] loss: 0.7151 acc: 83.3333
[66,     4] loss: 0.3104 acc: 87.5000
[66,     5] loss: 1.5313 acc: 80.0000
[66,     6] loss: 0.7757 acc: 79.1667
[66,     7] loss: 0.3577 acc: 82.1429
[66,     8] loss: 0.2199 acc: 84.3750
[66,     9] loss: 0.6306 acc: 83.3333
[66,    10] loss: 0.6422 acc: 85.0000
[66,    11] loss: 0.6944 acc: 84.0909
[66,    12] loss: 0.4198 acc: 85.4167
[66,    13] loss: 0.7274 acc: 86.5385
[66,    14] loss: 0.3275 acc: 87.5000
[66,    15] loss: 1.1541 acc: 85.0000
[66,    16] loss: 0.7769 acc: 84.3750
[66,    17] loss: 0.5847 acc: 85.2941
[66,    18] loss: 0.7476 acc: 84.7222
[66,    19] loss: 0.4212 acc: 85.5263
[66,    20] loss: 1.7944 acc: 85.0000
[66,    21] loss: 0.4940 acc: 85.7143
[66,    22] loss: 0.7079 acc: 85.2273
[66,    23] loss: 0.5725 acc: 85.8696
[66,    24] loss: 0.5956 acc: 85.4167
[66,    25] loss: 0.8181 acc: 85.0000
[66,    26] loss: 0.6738 acc: 84.6154
[66,    27] loss: 0.8771 acc: 84.2593
[66,    28] loss: 0.7826 acc: 83.0357
[66,    29] loss: 1.0161 acc: 82.7586
[66,    30] loss: 0.7533 acc: 83.3333
[66,    31] loss: 0.7244 acc: 83.0645
[66,    32] loss: 0.3418 acc: 83.5938
[67,     1] loss: 0.5279 acc: 100.0000
[67,     2] loss: 0.3900 acc: 100.0000
[67,     3] loss: 0.2052 acc: 100.0000
[67,     4] loss: 0.2496 acc: 100.0000
[67,     5] loss: 0.3335 acc: 100.0000
[67,     6] loss: 0.9632 acc: 95.8333
[67,     7] loss: 0.6156 acc: 96.4286
[67,     8] loss: 0.4826 acc: 93.7500
[67,     9] loss: 0.5853 acc: 94.4444
[67,    10] loss: 0.4834 acc: 95.0000
[67,    11] loss: 0.5462 acc: 95.4545
[67,    12] loss: 0.8263 acc: 93.7500
[67,    13] loss: 0.6554 acc: 92.3077
[67,    14] loss: 1.0114 acc: 89.2857
[67,    15] loss: 1.1636 acc: 86.6667
[67,    16] loss: 0.5751 acc: 85.9375
[67,    17] loss: 0.5126 acc: 86.7647
[67,    18] loss: 0.3029 acc: 87.5000
[67,    19] loss: 0.6098 acc: 88.1579
[67,    20] loss: 0.2375 acc: 88.7500
[67,    21] loss: 0.5427 acc: 89.2857
[67,    22] loss: 0.3479 acc: 89.7727
[67,    23] loss: 0.4806 acc: 90.2174
[67,    24] loss: 0.3072 acc: 90.6250
[67,    25] loss: 0.8698 acc: 90.0000
[67,    26] loss: 0.9931 acc: 89.4231
[67,    27] loss: 0.8378 acc: 88.8889
[67,    28] loss: 0.6937 acc: 88.3929
[67,    29] loss: 1.6043 acc: 87.0690
[67,    30] loss: 0.3220 acc: 87.5000
[67,    31] loss: 0.3842 acc: 87.9032
[67,    32] loss: 1.1579 acc: 87.5000
[68,     1] loss: 0.4534 acc: 100.0000
[68,     2] loss: 0.9768 acc: 87.5000
[68,     3] loss: 1.0363 acc: 83.3333
[68,     4] loss: 0.3859 acc: 87.5000
[68,     5] loss: 0.7482 acc: 90.0000
[68,     6] loss: 0.5790 acc: 87.5000
[68,     7] loss: 0.4150 acc: 89.2857
[68,     8] loss: 0.8934 acc: 87.5000
[68,     9] loss: 0.6085 acc: 86.1111
[68,    10] loss: 2.4201 acc: 77.5000
[68,    11] loss: 0.4954 acc: 77.2727
[68,    12] loss: 0.7387 acc: 77.0833
[68,    13] loss: 0.6271 acc: 78.8462
[68,    14] loss: 0.2456 acc: 80.3571
[68,    15] loss: 0.7615 acc: 80.0000
[68,    16] loss: 0.3023 acc: 81.2500
[68,    17] loss: 0.5096 acc: 82.3529
[68,    18] loss: 0.4997 acc: 83.3333
[68,    19] loss: 0.7572 acc: 84.2105
[68,    20] loss: 0.6565 acc: 85.0000
[68,    21] loss: 0.8910 acc: 83.3333
[68,    22] loss: 0.4334 acc: 84.0909
[68,    23] loss: 1.4980 acc: 83.6957
[68,    24] loss: 0.4536 acc: 83.3333
[68,    25] loss: 0.5872 acc: 83.0000
[68,    26] loss: 0.4756 acc: 83.6538
[68,    27] loss: 0.9314 acc: 83.3333
[68,    28] loss: 0.9331 acc: 82.1429
[68,    29] loss: 0.4131 acc: 82.7586
[68,    30] loss: 0.4241 acc: 83.3333
[68,    31] loss: 0.4651 acc: 83.8710
[68,    32] loss: 0.3168 acc: 84.3750
[69,     1] loss: 0.3289 acc: 100.0000
[69,     2] loss: 1.1744 acc: 75.0000
[69,     3] loss: 0.4434 acc: 75.0000
[69,     4] loss: 0.3573 acc: 81.2500
[69,     5] loss: 1.2412 acc: 80.0000
[69,     6] loss: 0.7044 acc: 79.1667
[69,     7] loss: 1.4313 acc: 75.0000
[69,     8] loss: 0.4041 acc: 78.1250
[69,     9] loss: 0.6382 acc: 77.7778
[69,    10] loss: 1.0460 acc: 75.0000
[69,    11] loss: 1.8204 acc: 72.7273
[69,    12] loss: 0.9578 acc: 72.9167
[69,    13] loss: 0.4239 acc: 75.0000
[69,    14] loss: 0.2858 acc: 76.7857
[69,    15] loss: 0.4675 acc: 78.3333
[69,    16] loss: 1.2100 acc: 78.1250
[69,    17] loss: 0.6317 acc: 77.9412
[69,    18] loss: 0.3046 acc: 79.1667
[69,    19] loss: 0.5009 acc: 80.2632
[69,    20] loss: 1.6017 acc: 78.7500
[69,    21] loss: 0.5285 acc: 78.5714
[69,    22] loss: 0.8086 acc: 78.4091
[69,    23] loss: 0.4212 acc: 79.3478
[69,    24] loss: 0.8629 acc: 79.1667
[69,    25] loss: 0.3169 acc: 80.0000
[69,    26] loss: 0.2492 acc: 80.7692
[69,    27] loss: 0.3829 acc: 81.4815
[69,    28] loss: 1.2385 acc: 81.2500
[69,    29] loss: 0.9972 acc: 81.0345
[69,    30] loss: 1.1931 acc: 80.0000
[69,    31] loss: 1.0498 acc: 79.8387
[69,    32] loss: 0.5855 acc: 79.6875
[70,     1] loss: 0.6507 acc: 100.0000
[70,     2] loss: 0.2699 acc: 100.0000
[70,     3] loss: 0.3105 acc: 100.0000
[70,     4] loss: 0.6450 acc: 100.0000
[70,     5] loss: 0.5704 acc: 100.0000
[70,     6] loss: 0.4551 acc: 100.0000
[70,     7] loss: 0.5304 acc: 96.4286
[70,     8] loss: 0.8042 acc: 93.7500
[70,     9] loss: 0.6202 acc: 94.4444
[70,    10] loss: 0.6304 acc: 95.0000
[70,    11] loss: 0.3538 acc: 95.4545
[70,    12] loss: 1.4591 acc: 91.6667
[70,    13] loss: 1.5645 acc: 88.4615
[70,    14] loss: 0.2113 acc: 89.2857
[70,    15] loss: 1.2468 acc: 88.3333
[70,    16] loss: 0.5520 acc: 87.5000
[70,    17] loss: 0.2119 acc: 88.2353
[70,    18] loss: 0.8541 acc: 88.8889
[70,    19] loss: 0.7130 acc: 88.1579
[70,    20] loss: 1.1199 acc: 86.2500
[70,    21] loss: 0.5233 acc: 85.7143
[70,    22] loss: 0.5128 acc: 86.3636
[70,    23] loss: 0.2003 acc: 86.9565
[70,    24] loss: 0.8063 acc: 86.4583
[70,    25] loss: 0.3631 acc: 87.0000
[70,    26] loss: 0.8108 acc: 86.5385
[70,    27] loss: 0.5225 acc: 86.1111
[70,    28] loss: 1.2629 acc: 85.7143
[70,    29] loss: 0.8093 acc: 85.3448
[70,    30] loss: 0.4634 acc: 85.8333
[70,    31] loss: 1.1704 acc: 84.6774
[70,    32] loss: 0.2540 acc: 85.1562
[71,     1] loss: 1.1879 acc: 75.0000
[71,     2] loss: 1.2008 acc: 62.5000
[71,     3] loss: 0.4336 acc: 75.0000
[71,     4] loss: 0.6094 acc: 75.0000
[71,     5] loss: 0.4726 acc: 80.0000
[71,     6] loss: 1.1469 acc: 79.1667
[71,     7] loss: 1.1389 acc: 78.5714
[71,     8] loss: 0.4032 acc: 81.2500
[71,     9] loss: 0.6201 acc: 83.3333
[71,    10] loss: 0.5622 acc: 82.5000
[71,    11] loss: 0.5552 acc: 81.8182
[71,    12] loss: 0.5118 acc: 83.3333
[71,    13] loss: 1.0138 acc: 82.6923
[71,    14] loss: 0.4574 acc: 83.9286
[71,    15] loss: 1.1820 acc: 83.3333
[71,    16] loss: 1.1969 acc: 81.2500
[71,    17] loss: 1.7137 acc: 79.4118
[71,    18] loss: 0.6911 acc: 79.1667
[71,    19] loss: 0.2473 acc: 80.2632
[71,    20] loss: 0.2277 acc: 81.2500
[71,    21] loss: 0.4807 acc: 82.1429
[71,    22] loss: 0.7585 acc: 81.8182
[71,    23] loss: 1.7745 acc: 80.4348
[71,    24] loss: 0.6584 acc: 80.2083
[71,    25] loss: 0.3499 acc: 81.0000
[71,    26] loss: 1.1873 acc: 78.8462
[71,    27] loss: 1.4498 acc: 76.8519
[71,    28] loss: 1.3448 acc: 75.8929
[71,    29] loss: 0.7095 acc: 75.8621
[71,    30] loss: 0.3718 acc: 76.6667
[71,    31] loss: 0.5160 acc: 77.4194
[71,    32] loss: 0.8640 acc: 77.3438
[72,     1] loss: 0.5040 acc: 100.0000
[72,     2] loss: 0.7038 acc: 100.0000
[72,     3] loss: 0.1718 acc: 100.0000
[72,     4] loss: 1.0210 acc: 93.7500
[72,     5] loss: 0.4309 acc: 95.0000
[72,     6] loss: 1.8949 acc: 87.5000
[72,     7] loss: 0.4699 acc: 89.2857
[72,     8] loss: 0.2544 acc: 90.6250
[72,     9] loss: 0.4778 acc: 91.6667
[72,    10] loss: 0.6276 acc: 92.5000
[72,    11] loss: 0.3165 acc: 93.1818
[72,    12] loss: 0.6340 acc: 91.6667
[72,    13] loss: 1.8445 acc: 88.4615
[72,    14] loss: 0.8546 acc: 87.5000
[72,    15] loss: 0.6756 acc: 86.6667
[72,    16] loss: 2.1579 acc: 84.3750
[72,    17] loss: 0.2153 acc: 85.2941
[72,    18] loss: 0.8117 acc: 84.7222
[72,    19] loss: 0.3139 acc: 85.5263
[72,    20] loss: 0.4935 acc: 86.2500
[72,    21] loss: 0.4035 acc: 86.9048
[72,    22] loss: 1.3087 acc: 86.3636
[72,    23] loss: 0.2822 acc: 86.9565
[72,    24] loss: 1.6429 acc: 84.3750
[72,    25] loss: 0.6974 acc: 84.0000
[72,    26] loss: 0.6687 acc: 84.6154
[72,    27] loss: 0.7962 acc: 84.2593
[72,    28] loss: 0.6630 acc: 83.9286
[72,    29] loss: 0.5841 acc: 84.4828
[72,    30] loss: 0.5085 acc: 85.0000
[72,    31] loss: 1.1368 acc: 83.8710
[72,    32] loss: 0.3359 acc: 84.3750
[73,     1] loss: 0.3284 acc: 100.0000
[73,     2] loss: 0.8848 acc: 87.5000
[73,     3] loss: 0.5457 acc: 91.6667
[73,     4] loss: 0.4739 acc: 87.5000
[73,     5] loss: 0.4048 acc: 90.0000
[73,     6] loss: 0.8845 acc: 87.5000
[73,     7] loss: 1.5265 acc: 82.1429
[73,     8] loss: 0.7578 acc: 84.3750
[73,     9] loss: 1.0563 acc: 80.5556
[73,    10] loss: 1.5120 acc: 77.5000
[73,    11] loss: 0.3120 acc: 79.5455
[73,    12] loss: 0.7636 acc: 79.1667
[73,    13] loss: 0.9988 acc: 78.8462
[73,    14] loss: 0.8505 acc: 78.5714
[73,    15] loss: 0.3529 acc: 80.0000
[73,    16] loss: 0.6201 acc: 81.2500
[73,    17] loss: 0.4806 acc: 82.3529
[73,    18] loss: 1.6759 acc: 79.1667
[73,    19] loss: 0.4766 acc: 80.2632
[73,    20] loss: 0.5569 acc: 81.2500
[73,    21] loss: 0.7322 acc: 82.1429
[73,    22] loss: 1.1036 acc: 81.8182
[73,    23] loss: 1.0735 acc: 80.4348
[73,    24] loss: 0.4797 acc: 81.2500
[73,    25] loss: 0.3130 acc: 82.0000
[73,    26] loss: 0.1598 acc: 82.6923
[73,    27] loss: 0.2373 acc: 83.3333
[73,    28] loss: 0.4358 acc: 83.9286
[73,    29] loss: 0.4860 acc: 84.4828
[73,    30] loss: 0.2064 acc: 85.0000
[73,    31] loss: 1.5432 acc: 83.0645
[73,    32] loss: 0.5685 acc: 83.5938
[74,     1] loss: 1.4552 acc: 75.0000
[74,     2] loss: 0.5471 acc: 87.5000
[74,     3] loss: 0.9387 acc: 83.3333
[74,     4] loss: 0.4392 acc: 87.5000
[74,     5] loss: 0.6258 acc: 85.0000
[74,     6] loss: 0.9407 acc: 83.3333
[74,     7] loss: 0.8426 acc: 82.1429
[74,     8] loss: 0.4288 acc: 84.3750
[74,     9] loss: 1.2169 acc: 77.7778
[74,    10] loss: 0.3985 acc: 80.0000
[74,    11] loss: 1.5526 acc: 79.5455
[74,    12] loss: 2.1090 acc: 75.0000
[74,    13] loss: 0.3671 acc: 76.9231
[74,    14] loss: 0.3217 acc: 78.5714
[74,    15] loss: 1.1736 acc: 78.3333
[74,    16] loss: 0.7558 acc: 78.1250
[74,    17] loss: 0.3994 acc: 79.4118
[74,    18] loss: 0.6052 acc: 80.5556
[74,    19] loss: 0.4534 acc: 81.5789
[74,    20] loss: 0.2572 acc: 82.5000
[74,    21] loss: 0.9430 acc: 80.9524
[74,    22] loss: 0.4636 acc: 80.6818
[74,    23] loss: 0.3527 acc: 81.5217
[74,    24] loss: 0.4583 acc: 81.2500
[74,    25] loss: 0.4270 acc: 82.0000
[74,    26] loss: 1.4280 acc: 80.7692
[74,    27] loss: 1.0331 acc: 80.5556
[74,    28] loss: 0.6645 acc: 81.2500
[74,    29] loss: 0.4719 acc: 81.8966
[74,    30] loss: 0.8737 acc: 81.6667
[74,    31] loss: 0.6037 acc: 81.4516
[74,    32] loss: 0.2629 acc: 82.0312
[75,     1] loss: 0.8923 acc: 75.0000
[75,     2] loss: 0.5272 acc: 87.5000
[75,     3] loss: 0.5587 acc: 91.6667
[75,     4] loss: 0.4410 acc: 93.7500
[75,     5] loss: 0.4601 acc: 95.0000
[75,     6] loss: 0.4894 acc: 95.8333
[75,     7] loss: 1.0070 acc: 92.8571
[75,     8] loss: 0.6752 acc: 93.7500
[75,     9] loss: 0.3555 acc: 94.4444
[75,    10] loss: 0.3835 acc: 95.0000
[75,    11] loss: 0.3629 acc: 95.4545
[75,    12] loss: 0.5083 acc: 95.8333
[75,    13] loss: 0.7079 acc: 94.2308
[75,    14] loss: 0.8227 acc: 92.8571
[75,    15] loss: 0.6472 acc: 93.3333
[75,    16] loss: 0.4570 acc: 93.7500
[75,    17] loss: 0.2965 acc: 94.1176
[75,    18] loss: 0.8646 acc: 93.0556
[75,    19] loss: 0.4442 acc: 93.4211
[75,    20] loss: 0.4987 acc: 93.7500
[75,    21] loss: 1.4472 acc: 92.8571
[75,    22] loss: 0.8998 acc: 92.0455
[75,    23] loss: 0.3856 acc: 92.3913
[75,    24] loss: 0.4320 acc: 92.7083
[75,    25] loss: 1.3979 acc: 92.0000
[75,    26] loss: 0.8519 acc: 91.3462
[75,    27] loss: 0.5076 acc: 91.6667
[75,    28] loss: 0.4511 acc: 91.9643
[75,    29] loss: 1.1819 acc: 90.5172
[75,    30] loss: 0.4703 acc: 90.8333
[75,    31] loss: 0.9969 acc: 89.5161
[75,    32] loss: 0.8369 acc: 89.0625
[76,     1] loss: 0.2938 acc: 100.0000
[76,     2] loss: 0.6425 acc: 87.5000
[76,     3] loss: 0.8968 acc: 83.3333
[76,     4] loss: 0.7850 acc: 87.5000
[76,     5] loss: 0.6697 acc: 85.0000
[76,     6] loss: 0.7474 acc: 83.3333
[76,     7] loss: 0.3268 acc: 85.7143
[76,     8] loss: 0.2409 acc: 87.5000
[76,     9] loss: 0.5048 acc: 88.8889
[76,    10] loss: 0.4564 acc: 90.0000
[76,    11] loss: 0.2838 acc: 90.9091
[76,    12] loss: 1.2929 acc: 87.5000
[76,    13] loss: 1.1220 acc: 86.5385
[76,    14] loss: 0.9212 acc: 85.7143
[76,    15] loss: 0.2614 acc: 86.6667
[76,    16] loss: 0.5308 acc: 87.5000
[76,    17] loss: 0.8602 acc: 86.7647
[76,    18] loss: 1.3021 acc: 86.1111
[76,    19] loss: 0.9876 acc: 85.5263
[76,    20] loss: 0.9281 acc: 85.0000
[76,    21] loss: 0.2264 acc: 85.7143
[76,    22] loss: 0.3246 acc: 86.3636
[76,    23] loss: 1.1748 acc: 84.7826
[76,    24] loss: 0.3563 acc: 85.4167
[76,    25] loss: 0.3362 acc: 86.0000
[76,    26] loss: 0.2926 acc: 86.5385
[76,    27] loss: 0.3855 acc: 87.0370
[76,    28] loss: 0.7052 acc: 86.6071
[76,    29] loss: 0.7826 acc: 86.2069
[76,    30] loss: 0.4709 acc: 86.6667
[76,    31] loss: 0.3396 acc: 87.0968
[76,    32] loss: 0.9138 acc: 86.7188
[77,     1] loss: 0.9916 acc: 75.0000
[77,     2] loss: 0.9967 acc: 62.5000
[77,     3] loss: 0.4316 acc: 66.6667
[77,     4] loss: 0.1820 acc: 75.0000
[77,     5] loss: 0.5961 acc: 80.0000
[77,     6] loss: 0.4471 acc: 83.3333
[77,     7] loss: 0.2679 acc: 85.7143
[77,     8] loss: 0.8218 acc: 84.3750
[77,     9] loss: 0.8407 acc: 80.5556
[77,    10] loss: 0.2394 acc: 82.5000
[77,    11] loss: 0.3701 acc: 84.0909
[77,    12] loss: 0.4317 acc: 85.4167
[77,    13] loss: 0.6883 acc: 84.6154
[77,    14] loss: 0.9997 acc: 83.9286
[77,    15] loss: 0.8792 acc: 81.6667
[77,    16] loss: 0.9796 acc: 81.2500
[77,    17] loss: 0.3329 acc: 82.3529
[77,    18] loss: 0.7503 acc: 83.3333
[77,    19] loss: 0.9891 acc: 82.8947
[77,    20] loss: 0.1688 acc: 83.7500
[77,    21] loss: 0.7932 acc: 84.5238
[77,    22] loss: 0.2468 acc: 85.2273
[77,    23] loss: 0.3149 acc: 85.8696
[77,    24] loss: 0.2901 acc: 86.4583
[77,    25] loss: 0.4414 acc: 86.0000
[77,    26] loss: 0.2460 acc: 86.5385
[77,    27] loss: 0.7474 acc: 86.1111
[77,    28] loss: 0.5619 acc: 86.6071
[77,    29] loss: 1.5548 acc: 85.3448
[77,    30] loss: 0.6518 acc: 85.0000
[77,    31] loss: 0.4104 acc: 85.4839
[77,    32] loss: 1.0711 acc: 84.3750
[78,     1] loss: 0.6028 acc: 100.0000
[78,     2] loss: 0.8160 acc: 87.5000
[78,     3] loss: 0.2481 acc: 91.6667
[78,     4] loss: 0.3740 acc: 87.5000
[78,     5] loss: 0.3956 acc: 90.0000
[78,     6] loss: 0.5872 acc: 91.6667
[78,     7] loss: 0.4161 acc: 92.8571
[78,     8] loss: 0.3787 acc: 93.7500
[78,     9] loss: 1.0082 acc: 91.6667
[78,    10] loss: 0.4983 acc: 92.5000
[78,    11] loss: 0.4578 acc: 93.1818
[78,    12] loss: 0.7589 acc: 91.6667
[78,    13] loss: 1.0088 acc: 90.3846
[78,    14] loss: 0.6239 acc: 89.2857
[78,    15] loss: 0.6236 acc: 90.0000
[78,    16] loss: 0.7080 acc: 89.0625
[78,    17] loss: 0.3637 acc: 89.7059
[78,    18] loss: 0.9549 acc: 88.8889
[78,    19] loss: 0.2046 acc: 89.4737
[78,    20] loss: 0.9588 acc: 88.7500
[78,    21] loss: 0.3417 acc: 89.2857
[78,    22] loss: 0.2899 acc: 89.7727
[78,    23] loss: 0.6388 acc: 89.1304
[78,    24] loss: 1.2602 acc: 87.5000
[78,    25] loss: 0.4594 acc: 88.0000
[78,    26] loss: 0.8229 acc: 87.5000
[78,    27] loss: 1.5297 acc: 85.1852
[78,    28] loss: 1.1823 acc: 83.9286
[78,    29] loss: 0.3869 acc: 84.4828
[78,    30] loss: 0.3213 acc: 85.0000
[78,    31] loss: 0.2145 acc: 85.4839
[78,    32] loss: 0.3809 acc: 85.9375
[79,     1] loss: 0.9889 acc: 75.0000
[79,     2] loss: 0.2930 acc: 87.5000
[79,     3] loss: 0.9158 acc: 83.3333
[79,     4] loss: 0.9037 acc: 75.0000
[79,     5] loss: 0.7517 acc: 75.0000
[79,     6] loss: 0.4605 acc: 79.1667
[79,     7] loss: 0.3932 acc: 82.1429
[79,     8] loss: 0.5323 acc: 84.3750
[79,     9] loss: 0.8502 acc: 80.5556
[79,    10] loss: 0.2783 acc: 82.5000
[79,    11] loss: 0.6505 acc: 81.8182
[79,    12] loss: 0.6852 acc: 81.2500
[79,    13] loss: 0.6926 acc: 82.6923
[79,    14] loss: 0.6473 acc: 82.1429
[79,    15] loss: 0.5658 acc: 81.6667
[79,    16] loss: 1.3144 acc: 79.6875
[79,    17] loss: 0.3119 acc: 80.8824
[79,    18] loss: 0.2421 acc: 81.9444
[79,    19] loss: 0.4316 acc: 82.8947
[79,    20] loss: 0.9096 acc: 82.5000
[79,    21] loss: 0.4583 acc: 83.3333
[79,    22] loss: 0.2151 acc: 84.0909
[79,    23] loss: 1.2494 acc: 83.6957
[79,    24] loss: 0.2917 acc: 84.3750
[79,    25] loss: 0.4049 acc: 85.0000
[79,    26] loss: 0.6255 acc: 85.5769
[79,    27] loss: 0.8640 acc: 86.1111
[79,    28] loss: 0.7039 acc: 85.7143
[79,    29] loss: 0.6300 acc: 86.2069
[79,    30] loss: 0.7943 acc: 85.8333
[79,    31] loss: 0.3015 acc: 86.2903
[79,    32] loss: 0.6696 acc: 85.9375
[80,     1] loss: 0.5125 acc: 100.0000
[80,     2] loss: 0.5704 acc: 100.0000
[80,     3] loss: 0.6986 acc: 91.6667
[80,     4] loss: 0.6384 acc: 93.7500
[80,     5] loss: 0.3103 acc: 95.0000
[80,     6] loss: 0.6896 acc: 91.6667
[80,     7] loss: 1.0445 acc: 85.7143
[80,     8] loss: 0.9741 acc: 84.3750
[80,     9] loss: 0.1791 acc: 86.1111
[80,    10] loss: 0.7952 acc: 85.0000
[80,    11] loss: 0.6839 acc: 84.0909
[80,    12] loss: 0.2840 acc: 85.4167
[80,    13] loss: 0.7312 acc: 84.6154
[80,    14] loss: 0.3724 acc: 85.7143
[80,    15] loss: 1.1852 acc: 85.0000
[80,    16] loss: 0.7016 acc: 85.9375
[80,    17] loss: 0.3922 acc: 86.7647
[80,    18] loss: 0.9001 acc: 86.1111
[80,    19] loss: 0.3559 acc: 86.8421
[80,    20] loss: 0.9467 acc: 85.0000
[80,    21] loss: 1.4770 acc: 83.3333
[80,    22] loss: 1.0279 acc: 82.9545
[80,    23] loss: 0.3175 acc: 83.6957
[80,    24] loss: 0.3597 acc: 84.3750
[80,    25] loss: 0.2455 acc: 85.0000
[80,    26] loss: 0.4558 acc: 85.5769
[80,    27] loss: 0.7284 acc: 86.1111
[80,    28] loss: 0.7532 acc: 85.7143
[80,    29] loss: 0.9760 acc: 84.4828
[80,    30] loss: 0.5645 acc: 85.0000
[80,    31] loss: 0.8434 acc: 84.6774
[80,    32] loss: 0.6270 acc: 84.3750
[81,     1] loss: 0.7499 acc: 75.0000
[81,     2] loss: 0.4944 acc: 75.0000
[81,     3] loss: 0.4500 acc: 83.3333
[81,     4] loss: 0.3013 acc: 87.5000
[81,     5] loss: 0.2444 acc: 90.0000
[81,     6] loss: 0.3676 acc: 91.6667
[81,     7] loss: 0.5322 acc: 92.8571
[81,     8] loss: 0.6547 acc: 90.6250
[81,     9] loss: 1.0203 acc: 88.8889
[81,    10] loss: 0.8569 acc: 87.5000
[81,    11] loss: 0.8919 acc: 86.3636
[81,    12] loss: 1.6421 acc: 83.3333
[81,    13] loss: 0.6918 acc: 82.6923
[81,    14] loss: 0.5116 acc: 83.9286
[81,    15] loss: 0.8927 acc: 83.3333
[81,    16] loss: 0.5726 acc: 82.8125
[81,    17] loss: 0.8918 acc: 82.3529
[81,    18] loss: 1.0369 acc: 80.5556
[81,    19] loss: 1.0644 acc: 80.2632
[81,    20] loss: 0.7200 acc: 80.0000
[81,    21] loss: 0.6326 acc: 79.7619
[81,    22] loss: 0.2270 acc: 80.6818
[81,    23] loss: 0.7170 acc: 80.4348
[81,    24] loss: 0.7609 acc: 80.2083
[81,    25] loss: 0.6495 acc: 81.0000
[81,    26] loss: 0.6616 acc: 81.7308
[81,    27] loss: 0.4795 acc: 82.4074
[81,    28] loss: 0.6160 acc: 82.1429
[81,    29] loss: 1.0206 acc: 81.8966
[81,    30] loss: 0.4091 acc: 82.5000
[81,    31] loss: 0.7052 acc: 82.2581
[81,    32] loss: 0.2351 acc: 82.8125
[82,     1] loss: 0.3522 acc: 100.0000
[82,     2] loss: 0.9124 acc: 87.5000
[82,     3] loss: 0.2950 acc: 91.6667
[82,     4] loss: 0.2497 acc: 93.7500
[82,     5] loss: 0.5845 acc: 95.0000
[82,     6] loss: 0.5674 acc: 91.6667
[82,     7] loss: 0.8962 acc: 89.2857
[82,     8] loss: 0.1730 acc: 90.6250
[82,     9] loss: 1.5117 acc: 88.8889
[82,    10] loss: 0.5446 acc: 90.0000
[82,    11] loss: 0.7174 acc: 88.6364
[82,    12] loss: 0.2271 acc: 89.5833
[82,    13] loss: 0.7576 acc: 86.5385
[82,    14] loss: 1.1803 acc: 83.9286
[82,    15] loss: 0.8528 acc: 83.3333
[82,    16] loss: 1.1466 acc: 82.8125
[82,    17] loss: 1.8111 acc: 80.8824
[82,    18] loss: 0.9741 acc: 79.1667
[82,    19] loss: 0.9220 acc: 78.9474
[82,    20] loss: 0.5301 acc: 80.0000
[82,    21] loss: 1.2494 acc: 78.5714
[82,    22] loss: 0.7599 acc: 78.4091
[82,    23] loss: 0.8131 acc: 78.2609
[82,    24] loss: 0.5857 acc: 79.1667
[82,    25] loss: 0.2578 acc: 80.0000
[82,    26] loss: 0.9913 acc: 79.8077
[82,    27] loss: 1.2439 acc: 79.6296
[82,    28] loss: 0.9550 acc: 79.4643
[82,    29] loss: 0.4468 acc: 80.1724
[82,    30] loss: 1.1166 acc: 79.1667
[82,    31] loss: 0.2032 acc: 79.8387
[82,    32] loss: 0.6102 acc: 80.4688
[83,     1] loss: 0.2175 acc: 100.0000
[83,     2] loss: 0.3452 acc: 100.0000
[83,     3] loss: 0.2626 acc: 100.0000
[83,     4] loss: 1.3900 acc: 87.5000
[83,     5] loss: 1.1855 acc: 85.0000
[83,     6] loss: 0.4523 acc: 87.5000
[83,     7] loss: 0.2686 acc: 89.2857
[83,     8] loss: 0.6534 acc: 87.5000
[83,     9] loss: 0.3118 acc: 88.8889
[83,    10] loss: 0.4220 acc: 90.0000
[83,    11] loss: 0.8513 acc: 86.3636
[83,    12] loss: 1.0701 acc: 85.4167
[83,    13] loss: 0.4567 acc: 86.5385
[83,    14] loss: 0.4975 acc: 87.5000
[83,    15] loss: 0.2266 acc: 88.3333
[83,    16] loss: 0.9337 acc: 87.5000
[83,    17] loss: 0.5116 acc: 88.2353
[83,    18] loss: 1.4382 acc: 86.1111
[83,    19] loss: 0.3602 acc: 86.8421
[83,    20] loss: 0.4788 acc: 87.5000
[83,    21] loss: 0.4522 acc: 88.0952
[83,    22] loss: 0.2792 acc: 88.6364
[83,    23] loss: 0.3060 acc: 89.1304
[83,    24] loss: 0.2889 acc: 89.5833
[83,    25] loss: 0.9925 acc: 89.0000
[83,    26] loss: 0.5476 acc: 89.4231
[83,    27] loss: 0.1772 acc: 89.8148
[83,    28] loss: 0.1724 acc: 90.1786
[83,    29] loss: 1.5363 acc: 87.9310
[83,    30] loss: 0.2576 acc: 88.3333
[83,    31] loss: 0.5627 acc: 87.9032
[83,    32] loss: 0.4683 acc: 88.2812
[84,     1] loss: 0.8826 acc: 75.0000
[84,     2] loss: 0.5580 acc: 87.5000
[84,     3] loss: 0.3485 acc: 91.6667
[84,     4] loss: 0.9159 acc: 81.2500
[84,     5] loss: 1.1008 acc: 75.0000
[84,     6] loss: 0.6260 acc: 75.0000
[84,     7] loss: 0.4322 acc: 78.5714
[84,     8] loss: 0.6882 acc: 81.2500
[84,     9] loss: 0.4532 acc: 83.3333
[84,    10] loss: 0.7850 acc: 82.5000
[84,    11] loss: 0.7791 acc: 81.8182
[84,    12] loss: 0.3191 acc: 83.3333
[84,    13] loss: 0.5479 acc: 82.6923
[84,    14] loss: 0.6207 acc: 82.1429
[84,    15] loss: 1.0971 acc: 81.6667
[84,    16] loss: 0.6785 acc: 82.8125
[84,    17] loss: 0.2749 acc: 83.8235
[84,    18] loss: 0.6271 acc: 83.3333
[84,    19] loss: 1.6172 acc: 80.2632
[84,    20] loss: 0.2963 acc: 81.2500
[84,    21] loss: 0.1898 acc: 82.1429
[84,    22] loss: 0.4426 acc: 82.9545
[84,    23] loss: 0.3674 acc: 82.6087
[84,    24] loss: 0.8060 acc: 82.2917
[84,    25] loss: 0.3103 acc: 83.0000
[84,    26] loss: 1.0052 acc: 81.7308
[84,    27] loss: 0.4578 acc: 81.4815
[84,    28] loss: 0.9811 acc: 81.2500
[84,    29] loss: 0.6279 acc: 81.8966
[84,    30] loss: 0.2516 acc: 82.5000
[84,    31] loss: 0.2327 acc: 83.0645
[84,    32] loss: 0.5566 acc: 82.8125
[85,     1] loss: 0.4608 acc: 100.0000
[85,     2] loss: 0.7782 acc: 87.5000
[85,     3] loss: 0.5741 acc: 91.6667
[85,     4] loss: 0.5305 acc: 93.7500
[85,     5] loss: 1.0368 acc: 90.0000
[85,     6] loss: 0.4129 acc: 91.6667
[85,     7] loss: 0.4499 acc: 92.8571
[85,     8] loss: 1.0638 acc: 87.5000
[85,     9] loss: 0.3086 acc: 88.8889
[85,    10] loss: 0.7402 acc: 87.5000
[85,    11] loss: 0.3021 acc: 88.6364
[85,    12] loss: 0.1974 acc: 89.5833
[85,    13] loss: 0.6467 acc: 88.4615
[85,    14] loss: 0.4315 acc: 89.2857
[85,    15] loss: 0.5644 acc: 88.3333
[85,    16] loss: 0.3220 acc: 89.0625
[85,    17] loss: 0.5695 acc: 89.7059
[85,    18] loss: 0.2938 acc: 90.2778
[85,    19] loss: 0.3931 acc: 90.7895
[85,    20] loss: 2.0129 acc: 88.7500
[85,    21] loss: 0.4468 acc: 89.2857
[85,    22] loss: 0.7244 acc: 88.6364
[85,    23] loss: 0.7939 acc: 88.0435
[85,    24] loss: 0.8309 acc: 87.5000
[85,    25] loss: 0.2465 acc: 88.0000
[85,    26] loss: 1.1858 acc: 86.5385
[85,    27] loss: 0.6641 acc: 87.0370
[85,    28] loss: 0.7505 acc: 86.6071
[85,    29] loss: 1.1344 acc: 85.3448
[85,    30] loss: 0.4354 acc: 85.8333
[85,    31] loss: 0.5096 acc: 86.2903
[85,    32] loss: 1.0945 acc: 85.9375
[86,     1] loss: 0.7976 acc: 75.0000
[86,     2] loss: 0.5304 acc: 87.5000
[86,     3] loss: 0.3732 acc: 91.6667
[86,     4] loss: 0.7350 acc: 81.2500
[86,     5] loss: 0.1692 acc: 85.0000
[86,     6] loss: 0.2196 acc: 87.5000
[86,     7] loss: 0.3539 acc: 89.2857
[86,     8] loss: 0.6765 acc: 87.5000
[86,     9] loss: 0.8625 acc: 86.1111
[86,    10] loss: 0.2708 acc: 87.5000
[86,    11] loss: 1.1988 acc: 86.3636
[86,    12] loss: 0.4637 acc: 85.4167
[86,    13] loss: 0.2080 acc: 86.5385
[86,    14] loss: 0.6019 acc: 87.5000
[86,    15] loss: 0.2966 acc: 88.3333
[86,    16] loss: 0.7122 acc: 87.5000
[86,    17] loss: 0.2737 acc: 88.2353
[86,    18] loss: 0.5234 acc: 88.8889
[86,    19] loss: 0.4498 acc: 89.4737
[86,    20] loss: 0.3995 acc: 90.0000
[86,    21] loss: 0.5862 acc: 89.2857
[86,    22] loss: 0.8352 acc: 88.6364
[86,    23] loss: 0.5036 acc: 88.0435
[86,    24] loss: 0.6244 acc: 88.5417
[86,    25] loss: 1.1001 acc: 87.0000
[86,    26] loss: 0.5730 acc: 86.5385
[86,    27] loss: 0.3677 acc: 87.0370
[86,    28] loss: 0.5687 acc: 86.6071
[86,    29] loss: 1.2509 acc: 85.3448
[86,    30] loss: 0.9552 acc: 85.0000
[86,    31] loss: 0.2159 acc: 85.4839
[86,    32] loss: 0.5529 acc: 85.1562
[87,     1] loss: 0.8170 acc: 75.0000
[87,     2] loss: 0.7909 acc: 75.0000
[87,     3] loss: 0.6751 acc: 75.0000
[87,     4] loss: 0.6158 acc: 81.2500
[87,     5] loss: 1.7973 acc: 75.0000
[87,     6] loss: 0.3907 acc: 79.1667
[87,     7] loss: 0.6715 acc: 82.1429
[87,     8] loss: 0.5010 acc: 84.3750
[87,     9] loss: 0.7465 acc: 83.3333
[87,    10] loss: 1.2256 acc: 80.0000
[87,    11] loss: 0.3765 acc: 81.8182
[87,    12] loss: 0.4062 acc: 83.3333
[87,    13] loss: 0.5854 acc: 82.6923
[87,    14] loss: 0.6754 acc: 82.1429
[87,    15] loss: 0.2446 acc: 83.3333
[87,    16] loss: 1.2080 acc: 82.8125
[87,    17] loss: 0.7606 acc: 82.3529
[87,    18] loss: 0.2732 acc: 83.3333
[87,    19] loss: 0.9666 acc: 82.8947
[87,    20] loss: 0.4182 acc: 83.7500
[87,    21] loss: 0.6935 acc: 83.3333
[87,    22] loss: 0.2832 acc: 84.0909
[87,    23] loss: 0.4240 acc: 84.7826
[87,    24] loss: 1.4347 acc: 83.3333
[87,    25] loss: 0.3215 acc: 84.0000
[87,    26] loss: 0.1885 acc: 84.6154
[87,    27] loss: 0.6179 acc: 85.1852
[87,    28] loss: 0.8780 acc: 84.8214
[87,    29] loss: 0.7757 acc: 84.4828
[87,    30] loss: 0.7750 acc: 84.1667
[87,    31] loss: 0.4056 acc: 84.6774
[87,    32] loss: 0.7863 acc: 84.3750
[88,     1] loss: 0.4221 acc: 100.0000
[88,     2] loss: 0.4000 acc: 100.0000
[88,     3] loss: 1.0510 acc: 83.3333
[88,     4] loss: 0.5949 acc: 87.5000
[88,     5] loss: 1.0482 acc: 80.0000
[88,     6] loss: 0.5295 acc: 79.1667
[88,     7] loss: 0.1397 acc: 82.1429
[88,     8] loss: 0.6800 acc: 81.2500
[88,     9] loss: 0.8919 acc: 80.5556
[88,    10] loss: 0.8672 acc: 80.0000
[88,    11] loss: 1.0501 acc: 79.5455
[88,    12] loss: 0.4098 acc: 81.2500
[88,    13] loss: 0.2822 acc: 82.6923
[88,    14] loss: 1.0392 acc: 82.1429
[88,    15] loss: 0.8380 acc: 81.6667
[88,    16] loss: 0.8765 acc: 81.2500
[88,    17] loss: 0.4880 acc: 80.8824
[88,    18] loss: 0.9280 acc: 80.5556
[88,    19] loss: 1.0648 acc: 78.9474
[88,    20] loss: 0.4391 acc: 80.0000
[88,    21] loss: 0.6076 acc: 79.7619
[88,    22] loss: 0.4417 acc: 80.6818
[88,    23] loss: 0.6560 acc: 80.4348
[88,    24] loss: 0.4634 acc: 81.2500
[88,    25] loss: 0.3481 acc: 82.0000
[88,    26] loss: 0.3064 acc: 82.6923
[88,    27] loss: 0.5113 acc: 83.3333
[88,    28] loss: 0.9989 acc: 83.0357
[88,    29] loss: 0.7313 acc: 83.6207
[88,    30] loss: 0.5811 acc: 84.1667
[88,    31] loss: 1.3985 acc: 83.0645
[88,    32] loss: 0.8809 acc: 82.8125
[89,     1] loss: 0.1629 acc: 100.0000
[89,     2] loss: 0.3521 acc: 100.0000
[89,     3] loss: 0.5646 acc: 91.6667
[89,     4] loss: 0.4477 acc: 93.7500
[89,     5] loss: 0.6563 acc: 90.0000
[89,     6] loss: 0.4635 acc: 91.6667
[89,     7] loss: 0.2913 acc: 92.8571
[89,     8] loss: 0.6799 acc: 93.7500
[89,     9] loss: 0.2601 acc: 94.4444
[89,    10] loss: 0.8995 acc: 92.5000
[89,    11] loss: 0.5677 acc: 93.1818
[89,    12] loss: 0.6043 acc: 93.7500
[89,    13] loss: 0.2447 acc: 94.2308
[89,    14] loss: 0.3053 acc: 94.6429
[89,    15] loss: 0.4446 acc: 95.0000
[89,    16] loss: 0.7404 acc: 93.7500
[89,    17] loss: 0.7454 acc: 91.1765
[89,    18] loss: 0.4872 acc: 90.2778
[89,    19] loss: 1.8419 acc: 88.1579
[89,    20] loss: 0.3454 acc: 88.7500
[89,    21] loss: 0.4275 acc: 88.0952
[89,    22] loss: 0.3595 acc: 88.6364
[89,    23] loss: 0.8282 acc: 88.0435
[89,    24] loss: 1.0977 acc: 87.5000
[89,    25] loss: 0.8448 acc: 88.0000
[89,    26] loss: 0.3573 acc: 88.4615
[89,    27] loss: 0.1568 acc: 88.8889
[89,    28] loss: 0.4522 acc: 89.2857
[89,    29] loss: 0.6948 acc: 88.7931
[89,    30] loss: 1.1457 acc: 87.5000
[89,    31] loss: 1.2933 acc: 86.2903
[89,    32] loss: 0.9933 acc: 85.9375
[90,     1] loss: 0.5254 acc: 75.0000
[90,     2] loss: 0.2123 acc: 87.5000
[90,     3] loss: 0.9383 acc: 83.3333
[90,     4] loss: 0.8066 acc: 81.2500
[90,     5] loss: 0.5499 acc: 85.0000
[90,     6] loss: 1.4947 acc: 75.0000
[90,     7] loss: 0.8181 acc: 75.0000
[90,     8] loss: 0.4765 acc: 78.1250
[90,     9] loss: 0.8971 acc: 77.7778
[90,    10] loss: 1.4051 acc: 75.0000
[90,    11] loss: 0.2403 acc: 77.2727
[90,    12] loss: 0.7101 acc: 79.1667
[90,    13] loss: 0.4409 acc: 78.8462
[90,    14] loss: 0.5032 acc: 78.5714
[90,    15] loss: 0.8729 acc: 78.3333
[90,    16] loss: 0.7721 acc: 79.6875
[90,    17] loss: 0.3023 acc: 80.8824
[90,    18] loss: 0.4204 acc: 81.9444
[90,    19] loss: 0.1707 acc: 82.8947
[90,    20] loss: 0.2973 acc: 83.7500
[90,    21] loss: 0.8385 acc: 83.3333
[90,    22] loss: 0.3316 acc: 84.0909
[90,    23] loss: 0.2789 acc: 84.7826
[90,    24] loss: 0.6402 acc: 85.4167
[90,    25] loss: 0.2099 acc: 86.0000
[90,    26] loss: 0.8706 acc: 85.5769
[90,    27] loss: 0.2414 acc: 86.1111
[90,    28] loss: 0.4079 acc: 86.6071
[90,    29] loss: 2.0691 acc: 85.3448
[90,    30] loss: 0.6965 acc: 85.0000
[90,    31] loss: 1.0581 acc: 84.6774
[90,    32] loss: 0.9966 acc: 83.5938
[91,     1] loss: 0.3919 acc: 100.0000
[91,     2] loss: 0.9769 acc: 87.5000
[91,     3] loss: 0.5473 acc: 91.6667
[91,     4] loss: 0.2294 acc: 93.7500
[91,     5] loss: 0.9559 acc: 90.0000
[91,     6] loss: 0.7933 acc: 91.6667
[91,     7] loss: 0.8080 acc: 89.2857
[91,     8] loss: 0.4556 acc: 90.6250
[91,     9] loss: 0.3687 acc: 91.6667
[91,    10] loss: 0.5503 acc: 90.0000
[91,    11] loss: 0.2920 acc: 90.9091
[91,    12] loss: 0.1536 acc: 91.6667
[91,    13] loss: 0.4220 acc: 92.3077
[91,    14] loss: 0.2124 acc: 92.8571
[91,    15] loss: 0.2206 acc: 93.3333
[91,    16] loss: 0.5188 acc: 93.7500
[91,    17] loss: 0.1682 acc: 94.1176
[91,    18] loss: 0.9292 acc: 91.6667
[91,    19] loss: 0.2111 acc: 92.1053
[91,    20] loss: 0.2754 acc: 92.5000
[91,    21] loss: 0.4297 acc: 92.8571
[91,    22] loss: 0.3088 acc: 93.1818
[91,    23] loss: 0.8382 acc: 92.3913
[91,    24] loss: 0.3041 acc: 92.7083
[91,    25] loss: 1.5665 acc: 92.0000
[91,    26] loss: 0.3046 acc: 92.3077
[91,    27] loss: 0.1760 acc: 92.5926
[91,    28] loss: 0.4628 acc: 92.8571
[91,    29] loss: 0.6035 acc: 93.1034
[91,    30] loss: 1.1062 acc: 91.6667
[91,    31] loss: 0.4320 acc: 91.9355
[91,    32] loss: 0.3777 acc: 92.1875
[92,     1] loss: 1.4373 acc: 50.0000
[92,     2] loss: 0.2973 acc: 75.0000
[92,     3] loss: 0.5695 acc: 75.0000
[92,     4] loss: 0.4230 acc: 81.2500
[92,     5] loss: 0.9384 acc: 75.0000
[92,     6] loss: 0.3685 acc: 79.1667
[92,     7] loss: 1.0701 acc: 75.0000
[92,     8] loss: 1.5740 acc: 71.8750
[92,     9] loss: 0.7384 acc: 72.2222
[92,    10] loss: 0.4601 acc: 75.0000
[92,    11] loss: 0.5578 acc: 75.0000
[92,    12] loss: 0.6436 acc: 77.0833
[92,    13] loss: 0.2339 acc: 78.8462
[92,    14] loss: 0.3416 acc: 80.3571
[92,    15] loss: 0.4346 acc: 81.6667
[92,    16] loss: 0.4962 acc: 82.8125
[92,    17] loss: 0.9128 acc: 82.3529
[92,    18] loss: 0.4609 acc: 81.9444
[92,    19] loss: 0.9242 acc: 81.5789
[92,    20] loss: 0.2842 acc: 82.5000
[92,    21] loss: 1.0155 acc: 82.1429
[92,    22] loss: 0.1802 acc: 82.9545
[92,    23] loss: 0.7299 acc: 83.6957
[92,    24] loss: 1.0875 acc: 82.2917
[92,    25] loss: 0.5066 acc: 83.0000
[92,    26] loss: 0.1617 acc: 83.6538
[92,    27] loss: 0.8414 acc: 83.3333
[92,    28] loss: 1.8512 acc: 82.1429
[92,    29] loss: 0.1391 acc: 82.7586
[92,    30] loss: 0.5820 acc: 82.5000
[92,    31] loss: 0.9692 acc: 82.2581
[92,    32] loss: 0.3615 acc: 82.8125
[93,     1] loss: 0.5296 acc: 100.0000
[93,     2] loss: 0.2803 acc: 100.0000
[93,     3] loss: 0.4436 acc: 100.0000
[93,     4] loss: 0.7902 acc: 93.7500
[93,     5] loss: 0.2402 acc: 95.0000
[93,     6] loss: 0.4795 acc: 95.8333
[93,     7] loss: 0.3650 acc: 96.4286
[93,     8] loss: 0.5566 acc: 96.8750
[93,     9] loss: 1.8713 acc: 91.6667
[93,    10] loss: 1.1885 acc: 90.0000
[93,    11] loss: 0.8918 acc: 88.6364
[93,    12] loss: 1.5357 acc: 87.5000
[93,    13] loss: 0.4190 acc: 88.4615
[93,    14] loss: 0.2243 acc: 89.2857
[93,    15] loss: 0.1983 acc: 90.0000
[93,    16] loss: 0.6858 acc: 87.5000
[93,    17] loss: 0.7859 acc: 86.7647
[93,    18] loss: 0.8931 acc: 84.7222
[93,    19] loss: 0.2796 acc: 85.5263
[93,    20] loss: 0.6538 acc: 85.0000
[93,    21] loss: 0.6156 acc: 84.5238
[93,    22] loss: 0.9477 acc: 82.9545
[93,    23] loss: 0.6043 acc: 82.6087
[93,    24] loss: 1.2663 acc: 82.2917
[93,    25] loss: 0.9327 acc: 83.0000
[93,    26] loss: 0.3946 acc: 83.6538
[93,    27] loss: 0.2149 acc: 84.2593
[93,    28] loss: 0.8164 acc: 83.9286
[93,    29] loss: 1.3764 acc: 83.6207
[93,    30] loss: 0.6594 acc: 83.3333
[93,    31] loss: 0.4110 acc: 83.8710
[93,    32] loss: 0.3465 acc: 84.3750
[94,     1] loss: 0.1942 acc: 100.0000
[94,     2] loss: 0.2692 acc: 100.0000
[94,     3] loss: 0.7800 acc: 91.6667
[94,     4] loss: 0.4065 acc: 93.7500
[94,     5] loss: 0.2668 acc: 95.0000
[94,     6] loss: 0.3200 acc: 95.8333
[94,     7] loss: 0.5182 acc: 92.8571
[94,     8] loss: 0.8252 acc: 90.6250
[94,     9] loss: 1.2883 acc: 86.1111
[94,    10] loss: 0.2764 acc: 87.5000
[94,    11] loss: 0.1899 acc: 88.6364
[94,    12] loss: 0.2586 acc: 89.5833
[94,    13] loss: 0.6555 acc: 88.4615
[94,    14] loss: 0.4986 acc: 89.2857
[94,    15] loss: 0.9795 acc: 88.3333
[94,    16] loss: 0.5480 acc: 89.0625
[94,    17] loss: 0.5372 acc: 89.7059
[94,    18] loss: 0.2811 acc: 90.2778
[94,    19] loss: 0.3812 acc: 90.7895
[94,    20] loss: 0.3671 acc: 91.2500
[94,    21] loss: 0.3218 acc: 91.6667
[94,    22] loss: 0.3149 acc: 92.0455
[94,    23] loss: 0.2392 acc: 92.3913
[94,    24] loss: 0.3873 acc: 92.7083
[94,    25] loss: 0.5751 acc: 92.0000
[94,    26] loss: 1.0129 acc: 91.3462
[94,    27] loss: 0.7148 acc: 90.7407
[94,    28] loss: 1.2251 acc: 89.2857
[94,    29] loss: 0.3286 acc: 89.6552
[94,    30] loss: 0.3918 acc: 90.0000
[94,    31] loss: 1.8323 acc: 87.9032
[94,    32] loss: 0.3969 acc: 88.2812
[95,     1] loss: 0.9283 acc: 50.0000
[95,     2] loss: 0.4331 acc: 75.0000
[95,     3] loss: 0.4259 acc: 83.3333
[95,     4] loss: 0.4934 acc: 87.5000
[95,     5] loss: 0.3401 acc: 90.0000
[95,     6] loss: 0.7628 acc: 87.5000
[95,     7] loss: 0.2560 acc: 89.2857
[95,     8] loss: 0.7646 acc: 87.5000
[95,     9] loss: 0.2679 acc: 88.8889
[95,    10] loss: 0.2135 acc: 90.0000
[95,    11] loss: 0.7277 acc: 88.6364
[95,    12] loss: 0.2312 acc: 89.5833
[95,    13] loss: 0.4885 acc: 88.4615
[95,    14] loss: 1.1644 acc: 85.7143
[95,    15] loss: 1.5779 acc: 81.6667
[95,    16] loss: 0.5362 acc: 82.8125
[95,    17] loss: 0.7698 acc: 82.3529
[95,    18] loss: 0.7724 acc: 81.9444
[95,    19] loss: 0.9097 acc: 81.5789
[95,    20] loss: 0.6634 acc: 81.2500
[95,    21] loss: 0.9361 acc: 79.7619
[95,    22] loss: 0.9393 acc: 79.5455
[95,    23] loss: 0.3972 acc: 80.4348
[95,    24] loss: 0.6280 acc: 80.2083
[95,    25] loss: 0.7120 acc: 80.0000
[95,    26] loss: 0.4053 acc: 80.7692
[95,    27] loss: 0.6159 acc: 81.4815
[95,    28] loss: 0.3045 acc: 82.1429
[95,    29] loss: 0.2457 acc: 82.7586
[95,    30] loss: 0.4281 acc: 83.3333
[95,    31] loss: 0.9074 acc: 83.0645
[95,    32] loss: 0.2137 acc: 83.5938
[96,     1] loss: 0.2210 acc: 100.0000
[96,     2] loss: 1.0689 acc: 75.0000
[96,     3] loss: 0.7530 acc: 75.0000
[96,     4] loss: 0.8418 acc: 75.0000
[96,     5] loss: 0.2287 acc: 80.0000
[96,     6] loss: 0.3445 acc: 83.3333
[96,     7] loss: 0.8693 acc: 82.1429
[96,     8] loss: 0.3047 acc: 84.3750
[96,     9] loss: 0.6543 acc: 83.3333
[96,    10] loss: 0.2350 acc: 85.0000
[96,    11] loss: 0.3464 acc: 86.3636
[96,    12] loss: 1.0651 acc: 83.3333
[96,    13] loss: 1.8339 acc: 80.7692
[96,    14] loss: 0.7251 acc: 80.3571
[96,    15] loss: 1.1721 acc: 78.3333
[96,    16] loss: 0.4448 acc: 79.6875
[96,    17] loss: 0.2137 acc: 80.8824
[96,    18] loss: 0.2160 acc: 81.9444
[96,    19] loss: 0.3081 acc: 82.8947
[96,    20] loss: 0.7126 acc: 82.5000
[96,    21] loss: 0.2955 acc: 83.3333
[96,    22] loss: 0.3898 acc: 84.0909
[96,    23] loss: 0.5764 acc: 84.7826
[96,    24] loss: 0.7843 acc: 84.3750
[96,    25] loss: 0.5913 acc: 84.0000
[96,    26] loss: 0.9966 acc: 82.6923
[96,    27] loss: 0.6315 acc: 83.3333
[96,    28] loss: 0.3966 acc: 83.9286
[96,    29] loss: 0.2098 acc: 84.4828
[96,    30] loss: 0.4194 acc: 85.0000
[96,    31] loss: 1.3985 acc: 83.8710
[96,    32] loss: 0.1952 acc: 84.3750
[97,     1] loss: 1.0271 acc: 75.0000
[97,     2] loss: 0.2207 acc: 87.5000
[97,     3] loss: 0.3947 acc: 83.3333
[97,     4] loss: 1.2425 acc: 75.0000
[97,     5] loss: 0.2621 acc: 80.0000
[97,     6] loss: 0.5093 acc: 83.3333
[97,     7] loss: 0.3156 acc: 85.7143
[97,     8] loss: 1.2141 acc: 81.2500
[97,     9] loss: 0.8489 acc: 80.5556
[97,    10] loss: 0.6887 acc: 80.0000
[97,    11] loss: 0.1767 acc: 81.8182
[97,    12] loss: 0.4094 acc: 83.3333
[97,    13] loss: 0.4837 acc: 84.6154
[97,    14] loss: 0.6074 acc: 83.9286
[97,    15] loss: 0.9410 acc: 83.3333
[97,    16] loss: 0.8488 acc: 82.8125
[97,    17] loss: 0.2147 acc: 83.8235
[97,    18] loss: 0.3771 acc: 84.7222
[97,    19] loss: 0.8640 acc: 82.8947
[97,    20] loss: 0.4625 acc: 82.5000
[97,    21] loss: 0.9191 acc: 82.1429
[97,    22] loss: 0.5787 acc: 81.8182
[97,    23] loss: 0.4470 acc: 82.6087
[97,    24] loss: 0.7050 acc: 82.2917
[97,    25] loss: 0.5060 acc: 83.0000
[97,    26] loss: 0.9425 acc: 82.6923
[97,    27] loss: 0.6243 acc: 83.3333
[97,    28] loss: 0.9748 acc: 83.0357
[97,    29] loss: 0.5986 acc: 83.6207
[97,    30] loss: 1.0611 acc: 83.3333
[97,    31] loss: 1.6953 acc: 82.2581
[97,    32] loss: 0.1661 acc: 82.8125
[98,     1] loss: 0.3576 acc: 100.0000
[98,     2] loss: 0.5289 acc: 100.0000
[98,     3] loss: 0.3040 acc: 100.0000
[98,     4] loss: 0.1579 acc: 100.0000
[98,     5] loss: 1.1828 acc: 90.0000
[98,     6] loss: 0.2431 acc: 91.6667
[98,     7] loss: 0.7517 acc: 89.2857
[98,     8] loss: 0.4866 acc: 87.5000
[98,     9] loss: 0.8462 acc: 86.1111
[98,    10] loss: 0.5762 acc: 85.0000
[98,    11] loss: 0.2029 acc: 86.3636
[98,    12] loss: 1.6653 acc: 83.3333
[98,    13] loss: 0.1495 acc: 84.6154
[98,    14] loss: 0.1933 acc: 85.7143
[98,    15] loss: 0.4643 acc: 86.6667
[98,    16] loss: 0.6944 acc: 85.9375
[98,    17] loss: 0.6988 acc: 83.8235
[98,    18] loss: 1.7179 acc: 81.9444
[98,    19] loss: 0.3889 acc: 82.8947
[98,    20] loss: 0.3446 acc: 83.7500
[98,    21] loss: 0.6108 acc: 83.3333
[98,    22] loss: 0.4822 acc: 82.9545
[98,    23] loss: 0.4006 acc: 83.6957
[98,    24] loss: 2.4598 acc: 81.2500
[98,    25] loss: 0.1609 acc: 82.0000
[98,    26] loss: 0.4530 acc: 82.6923
[98,    27] loss: 0.8209 acc: 82.4074
[98,    28] loss: 0.4549 acc: 83.0357
[98,    29] loss: 1.0357 acc: 82.7586
[98,    30] loss: 0.4736 acc: 83.3333
[98,    31] loss: 0.4421 acc: 83.8710
[98,    32] loss: 0.3543 acc: 83.5938
[99,     1] loss: 0.2969 acc: 100.0000
[99,     2] loss: 0.2891 acc: 100.0000
[99,     3] loss: 1.3996 acc: 91.6667
[99,     4] loss: 0.2954 acc: 93.7500
[99,     5] loss: 0.1735 acc: 95.0000
[99,     6] loss: 0.8181 acc: 91.6667
[99,     7] loss: 0.7925 acc: 89.2857
[99,     8] loss: 2.0627 acc: 84.3750
[99,     9] loss: 0.3422 acc: 86.1111
[99,    10] loss: 0.2499 acc: 87.5000
[99,    11] loss: 1.4090 acc: 84.0909
[99,    12] loss: 0.1393 acc: 85.4167
[99,    13] loss: 1.1875 acc: 82.6923
[99,    14] loss: 0.2560 acc: 83.9286
[99,    15] loss: 0.4610 acc: 85.0000
[99,    16] loss: 0.2393 acc: 85.9375
[99,    17] loss: 0.2834 acc: 86.7647
[99,    18] loss: 0.4123 acc: 87.5000
[99,    19] loss: 1.1203 acc: 86.8421
[99,    20] loss: 0.6560 acc: 86.2500
[99,    21] loss: 0.6105 acc: 86.9048
[99,    22] loss: 0.7318 acc: 86.3636
[99,    23] loss: 0.6279 acc: 85.8696
[99,    24] loss: 0.9845 acc: 85.4167
[99,    25] loss: 0.2659 acc: 86.0000
[99,    26] loss: 0.3096 acc: 86.5385
[99,    27] loss: 0.6827 acc: 86.1111
[99,    28] loss: 1.7663 acc: 84.8214
[99,    29] loss: 0.6419 acc: 84.4828
[99,    30] loss: 0.5765 acc: 85.0000
[99,    31] loss: 0.6914 acc: 84.6774
[99,    32] loss: 0.4712 acc: 85.1562
[100,     1] loss: 1.8186 acc: 50.0000
[100,     2] loss: 0.3916 acc: 62.5000
[100,     3] loss: 0.3254 acc: 75.0000
[100,     4] loss: 0.2180 acc: 81.2500
[100,     5] loss: 1.6736 acc: 75.0000
[100,     6] loss: 0.5526 acc: 75.0000
[100,     7] loss: 0.7442 acc: 71.4286
[100,     8] loss: 0.4345 acc: 71.8750
[100,     9] loss: 0.1866 acc: 75.0000
[100,    10] loss: 0.3287 acc: 77.5000
[100,    11] loss: 0.4776 acc: 79.5455
[100,    12] loss: 0.6646 acc: 79.1667
[100,    13] loss: 0.1479 acc: 80.7692
[100,    14] loss: 0.6549 acc: 80.3571
[100,    15] loss: 0.4350 acc: 81.6667
[100,    16] loss: 0.4945 acc: 82.8125
[100,    17] loss: 0.5075 acc: 83.8235
[100,    18] loss: 0.1787 acc: 84.7222
[100,    19] loss: 0.9191 acc: 81.5789
[100,    20] loss: 0.6314 acc: 82.5000
[100,    21] loss: 0.8459 acc: 82.1429
[100,    22] loss: 0.4174 acc: 82.9545
[100,    23] loss: 0.8014 acc: 82.6087
[100,    24] loss: 0.5672 acc: 82.2917
[100,    25] loss: 0.2412 acc: 83.0000
[100,    26] loss: 0.5551 acc: 83.6538
[100,    27] loss: 0.8571 acc: 82.4074
[100,    28] loss: 0.4713 acc: 82.1429
[100,    29] loss: 0.5727 acc: 81.8966
[100,    30] loss: 0.8177 acc: 81.6667
[100,    31] loss: 0.3015 acc: 82.2581
[100,    32] loss: 0.5212 acc: 82.8125
81.8452380952381
